사고번호,사고일시,요일,시군구,사고내용,사망자수,중상자수,경상자수,부상신고자수,사고유형,법규위반,노면상태,기상상태,도로형태,가해운전자 차종,가해운전자 성별,가해운전자 연령,가해운전자 상해정도,피해운전자 차종,피해운전자 성별,피해운전자 연령,피해운전자 상해정도
2017011400100583,2017년 1월 14일 23시,토요일,전라북도 전주시 완산구 효자동3가,경상사고,0,0,2,0,차대차 - 측면충돌,안전운전불이행,건조,맑음,교차로 - 교차로부근,승용,남,39세,상해없음,승용,남,28세,상해없음
2017011400100584,2017년 1월 14일 23시,토요일,전라북도 남원시 금동,경상사고,0,0,4,0,차대차 - 측면충돌,중앙선침범,건조,맑음,단일로 - 기타,화물,남,55세,기타불명,승용,여,53세,경상
2017011500100030,2017년 1월 15일 01시,일요일,전라북도 전주시 덕진구 금암동,경상사고,0,0,1,0,차대차 - 추돌,안전운전불이행,건조,맑음,단일로 - 기타,승용,남,55세,상해없음,이륜,남,32세,경상
2017011500100094,2017년 1월 15일 07시,일요일,전라북도 전주시 덕진구 팔복동2가,사망사고,1,0,0,0,차대사람 - 횡단중,보행자보호의무위반,건조,맑음,단일로 - 기타,승용,남,24세,상해없음,보행자,여,59세,사망
2017011500100184,2017년 1월 15일 12시,일요일,전라북도 익산시 어양동,경상사고,0,0,1,0,차대차 - 측면충돌,중앙선침범,건조,맑음,단일로 - 기타,승용,남,50세,상해없음,원동기,남,36세,경상
2017011500100208,2017년 1월 15일 13시,일요일,전라북도 전주시 완산구 전동,경상사고,0,0,1,0,차대사람 - 횡단중,안전운전불이행,건조,맑음,교차로 - 교차로부근,승합,남,36세,상해없음,보행자,남,78세,경상
2017011500100229,2017년 1월 15일 14시,일요일,전라북도 전주시 덕진구 금암동,경상사고,0,0,1,0,차대사람 - 횡단중,보행자보호의무위반,건조,맑음,교차로 - 교차로횡단보도내,기타불명,기타불명,미분류,기타불명,보행자,여,75세,경상
2017011500100341,2017년 1월 15일 18시,일요일,전라북도 군산시 금동,경상사고,0,0,2,0,차대차 - 측면충돌,중앙선침범,건조,흐림,단일로 - 기타,승용,남,25세,상해없음,승용,남,41세,경상
2017011500100379,2017년 1월 15일 19시,일요일,전라북도 익산시 신흥동,경상사고,0,0,3,0,차대차 - 추돌,안전운전불이행,건조,맑음,단일로 - 기타,승용,남,69세,상해없음,승용,남,29세,경상
2017011500100479,2017년 1월 15일 23시,일요일,전라북도 군산시 수송동,경상사고,0,0,1,0,차대사람 - 횡단중,보행자보호의무위반,건조,맑음,교차로 - 교차로횡단보도내,승용,남,69세,상해없음,보행자,남,18세,경상
2017011600100079,2017년 1월 16일 06시,월요일,전라북도 정읍시 시기동,중상사고,0,1,3,0,차대차 - 정면충돌,안전운전불이행,건조,맑음,교차로 - 교차로안,승합,남,60세,상해없음,승용,남,35세,경상
2017011600100106,2017년 1월 16일 07시,월요일,전라북도 장수군 번암면,사망사고,1,0,0,0,차대사람 - 횡단중,과속,기타,맑음,교차로 - 교차로안,승합,남,40세,상해없음,보행자,여,77세,사망
2017011600100149,2017년 1월 16일 08시,월요일,전라북도 익산시 용제동,경상사고,0,0,2,0,차대차 - 추돌,안전거리미확보,건조,맑음,교차로 - 교차로부근,승용,남,39세,경상,승용,여,38세,상해없음
2017011600100225,2017년 1월 16일 10시,월요일,전라북도 전주시 덕진구 금암동,경상사고,0,0,1,0,차대차 - 후진중충돌,안전운전불이행,건조,맑음,단일로 - 기타,승용,남,60세,상해없음,화물,남,48세,경상
2017011600100226,2017년 1월 16일 10시,월요일,전라북도 익산시 신흥동,경상사고,0,0,1,0,차대차 - 추돌,안전거리미확보,건조,맑음,교차로 - 교차로부근,화물,남,43세,상해없음,승용,여,66세,경상
2017011600100227,2017년 1월 16일 10시,월요일,전라북도 고창군 아산면,중상사고,0,1,1,0,차대차 - 측면충돌,신호위반,건조,맑음,교차로 - 교차로안,승용,여,52세,상해없음,승용,여,69세,경상
2017011600100259,2017년 1월 16일 11시,월요일,전라북도 익산시 함열읍,중상사고,0,3,0,0,차대차 - 측면충돌,중앙선침범,건조,맑음,단일로 - 기타,화물,남,30세,상해없음,화물,남,55세,중상
2017011600100260,2017년 1월 16일 11시,월요일,전라북도 익산시 영등동,중상사고,0,1,0,0,차대사람 - 횡단중,안전운전불이행,건조,맑음,단일로 - 기타,승용,여,28세,상해없음,보행자,여,59세,중상
2017011600100261,2017년 1월 16일 11시,월요일,전라북도 김제시 검산동,경상사고,0,0,2,0,차대차 - 추돌,안전운전불이행,건조,맑음,교차로 - 교차로안,승용,남,82세,상해없음,승용,남,36세,경상
2017011600100286,2017년 1월 16일 12시,월요일,전라북도 익산시 망성면,사망사고,1,0,1,0,차대차 - 측면충돌,신호위반,건조,맑음,교차로 - 교차로안,화물,남,31세,사망,승용,남,33세,경상
2017011600100287,2017년 1월 16일 12시,월요일,전라북도 정읍시 수성동,중상사고,0,1,0,0,차대차 - 측면충돌,안전운전불이행,건조,맑음,단일로 - 기타,승용,남,59세,상해없음,자전거,여,69세,중상
2017011600100352,2017년 1월 16일 14시,월요일,전라북도 전주시 완산구 효자동2가,경상사고,0,0,2,0,차대차 - 추돌,안전거리미확보,건조,맑음,교차로 - 교차로안,승용,남,49세,상해없음,승용,남,52세,상해없음
2017011600100353,2017년 1월 16일 14시,월요일,전라북도 김제시 요촌동,경상사고,0,0,1,0,차대차 - 측면충돌,안전운전불이행,건조,맑음,단일로 - 기타,승용,여,61세,경상,화물,여,63세,상해없음
2017011600100392,2017년 1월 16일 15시,월요일,전라북도 전주시 덕진구 송천동2가,경상사고,0,0,4,0,차대차 - 기타,안전운전불이행,건조,맑음,교차로 - 교차로안,건설기계,남,41세,상해없음,승용,남,48세,경상
2017011600100429,2017년 1월 16일 16시,월요일,전라북도 군산시 나운동,경상사고,0,0,3,0,차대차 - 측면충돌,신호위반,건조,맑음,교차로 - 교차로안,승용,남,23세,상해없음,승용,여,40세,경상
2017011600100505,2017년 1월 16일 18시,월요일,전라북도 전주시 덕진구 덕진동1가,경상사고,0,0,1,0,차대차 - 기타,안전운전불이행,건조,맑음,교차로 - 교차로부근,승용,남,47세,상해없음,승용,남,33세,경상
2017011600100634,2017년 1월 16일 21시,월요일,전라북도 익산시 부송동,경상사고,0,0,2,0,차대차 - 측면충돌,신호위반,건조,맑음,교차로 - 교차로안,승용,여,50세,상해없음,승용,남,44세,경상
2017011600100694,2017년 1월 16일 23시,월요일,전라북도 전주시 덕진구 진북동,경상사고,0,0,1,0,차대차 - 측면충돌,안전운전불이행,젖음/습기,맑음,교차로 - 교차로안,승용,남,34세,상해없음,원동기,남,36세,경상
2017011700100096,2017년 1월 17일 07시,화요일,전라북도 전주시 완산구 중화산동2가,중상사고,0,1,0,0,차대사람 - 차도통행중,안전운전불이행,건조,맑음,교차로 - 교차로안,승용,남,25세,상해없음,보행자,여,48세,중상
2017011700100129,2017년 1월 17일 08시,화요일,전라북도 익산시 용안면,중상사고,0,1,0,0,차대차 - 후진중충돌,안전운전불이행,건조,맑음,단일로 - 기타,승용,여,42세,상해없음,이륜,남,74세,중상
2017011700100248,2017년 1월 17일 13시,화요일,전라북도 전주시 완산구 중화산동2가,경상사고,0,0,3,0,차대차 - 추돌,안전운전불이행,건조,맑음,교차로 - 교차로부근,승용,남,58세,상해없음,승용,남,65세,경상
2017011700100314,2017년 1월 17일 15시,화요일,전라북도 전주시 완산구 중화산동2가,경상사고,0,0,1,0,차대사람 - 기타,안전운전불이행,건조,맑음,단일로 - 기타,승용,남,57세,상해없음,보행자,남,30세,경상
2017011700100338,2017년 1월 17일 16시,화요일,전라북도 전주시 완산구 효자동2가,경상사고,0,0,3,0,차대차 - 추돌,안전운전불이행,건조,맑음,단일로 - 기타,승용,남,56세,상해없음,승합,남,41세,경상
2017011700100339,2017년 1월 17일 16시,화요일,전라북도 정읍시 상동,중상사고,0,1,0,0,차대사람 - 횡단중,보행자보호의무위반,건조,맑음,단일로 - 기타,승용,여,47세,상해없음,보행자,남,8세,중상
2017011700100375,2017년 1월 17일 17시,화요일,전라북도 정읍시 고부면,중상사고,0,1,0,0,차대차 - 측면충돌,중앙선침범,건조,맑음,단일로 - 기타,승용,여,53세,상해없음,승용,여,45세,중상
2017011700100465,2017년 1월 17일 19시,화요일,전라북도 전주시 완산구 평화동1가,경상사고,0,0,1,0,차대사람 - 횡단중,안전운전불이행,건조,흐림,단일로 - 기타,승용,남,24세,상해없음,보행자,여,73세,경상
2017011700100466,2017년 1월 17일 19시,화요일,전라북도 부안군 부안읍,경상사고,0,0,1,0,차대사람 - 횡단중,불법유턴,건조,맑음,교차로 - 교차로안,승용,남,42세,상해없음,보행자,여,54세,경상
2017011700100500,2017년 1월 17일 20시,화요일,전라북도 전주시 덕진구 우아동3가,경상사고,0,0,1,0,차대사람 - 횡단중,안전운전불이행,건조,맑음,단일로 - 기타,승용,남,59세,상해없음,보행자,남,19세,경상
2017011700100531,2017년 1월 17일 21시,화요일,전라북도 군산시 수송동,경상사고,0,0,2,0,차대차 - 측면충돌,중앙선침범,건조,맑음,교차로 - 교차로부근,기타불명,기타불명,미분류,기타불명,승용,남,23세,경상
2017011800100035,2017년 1월 18일 01시,수요일,전라북도 전주시 완산구 효자동3가,사망사고,1,0,0,0,차대사람 - 보도통행중,보행자보호의무위반,건조,흐림,단일로 - 기타,승용,남,24세,상해없음,보행자,남,23세,사망
2017011800100036,2017년 1월 18일 01시,수요일,전라북도 전주시 덕진구 인후동2가,경상사고,0,0,1,0,차대사람 - 횡단중,안전운전불이행,건조,맑음,교차로 - 교차로부근,승용,여,43세,상해없음,보행자,여,18세,경상
2017011800100081,2017년 1월 18일 06시,수요일,전라북도 익산시 영등동,중상사고,0,1,1,0,차대차 - 측면충돌,안전운전불이행,건조,맑음,교차로 - 교차로안,자전거,남,56세,경상,원동기,남,69세,중상
2017011800100098,2017년 1월 18일 07시,수요일,전라북도 군산시 소룡동,경상사고,0,0,1,0,차대차 - 측면충돌,안전운전불이행,건조,맑음,교차로 - 교차로안,승용,남,35세,상해없음,자전거,남,40세,경상
2017011800100099,2017년 1월 18일 07시,수요일,전라북도 정읍시 상동,경상사고,0,0,2,0,차대차 - 측면충돌,신호위반,건조,맑음,교차로 - 교차로안,화물,여,50세,경상,화물,남,38세,경상
2017011800100130,2017년 1월 18일 08시,수요일,전라북도 군산시 장재동,중상사고,0,1,0,0,차대사람 - 횡단중,안전운전불이행,건조,맑음,교차로 - 교차로안,승용,여,44세,상해없음,보행자,여,67세,중상
2017011800100131,2017년 1월 18일 08시,수요일,전라북도 정읍시 금붕동,경상사고,0,0,2,0,차대차 - 정면충돌,중앙선침범,건조,맑음,단일로 - 기타,승용,남,59세,상해없음,승용,남,72세,경상
2017011800100165,2017년 1월 18일 09시,수요일,전라북도 군산시 개정면,중상사고,0,1,0,0,차대차 - 측면충돌,안전운전불이행,건조,맑음,교차로 - 교차로안,승용,남,23세,상해없음,승용,여,52세,중상
2017011800100166,2017년 1월 18일 09시,수요일,전라북도 무주군 설천면,경상사고,0,0,2,0,차량단독 - 전도전복 - 전도,안전운전불이행,서리/결빙,맑음,단일로 - 기타,승용,남,66세,상해없음,,,,
2017011800100182,2017년 1월 18일 10시,수요일,전라북도 군산시 경장동,경상사고,0,0,1,0,차대차 - 측면충돌,직진우회전진행방해,건조,맑음,교차로 - 교차로안,승용,남,65세,상해없음,원동기,남,77세,경상
2017011800100183,2017년 1월 18일 10시,수요일,전라북도 익산시 모현동1가,경상사고,0,0,1,0,차대사람 - 보도통행중,신호위반,건조,맑음,교차로 - 교차로횡단보도내,이륜,남,42세,상해없음,보행자,여,9세,경상
2017011800100213,2017년 1월 18일 11시,수요일,전라북도 군산시 소룡동,경상사고,0,0,1,0,차대차 - 측면충돌,신호위반,건조,맑음,교차로 - 교차로안,승용,남,77세,상해없음,승용,여,27세,경상
2017011800100246,2017년 1월 18일 12시,수요일,전라북도 군산시 월명동,중상사고,0,1,2,0,차대차 - 측면충돌,직진우회전진행방해,건조,맑음,교차로 - 교차로안,승용,여,58세,상해없음,승용,여,53세,경상
2017011800100247,2017년 1월 18일 12시,수요일,전라북도 군산시 경장동,중상사고,0,1,0,0,차대차 - 측면충돌,안전운전불이행,건조,맑음,단일로 - 기타,승용,여,56세,상해없음,원동기,남,24세,중상
2017011800100248,2017년 1월 18일 12시,수요일,전라북도 익산시 신흥동,경상사고,0,0,1,0,차대차 - 측면충돌,신호위반,건조,맑음,교차로 - 교차로안,화물,남,49세,상해없음,승용,여,45세,경상
2017011800100249,2017년 1월 18일 12시,수요일,전라북도 김제시 요촌동,경상사고,0,0,2,0,차대차 - 측면충돌,안전운전불이행,건조,맑음,교차로 - 교차로부근,화물,여,56세,상해없음,승용,남,57세,경상
2017011800100326,2017년 1월 18일 15시,수요일,전라북도 익산시 어양동,중상사고,0,1,3,0,차대차 - 측면충돌,신호위반,건조,맑음,교차로 - 교차로안,승용,남,23세,상해없음,승용,남,32세,경상
2017011800100327,2017년 1월 18일 15시,수요일,전라북도 남원시 노암동,경상사고,0,0,1,0,차대차 - 측면충돌,안전운전불이행,건조,맑음,단일로 - 기타,승용,남,66세,상해없음,자전거,남,70세,경상
2017011800100328,2017년 1월 18일 15시,수요일,전라북도 완주군 봉동읍,경상사고,0,0,1,0,차대차 - 측면충돌,안전운전불이행,건조,맑음,단일로 - 기타,승합,남,44세,상해없음,이륜,남,83세,경상
2017011800100349,2017년 1월 18일 16시,수요일,전라북도 전주시 완산구 중화산동2가,경상사고,0,0,2,0,차대차 - 측면충돌,신호위반,건조,맑음,교차로 - 교차로안,승합,남,61세,상해없음,화물,남,40세,경상
2017011800100350,2017년 1월 18일 16시,수요일,전라북도 익산시 오산면,경상사고,0,0,1,0,차대차 - 측면충돌,차로위반,건조,맑음,교차로 - 교차로부근,승용,여,38세,상해없음,승용,여,30세,경상
2017011800100351,2017년 1월 18일 16시,수요일,전라북도 정읍시 시기동,경상사고,0,0,1,0,차대차 - 측면충돌,안전운전불이행,건조,맑음,단일로 - 기타,승용,여,58세,상해없음,화물,여,55세,경상
2017011800100379,2017년 1월 18일 17시,수요일,전라북도 전주시 덕진구 인후동1가,경상사고,0,0,2,0,차대차 - 측면충돌,안전거리미확보,건조,맑음,단일로 - 기타,승용,남,73세,상해없음,승합,남,67세,경상
2017011800100430,2017년 1월 18일 18시,수요일,전라북도 전주시 덕진구 장동,경상사고,0,0,1,0,차대사람 - 기타,안전운전불이행,건조,맑음,교차로 - 교차로안,기타불명,기타불명,미분류,기타불명,보행자,남,37세,경상
2017011800100431,2017년 1월 18일 18시,수요일,전라북도 군산시 중동,경상사고,0,0,4,0,차대차 - 추돌,안전운전불이행,건조,맑음,단일로 - 기타,화물,남,53세,상해없음,승용,남,26세,경상
2017011800100432,2017년 1월 18일 18시,수요일,전라북도 익산시 신동,사망사고,1,0,0,0,차대사람 - 횡단중,보행자보호의무위반,건조,맑음,교차로 - 교차로횡단보도내,화물,남,59세,상해없음,보행자,여,57세,사망
2017011800100433,2017년 1월 18일 18시,수요일,전라북도 김제시 옥산동,경상사고,0,0,3,0,차대차 - 측면충돌,신호위반,건조,맑음,교차로 - 교차로안,승용,여,63세,상해없음,승용,남,28세,경상
2017011800100477,2017년 1월 18일 19시,수요일,전라북도 부안군 부안읍,경상사고,0,0,1,0,차대사람 - 횡단중,중앙선침범,건조,맑음,단일로 - 기타,승용,남,56세,상해없음,보행자,남,40세,경상
2017011800100514,2017년 1월 18일 20시,수요일,전라북도 전주시 완산구 효자동2가,중상사고,0,1,2,0,차대차 - 측면충돌,안전운전불이행,건조,맑음,교차로 - 교차로안,승용,남,48세,상해없음,이륜,남,37세,중상
2017011800100543,2017년 1월 18일 21시,수요일,전라북도 부안군 부안읍,경상사고,0,0,1,0,차량단독 - 공작물충돌,안전운전불이행,건조,맑음,단일로 - 기타,승용,남,45세,경상,,,,
2017011800100586,2017년 1월 18일 22시,수요일,전라북도 전주시 완산구 삼천동1가,경상사고,0,0,2,0,차대차 - 추돌,안전운전불이행,건조,맑음,교차로 - 교차로부근,승용,남,42세,상해없음,승용,남,41세,경상
2017011900100048,2017년 1월 19일 02시,목요일,전라북도 군산시 나운동,경상사고,0,0,2,0,차대차 - 기타,안전운전불이행,건조,맑음,교차로 - 교차로부근,승용,남,26세,상해없음,승용,여,38세,경상
2017011900100109,2017년 1월 19일 07시,목요일,전라북도 순창군 금과면,경상사고,0,0,2,0,차대차 - 측면충돌,직진우회전진행방해,건조,맑음,교차로 - 교차로안,승용,남,56세,경상,승용,여,58세,경상
2017011900100167,2017년 1월 19일 09시,목요일,전라북도 군산시 조촌동,경상사고,0,0,1,0,차대차 - 추돌,안전운전불이행,건조,맑음,단일로 - 기타,화물,남,64세,상해없음,승용,남,78세,경상
2017011900100168,2017년 1월 19일 09시,목요일,전라북도 무주군 부남면,중상사고,0,1,1,0,차대차 - 기타,중앙선침범,건조,맑음,단일로 - 교량,승용,여,41세,경상,화물,여,50세,중상
2017011900100169,2017년 1월 19일 09시,목요일,전라북도 군산시 대야면,경상사고,0,0,1,0,차대차 - 추돌,안전운전불이행,건조,맑음,기타 - 기타,승용,남,28세,상해없음,승용,남,40세,경상
2017011900100211,2017년 1월 19일 11시,목요일,전라북도 고창군 심원면,중상사고,0,1,0,0,차량단독 - 기타,안전운전불이행,건조,맑음,단일로 - 기타,화물,남,69세,상해없음,,,,
2017011900100285,2017년 1월 19일 14시,목요일,전라북도 정읍시 태인면,중상사고,0,4,0,0,차대차 - 정면충돌,안전운전불이행,건조,맑음,교차로 - 교차로안,승용,남,62세,중상,승용,남,54세,중상
2017011900100322,2017년 1월 19일 15시,목요일,전라북도 익산시 어양동,경상사고,0,0,3,0,차대차 - 측면충돌,불법유턴,건조,맑음,교차로 - 교차로횡단보도내,승용,남,66세,상해없음,승용,남,74세,경상
2017011900100323,2017년 1월 19일 15시,목요일,전라북도 정읍시 신태인읍,경상사고,0,0,2,0,차대차 - 정면충돌,신호위반,건조,맑음,교차로 - 교차로안,승용,여,25세,경상,화물,남,50세,경상
2017011900100360,2017년 1월 19일 16시,목요일,전라북도 군산시 내초동,경상사고,0,0,1,0,차대차 - 측면충돌,안전운전불이행,건조,맑음,단일로 - 기타,화물,남,54세,기타불명,승용,여,59세,경상
2017011900100361,2017년 1월 19일 16시,목요일,전라북도 부안군 부안읍,중상사고,0,2,0,0,차대사람 - 기타,교차로운행방법위반,건조,맑음,교차로 - 교차로안,화물,남,60세,상해없음,보행자,여,34세,중상
2017011900100362,2017년 1월 19일 16시,목요일,전라북도 무주군 설천면,경상사고,0,0,2,0,차대차 - 측면충돌,중앙선침범,서리/결빙,맑음,단일로 - 기타,화물,남,58세,경상,화물,남,40세,경상
2017011900100379,2017년 1월 19일 17시,목요일,전라북도 군산시 수송동,중상사고,0,1,0,0,차대차 - 기타,안전거리미확보,건조,맑음,단일로 - 기타,승용,여,48세,상해없음,이륜,남,63세,중상
2017011900100380,2017년 1월 19일 17시,목요일,전라북도 익산시 춘포면,경상사고,0,0,1,0,차대차 - 추돌,안전운전불이행,건조,맑음,단일로 - 기타,승용,남,33세,상해없음,승용,남,45세,경상
2017011900100420,2017년 1월 19일 18시,목요일,전라북도 전주시 완산구 삼천동1가,경상사고,0,0,1,0,차대차 - 기타,안전운전불이행,건조,맑음,단일로 - 기타,승용,남,66세,상해없음,이륜,남,45세,경상
2017011900100421,2017년 1월 19일 18시,목요일,전라북도 군산시 나운동,경상사고,0,0,4,0,차대차 - 추돌,안전운전불이행,건조,맑음,단일로 - 기타,승용,남,53세,상해없음,승용,여,61세,경상
2017011900100422,2017년 1월 19일 18시,목요일,전라북도 익산시 어양동,경상사고,0,0,2,0,차대차 - 측면충돌,안전운전불이행,건조,맑음,교차로 - 교차로안,승용,남,50세,상해없음,승용,남,21세,경상
2017011900100423,2017년 1월 19일 18시,목요일,전라북도 고창군 고창읍,경상사고,0,0,1,0,차대차 - 추돌,안전운전불이행,건조,맑음,교차로 - 교차로안,화물,남,38세,상해없음,승용,여,46세,경상
2017011900100536,2017년 1월 19일 22시,목요일,전라북도 군산시 오식도동,중상사고,0,1,0,0,차대사람 - 횡단중,보행자보호의무위반,건조,흐림,교차로 - 교차로안,승용,남,57세,상해없음,보행자,남,48세,중상
2017011900100537,2017년 1월 19일 22시,목요일,전라북도 정읍시 연지동,경상사고,0,0,1,0,차대차 - 측면충돌,교차로운행방법위반,건조,맑음,교차로 - 교차로안,승용,남,48세,상해없음,승용,남,51세,경상
2017011900100563,2017년 1월 19일 23시,목요일,전라북도 남원시 도통동,중상사고,0,1,0,0,차대사람 - 횡단중,보행자보호의무위반,건조,맑음,교차로 - 교차로횡단보도내,이륜,남,17세,상해없음,보행자,남,29세,중상
2017012000100021,2017년 1월 20일 00시,금요일,전라북도 전주시 덕진구 인후동1가,경상사고,0,0,1,0,차대차 - 추돌,안전운전불이행,건조,맑음,교차로 - 교차로부근,승용,남,21세,상해없음,승용,여,56세,경상
2017012000100022,2017년 1월 20일 00시,금요일,전라북도 군산시 나운동,경상사고,0,0,1,0,차대차 - 측면충돌,직진우회전진행방해,건조,흐림,교차로 - 교차로안,승용,남,32세,상해없음,승용,남,38세,상해없음
2017012000100023,2017년 1월 20일 00시,금요일,전라북도 군산시 오식도동,경상사고,0,0,1,0,차대사람 - 횡단중,안전운전불이행,적설,눈,교차로 - 교차로안,승용,남,44세,상해없음,보행자,여,30세,경상
2017012000100169,2017년 1월 20일 08시,금요일,전라북도 전주시 완산구 서신동,중상사고,0,1,0,0,차대차 - 추돌,중앙선침범,서리/결빙,눈,단일로 - 기타,승용,남,30세,상해없음,승용,여,43세,중상
2017012000100233,2017년 1월 20일 10시,금요일,전라북도 익산시 황등면,경상사고,0,0,1,0,차대차 - 측면충돌,안전거리미확보,서리/결빙,눈,단일로 - 기타,화물,남,44세,상해없음,승용,남,64세,경상
2017012000100261,2017년 1월 20일 11시,금요일,전라북도 전주시 완산구 교동,경상사고,0,0,1,0,차대사람 - 횡단중,보행자보호의무위반,건조,맑음,단일로 - 기타,승용,남,40세,상해없음,보행자,남,6세,경상
2017012000100262,2017년 1월 20일 11시,금요일,전라북도 부안군 부안읍,중상사고,0,1,0,0,차대차 - 측면충돌,신호위반,젖음/습기,눈,교차로 - 교차로안,승합,남,62세,상해없음,승용,남,26세,중상
2017012000100302,2017년 1월 20일 13시,금요일,전라북도 익산시 오산면,중상사고,0,1,0,0,차대차 - 정면충돌,신호위반,건조,맑음,교차로 - 교차로안,승합,남,53세,상해없음,승용,남,66세,중상
2017012000100303,2017년 1월 20일 13시,금요일,전라북도 무주군 설천면,경상사고,0,0,1,0,차대사람 - 횡단중,안전운전불이행,건조,맑음,교차로 - 교차로부근,승용,남,50세,상해없음,보행자,남,21세,경상
2017012000100326,2017년 1월 20일 14시,금요일,전라북도 전주시 완산구 중화산동1가,경상사고,0,0,1,0,차대차 - 측면충돌,안전운전불이행,건조,맑음,단일로 - 기타,승용,여,71세,상해없음,승용,남,64세,경상
2017012000100358,2017년 1월 20일 15시,금요일,전라북도 익산시 금마면,중상사고,0,2,0,0,차대차 - 측면충돌,안전운전불이행,건조,맑음,단일로 - 기타,화물,남,51세,상해없음,이륜,남,77세,중상
2017012000100378,2017년 1월 20일 16시,금요일,전라북도 전주시 완산구 중앙동3가,경상사고,0,0,1,0,차대사람 - 길가장자리구역통행중,안전운전불이행,건조,맑음,단일로 - 기타,승용,남,65세,기타불명,보행자,여,26세,경상
2017012000100407,2017년 1월 20일 17시,금요일,전라북도 전주시 완산구 고사동,경상사고,0,0,1,0,차대사람 - 길가장자리구역통행중,신호위반,건조,맑음,단일로 - 기타,승용,남,32세,상해없음,보행자,여,16세,경상
2017012000100442,2017년 1월 20일 18시,금요일,전라북도 군산시 나운동,경상사고,0,0,2,0,차대차 - 측면충돌,교차로운행방법위반,건조,맑음,교차로 - 교차로부근,승용,여,27세,상해없음,승합,남,49세,경상
2017012000100564,2017년 1월 20일 23시,금요일,전라북도 전주시 덕진구 팔복동2가,경상사고,0,0,1,0,차대사람 - 보도통행중,보행자보호의무위반,건조,맑음,교차로 - 교차로횡단보도내,승용,남,57세,상해없음,보행자,여,58세,경상
2017012100100083,2017년 1월 21일 03시,토요일,전라북도 익산시 영등동,사망사고,1,0,1,0,차대차 - 추돌,안전운전불이행,건조,맑음,단일로 - 기타,승용,남,35세,상해없음,이륜,남,41세,사망
2017012100100096,2017년 1월 21일 04시,토요일,전라북도 완주군 삼례읍,경상사고,0,0,3,0,차대차 - 정면충돌,교차로운행방법위반,건조,맑음,교차로 - 교차로안,승용,여,33세,상해없음,승용,남,56세,경상
2017012100100130,2017년 1월 21일 07시,토요일,전라북도 진안군 진안읍,경상사고,0,0,1,0,차량단독 - 공작물충돌,안전운전불이행,건조,맑음,단일로 - 기타,승용,남,59세,경상,,,,
2017012100100144,2017년 1월 21일 08시,토요일,전라북도 군산시 소룡동,경상사고,0,0,1,0,차대차 - 기타,안전운전불이행,젖음/습기,맑음,교차로 - 교차로안,승용,여,48세,상해없음,이륜,남,51세,경상
2017012100100145,2017년 1월 21일 08시,토요일,전라북도 익산시 낭산면,경상사고,0,0,2,0,차대차 - 측면충돌,신호위반,젖음/습기,흐림,교차로 - 교차로안,승용,여,42세,상해없음,승용,여,35세,경상
2017012100100163,2017년 1월 21일 09시,토요일,전라북도 전주시 완산구 중앙동3가,중상사고,0,1,0,0,차대사람 - 횡단중,안전운전불이행,건조,맑음,단일로 - 기타,승용,남,73세,상해없음,보행자,여,82세,중상
2017012100100187,2017년 1월 21일 10시,토요일,전라북도 익산시 함열읍,경상사고,0,0,2,0,차대차 - 측면충돌,안전운전불이행,건조,맑음,단일로 - 기타,건설기계,남,69세,상해없음,승용,남,71세,경상
2017012100100210,2017년 1월 21일 11시,토요일,전라북도 전주시 덕진구 동산동,경상사고,0,0,1,0,차대차 - 측면충돌,안전운전불이행,건조,맑음,교차로 - 교차로부근,건설기계,남,61세,상해없음,승용,여,43세,상해없음
2017012100100211,2017년 1월 21일 11시,토요일,전라북도 군산시 나운동,경상사고,0,0,1,0,차대사람 - 횡단중,안전운전불이행,건조,맑음,교차로 - 교차로안,화물,남,58세,상해없음,보행자,여,77세,경상
2017012100100212,2017년 1월 21일 11시,토요일,전라북도 김제시 황산동,중상사고,0,1,2,0,차대차 - 정면충돌,중앙선침범,건조,맑음,단일로 - 기타,승용,남,41세,중상,건설기계,남,44세,경상
2017012100100331,2017년 1월 21일 16시,토요일,전라북도 전주시 완산구 효자동2가,경상사고,0,0,1,0,차대사람 - 횡단중,안전운전불이행,건조,맑음,단일로 - 기타,승용,여,51세,상해없음,보행자,남,39세,경상
2017012100100351,2017년 1월 21일 17시,토요일,전라북도 익산시 영등동,경상사고,0,0,1,0,차대사람 - 횡단중,안전운전불이행,젖음/습기,눈,교차로 - 교차로안,승용,남,37세,상해없음,보행자,여,49세,경상
2017012100100398,2017년 1월 21일 18시,토요일,전라북도 전주시 덕진구 덕진동1가,부상신고사고,0,0,0,1,차대사람 - 횡단중,신호위반,젖음/습기,비,교차로 - 교차로안,원동기,남,61세,상해없음,보행자,여,21세,부상신고
2017012100100424,2017년 1월 21일 19시,토요일,전라북도 무주군 무주읍,중상사고,0,2,2,0,차대차 - 기타,안전운전불이행,적설,눈,교차로 - 교차로안,승용,남,37세,상해없음,승용,남,47세,중상
2017012100100442,2017년 1월 21일 20시,토요일,전라북도 완주군 삼례읍,중상사고,0,1,0,0,차대차 - 기타,안전운전불이행,서리/결빙,흐림,단일로 - 기타,승용,남,23세,상해없음,원동기,남,67세,중상