사고번호,사고일시,요일,시군구,사고내용,사망자수,중상자수,경상자수,부상신고자수,사고유형,법규위반,노면상태,기상상태,도로형태,가해운전자 차종,가해운전자 성별,가해운전자 연령,가해운전자 상해정도,피해운전자 차종,피해운전자 성별,피해운전자 연령,피해운전자 상해정도
2017012100100467,2017년 1월 21일 21시,토요일,전라북도 군산시 경장동,경상사고,0,0,1,0,차대차 - 기타,안전운전불이행,서리/결빙,눈,단일로 - 기타,화물,남,64세,상해없음,승용,남,50세,경상
2017012100100468,2017년 1월 21일 21시,토요일,전라북도 군산시 나운동,경상사고,0,0,2,0,차대차 - 기타,신호위반,적설,눈,교차로 - 교차로안,화물,남,60세,상해없음,승용,남,46세,경상
2017012100100469,2017년 1월 21일 21시,토요일,전라북도 정읍시 수성동,경상사고,0,0,1,0,차대차 - 추돌,안전운전불이행,서리/결빙,눈,단일로 - 기타,승용,남,24세,상해없음,승용,남,28세,경상
2017012100100489,2017년 1월 21일 22시,토요일,전라북도 익산시 팔봉동,경상사고,0,0,3,0,차대차 - 측면충돌,안전운전불이행,적설,눈,단일로 - 기타,승용,여,46세,상해없음,승용,남,24세,경상
2017012100100490,2017년 1월 21일 22시,토요일,전라북도 익산시 마동,경상사고,0,0,1,0,차대차 - 측면충돌,신호위반,적설,흐림,교차로 - 교차로안,화물,남,53세,상해없음,승용,남,50세,경상
2017012100100521,2017년 1월 21일 23시,토요일,전라북도 전주시 완산구 평화동2가,경상사고,0,0,1,0,차대차 - 기타,안전운전불이행,적설,눈,교차로 - 교차로안,기타불명,기타불명,미분류,기타불명,원동기,남,27세,경상
2017012100100522,2017년 1월 21일 23시,토요일,전라북도 전주시 덕진구 인후동2가,경상사고,0,0,7,0,차대차 - 측면충돌,직진우회전진행방해,젖음/습기,비,교차로 - 교차로안,승용,남,52세,상해없음,승합,남,45세,경상
2017012100100523,2017년 1월 21일 23시,토요일,전라북도 군산시 나운동,경상사고,0,0,4,0,차대차 - 추돌,안전운전불이행,서리/결빙,흐림,교차로 - 교차로안,승용,남,62세,상해없음,승용,남,64세,상해없음
2017012200100016,2017년 1월 22일 00시,일요일,전라북도 익산시 신동,경상사고,0,0,3,0,차대차 - 추돌,안전운전불이행,적설,흐림,단일로 - 기타,승용,남,54세,상해없음,승용,남,30세,경상
2017012200100032,2017년 1월 22일 01시,일요일,전라북도 군산시 구암동,경상사고,0,0,1,0,차량단독 - 공작물충돌,안전운전불이행,서리/결빙,흐림,단일로 - 기타,승용,여,25세,경상,,,,
2017012200100080,2017년 1월 22일 05시,일요일,전라북도 정읍시 시기동,경상사고,0,0,1,0,차대차 - 측면충돌,직진우회전진행방해,적설,눈,교차로 - 교차로안,승용,남,60세,경상,승용,남,20세,상해없음
2017012200100114,2017년 1월 22일 08시,일요일,전라북도 완주군 삼례읍,경상사고,0,0,1,0,차대차 - 기타,안전거리미확보,서리/결빙,눈,단일로 - 기타,승용,남,33세,상해없음,승용,여,47세,경상
2017012200100143,2017년 1월 22일 10시,일요일,전라북도 전주시 덕진구 진북동,경상사고,0,0,2,0,차대차 - 측면충돌,교차로운행방법위반,건조,맑음,교차로 - 교차로안,승용,여,68세,상해없음,승용,남,62세,경상
2017012200100144,2017년 1월 22일 10시,일요일,전라북도 정읍시 정우면,사망사고,1,1,0,0,차량단독 - 전도전복 - 전도,안전운전불이행,서리/결빙,눈,단일로 - 기타,승용,남,69세,사망,,,,
2017012200100179,2017년 1월 22일 12시,일요일,전라북도 전주시 완산구 서신동,중상사고,0,1,0,0,차량단독 - 공작물충돌,안전운전불이행,서리/결빙,맑음,단일로 - 기타,승용,남,51세,상해없음,,,,
2017012200100406,2017년 1월 22일 21시,일요일,전라북도 전주시 덕진구 인후동2가,중상사고,0,1,0,0,차대사람 - 횡단중,안전운전불이행,건조,맑음,단일로 - 기타,승합,남,52세,상해없음,보행자,여,57세,중상
2017012200100407,2017년 1월 22일 21시,일요일,전라북도 군산시 금광동,중상사고,0,1,0,0,차대사람 - 횡단중,보행자보호의무위반,건조,맑음,교차로 - 교차로횡단보도내,승용,남,30세,상해없음,보행자,여,56세,중상
2017012200100408,2017년 1월 22일 21시,일요일,전라북도 군산시 나운동,경상사고,0,0,1,0,차대차 - 측면충돌,안전거리미확보,건조,맑음,교차로 - 교차로부근,승용,남,56세,상해없음,승용,남,65세,경상
2017012200100433,2017년 1월 22일 22시,일요일,전라북도 전주시 덕진구 팔복동1가,경상사고,0,0,1,0,차대차 - 추돌,안전운전불이행,건조,맑음,단일로 - 기타,승용,남,25세,상해없음,승용,남,56세,경상
2017012200100449,2017년 1월 22일 23시,일요일,전라북도 전주시 완산구 평화동1가,경상사고,0,0,1,0,차대차 - 측면충돌,중앙선침범,건조,맑음,단일로 - 기타,승용,남,41세,상해없음,승용,남,51세,상해없음
2017012300100066,2017년 1월 23일 06시,월요일,전라북도 완주군 봉동읍,경상사고,0,0,1,0,차량단독 - 기타,안전운전불이행,건조,맑음,단일로 - 기타,승용,남,33세,경상,,,,
2017012300100090,2017년 1월 23일 07시,월요일,전라북도 익산시 삼기면,중상사고,0,1,10,0,차대차 - 측면충돌,신호위반,건조,맑음,교차로 - 교차로안,화물,여,37세,중상,승합,남,42세,상해없음
2017012300100158,2017년 1월 23일 09시,월요일,전라북도 군산시 오식도동,경상사고,0,0,1,0,차대차 - 측면충돌,안전운전불이행,적설,흐림,교차로 - 교차로안,기타불명,기타불명,미분류,기타불명,승용,남,35세,경상
2017012300100193,2017년 1월 23일 10시,월요일,전라북도 전주시 완산구 서완산동1가,경상사고,0,0,1,0,차대차 - 측면충돌,교차로운행방법위반,건조,맑음,교차로 - 교차로안,승용,남,59세,상해없음,화물,남,52세,상해없음
2017012300100194,2017년 1월 23일 10시,월요일,전라북도 전주시 완산구 서신동,경상사고,0,0,1,0,차대차 - 추돌,안전운전불이행,건조,맑음,단일로 - 기타,승용,남,31세,상해없음,승용,여,55세,경상
2017012300100195,2017년 1월 23일 10시,월요일,전라북도 군산시 개정면,경상사고,0,0,3,0,차대차 - 측면충돌,안전운전불이행,건조,맑음,단일로 - 기타,승용,여,25세,상해없음,승용,남,35세,경상
2017012300100196,2017년 1월 23일 10시,월요일,전라북도 김제시 황산동,경상사고,0,0,1,0,차대차 - 측면충돌,신호위반,건조,맑음,교차로 - 교차로안,승용,여,57세,상해없음,화물,남,76세,경상
2017012300100225,2017년 1월 23일 11시,월요일,전라북도 전주시 완산구 효자동1가,경상사고,0,0,1,0,차대사람 - 횡단중,안전운전불이행,서리/결빙,맑음,교차로 - 교차로안,승용,남,64세,상해없음,보행자,여,90세 이상,경상
2017012300100226,2017년 1월 23일 11시,월요일,전라북도 군산시 개정동,중상사고,0,1,0,0,차대사람 - 횡단중,안전운전불이행,건조,맑음,단일로 - 기타,화물,남,61세,상해없음,보행자,여,56세,중상
2017012300100227,2017년 1월 23일 11시,월요일,전라북도 김제시 요촌동,중상사고,0,1,0,0,차대사람 - 길가장자리구역통행중,안전운전불이행,건조,맑음,단일로 - 기타,승용,여,56세,상해없음,보행자,여,74세,중상
2017012300100345,2017년 1월 23일 14시,월요일,전라북도 전주시 완산구 효자동1가,경상사고,0,0,1,0,차대차 - 추돌,안전운전불이행,건조,맑음,단일로 - 기타,승용,여,44세,상해없음,승용,남,45세,경상
2017012300100346,2017년 1월 23일 14시,월요일,전라북도 익산시 남중동,중상사고,0,1,0,0,차대사람 - 횡단중,안전운전불이행,건조,맑음,단일로 - 기타,승용,남,54세,상해없음,보행자,여,72세,중상
2017012300100438,2017년 1월 23일 16시,월요일,전라북도 군산시 나운동,중상사고,0,1,0,0,차대사람 - 횡단중,신호위반,건조,맑음,교차로 - 교차로안,승용,여,39세,상해없음,보행자,여,69세,중상
2017012300100439,2017년 1월 23일 16시,월요일,전라북도 군산시 성산면,경상사고,0,0,1,0,차대차 - 추돌,안전거리미확보,건조,맑음,단일로 - 기타,승용,남,22세,상해없음,승용,여,27세,경상
2017012300100440,2017년 1월 23일 16시,월요일,전라북도 익산시 평화동,경상사고,0,0,1,0,차대차 - 측면충돌,신호위반,서리/결빙,맑음,교차로 - 교차로안,승합,남,62세,상해없음,승용,남,56세,경상
2017012300100485,2017년 1월 23일 17시,월요일,전라북도 익산시 신동,경상사고,0,0,2,0,차대차 - 기타,안전운전불이행,건조,맑음,단일로 - 기타,승용,여,27세,경상,승용,남,56세,경상
2017012300100522,2017년 1월 23일 18시,월요일,전라북도 전주시 덕진구 덕진동2가,경상사고,0,0,1,0,차대차 - 측면충돌,안전운전불이행,건조,맑음,단일로 - 기타,승용,여,38세,상해없음,승용,여,34세,경상
2017012300100561,2017년 1월 23일 19시,월요일,전라북도 익산시 동산동,경상사고,0,0,1,0,차대사람 - 횡단중,보행자보호의무위반,건조,맑음,단일로 - 기타,승용,남,52세,상해없음,보행자,남,60세,경상
2017012300100605,2017년 1월 23일 20시,월요일,전라북도 전주시 완산구 평화동2가,경상사고,0,0,1,0,차대사람 - 기타,안전운전불이행,건조,맑음,기타 - 기타,기타불명,기타불명,미분류,기타불명,보행자,여,15세,경상
2017012300100606,2017년 1월 23일 20시,월요일,전라북도 군산시 나운동,경상사고,0,0,3,0,차대차 - 기타,교차로운행방법위반,건조,맑음,교차로 - 교차로안,승용,남,61세,상해없음,승용,남,35세,경상
2017012300100653,2017년 1월 23일 22시,월요일,전라북도 전주시 덕진구 인후동1가,중상사고,0,1,0,0,차대사람 - 횡단중,안전운전불이행,건조,맑음,단일로 - 기타,승용,남,54세,상해없음,보행자,여,37세,중상
2017012400100079,2017년 1월 24일 05시,화요일,전라북도 전주시 덕진구 팔복동1가,중상사고,0,1,0,0,차대차 - 측면충돌,중앙선침범,건조,맑음,교차로 - 교차로부근,화물,남,37세,상해없음,승용,남,49세,중상
2017012400100115,2017년 1월 24일 07시,화요일,전라북도 전주시 완산구 평화동1가,경상사고,0,0,1,0,차대사람 - 횡단중,안전운전불이행,건조,맑음,교차로 - 교차로안,승용,남,22세,상해없음,보행자,여,71세,경상
2017012400100141,2017년 1월 24일 08시,화요일,전라북도 군산시 미원동,경상사고,0,0,1,0,차대사람 - 횡단중,보행자보호의무위반,건조,맑음,교차로 - 교차로안,승합,남,63세,상해없음,보행자,여,30세,경상
2017012400100176,2017년 1월 24일 09시,화요일,전라북도 전주시 덕진구 진북동,중상사고,0,1,0,0,차대사람 - 횡단중,안전운전불이행,건조,맑음,교차로 - 교차로안,승용,남,70세,상해없음,보행자,여,81세,중상
2017012400100290,2017년 1월 24일 12시,화요일,전라북도 전주시 덕진구 덕진동2가,중상사고,0,2,1,0,차대차 - 측면충돌,신호위반,건조,맑음,교차로 - 교차로안,승합,남,69세,상해없음,승용,여,54세,경상
2017012400100291,2017년 1월 24일 12시,화요일,전라북도 군산시 미룡동,중상사고,0,1,0,0,차대사람 - 횡단중,안전운전불이행,건조,맑음,교차로 - 교차로부근,승용,남,35세,상해없음,보행자,여,84세,중상
2017012400100329,2017년 1월 24일 13시,화요일,전라북도 정읍시 수성동,경상사고,0,0,1,0,차대차 - 추돌,안전운전불이행,건조,맑음,교차로 - 교차로부근,승용,남,46세,상해없음,승용,남,51세,경상
2017012400100330,2017년 1월 24일 13시,화요일,전라북도 남원시 주생면,중상사고,0,1,0,0,차대사람 - 보도통행중,안전운전불이행,건조,맑음,단일로 - 기타,화물,여,59세,상해없음,보행자,남,89세,중상
2017012400100362,2017년 1월 24일 14시,화요일,전라북도 완주군 소양면,경상사고,0,0,2,0,차대차 - 측면충돌,안전운전불이행,건조,맑음,단일로 - 기타,승용,여,27세,상해없음,승용,여,48세,경상
2017012400100490,2017년 1월 24일 17시,화요일,전라북도 익산시 금강동,중상사고,0,1,0,0,차대차 - 측면충돌,안전운전불이행,건조,맑음,교차로 - 교차로안,승용,남,43세,상해없음,자전거,남,60세,중상
2017012400100706,2017년 1월 24일 22시,화요일,전라북도 고창군 고창읍,경상사고,0,0,2,0,차대차 - 측면충돌,직진우회전진행방해,젖음/습기,흐림,교차로 - 교차로안,승용,남,34세,상해없음,화물,남,44세,경상
2017012400100740,2017년 1월 24일 23시,화요일,전라북도 전주시 완산구 효자동3가,경상사고,0,0,5,0,차대차 - 측면충돌,신호위반,건조,맑음,교차로 - 교차로안,승용,남,23세,경상,승용,여,51세,경상
2017012500100034,2017년 1월 25일 00시,수요일,전라북도 전주시 완산구 서신동,경상사고,0,0,1,0,차대차 - 정면충돌,중앙선침범,건조,맑음,단일로 - 기타,승용,남,34세,상해없음,승용,남,51세,경상
2017012500100077,2017년 1월 25일 04시,수요일,전라북도 전주시 덕진구 덕진동1가,사망사고,1,0,0,0,차대사람 - 횡단중,안전운전불이행,건조,맑음,단일로 - 기타,승용,남,57세,상해없음,보행자,남,86세,사망
2017012500100123,2017년 1월 25일 07시,수요일,전라북도 군산시 오식도동,경상사고,0,0,1,0,차대사람 - 횡단중,보행자보호의무위반,건조,흐림,교차로 - 교차로횡단보도내,화물,남,47세,상해없음,보행자,남,21세,경상
2017012500100124,2017년 1월 25일 07시,수요일,전라북도 남원시 아영면,중상사고,0,1,0,0,차대차 - 추돌,안전운전불이행,건조,맑음,단일로 - 기타,건설기계,남,43세,상해없음,농기계,남,67세,중상
2017012500100161,2017년 1월 25일 08시,수요일,전라북도 익산시 부송동,경상사고,0,0,3,0,차대차 - 측면충돌,신호위반,건조,맑음,교차로 - 교차로안,승용,남,61세,상해없음,승용,여,32세,경상
2017012500100162,2017년 1월 25일 08시,수요일,전라북도 진안군 진안읍,경상사고,0,0,1,0,차대차 - 측면충돌,안전거리미확보,서리/결빙,맑음,단일로 - 지하차도(도로)내,화물,여,54세,경상,화물,남,48세,상해없음
2017012500100202,2017년 1월 25일 09시,수요일,전라북도 전주시 덕진구 덕진동2가,중상사고,0,1,0,0,차대차 - 측면충돌,안전운전불이행,건조,맑음,교차로 - 교차로횡단보도내,승용,남,26세,상해없음,자전거,남,78세,중상
2017012500100203,2017년 1월 25일 09시,수요일,전라북도 익산시 주현동,경상사고,0,0,1,0,차대차 - 측면충돌,차로위반,건조,맑음,단일로 - 기타,승용,남,59세,상해없음,화물,여,41세,경상
2017012500100235,2017년 1월 25일 10시,수요일,전라북도 전주시 덕진구 우아동3가,경상사고,0,0,1,0,차대차 - 측면충돌,안전운전불이행,건조,맑음,교차로 - 교차로안,승용,남,76세,상해없음,승용,남,60세,경상
2017012500100236,2017년 1월 25일 10시,수요일,전라북도 정읍시 상동,경상사고,0,0,1,0,차대차 - 측면충돌,교차로운행방법위반,건조,맑음,교차로 - 교차로안,승용,남,75세,상해없음,승용,여,63세,경상
2017012500100237,2017년 1월 25일 10시,수요일,전라북도 남원시 신촌동,중상사고,0,1,1,0,차대차 - 측면충돌,교차로운행방법위반,건조,맑음,교차로 - 교차로안,승용,여,54세,상해없음,승용,남,65세,중상
2017012500100270,2017년 1월 25일 11시,수요일,전라북도 무주군 설천면,경상사고,0,0,2,0,차대차 - 측면충돌,안전거리미확보,건조,맑음,단일로 - 기타,승용,남,19세,경상,승용,여,33세,경상
2017012500100302,2017년 1월 25일 12시,수요일,전라북도 임실군 관촌면,경상사고,0,0,1,0,차대차 - 측면충돌,직진우회전진행방해,건조,맑음,교차로 - 교차로안,승용,남,75세,상해없음,승용,남,43세,경상
2017012500100340,2017년 1월 25일 13시,수요일,전라북도 익산시 황등면,경상사고,0,0,1,0,차대차 - 측면충돌,신호위반,건조,맑음,교차로 - 교차로안,화물,남,58세,상해없음,승용,여,40세,경상
2017012500100378,2017년 1월 25일 14시,수요일,전라북도 전주시 덕진구 인후동1가,경상사고,0,0,2,0,차대차 - 측면충돌,안전거리미확보,건조,맑음,단일로 - 기타,승용,남,43세,상해없음,승용,남,51세,경상
2017012500100422,2017년 1월 25일 15시,수요일,전라북도 전주시 덕진구 우아동3가,경상사고,0,0,1,0,차대차 - 기타,안전운전불이행,건조,맑음,교차로 - 교차로안,승합,남,59세,상해없음,승용,여,54세,상해없음
2017012500100460,2017년 1월 25일 16시,수요일,전라북도 고창군 아산면,중상사고,0,1,0,0,차대차 - 측면충돌,중앙선침범,건조,맑음,교차로 - 교차로부근,화물,남,60세,상해없음,이륜,남,59세,중상
2017012500100512,2017년 1월 25일 17시,수요일,전라북도 완주군 봉동읍,중상사고,0,2,0,0,차대차 - 정면충돌,중앙선침범,건조,맑음,단일로 - 기타,화물,여,46세,상해없음,승용,남,40세,중상
2017012500100567,2017년 1월 25일 18시,수요일,전라북도 전주시 덕진구 우아동2가,경상사고,0,0,1,0,차대차 - 후진중충돌,안전거리미확보,건조,맑음,단일로 - 기타,승용,남,46세,상해없음,승용,남,41세,경상
2017012500100568,2017년 1월 25일 18시,수요일,전라북도 고창군 공음면,중상사고,0,2,0,0,차대차 - 정면충돌,중앙선침범,서리/결빙,흐림,단일로 - 기타,승용,여,50세,중상,승용,남,47세,중상
2017012500100569,2017년 1월 25일 18시,수요일,전라북도 무주군 안성면,사망사고,1,0,0,0,차대사람 - 기타,안전운전불이행,건조,맑음,단일로 - 기타,화물,남,62세,상해없음,보행자,남,80세,사망
2017012500100680,2017년 1월 25일 20시,수요일,전라북도 전주시 완산구 삼천동1가,중상사고,0,1,0,0,차대사람 - 횡단중,안전운전불이행,건조,맑음,교차로 - 교차로부근,승용,남,34세,상해없음,보행자,여,50세,중상
2017012500100720,2017년 1월 25일 21시,수요일,전라북도 부안군 동진면,중상사고,0,3,0,0,차대차 - 정면충돌,중앙선침범,건조,맑음,교차로 - 교차로부근,승용,남,19세,중상,승용,남,48세,중상
2017012500100786,2017년 1월 25일 23시,수요일,전라북도 군산시 나운동,경상사고,0,0,1,0,차대차 - 측면충돌,중앙선침범,건조,맑음,단일로 - 기타,승용,남,18세,상해없음,이륜,남,27세,경상
2017012600100053,2017년 1월 26일 01시,목요일,전라북도 전주시 완산구 삼천동1가,경상사고,0,0,1,0,차대차 - 정면충돌,중앙선침범,건조,맑음,교차로 - 교차로횡단보도내,승용,여,41세,상해없음,승용,남,62세,경상
2017012600100108,2017년 1월 26일 06시,목요일,전라북도 군산시 미원동,중상사고,0,1,0,0,차대사람 - 횡단중,보행자보호의무위반,건조,기타,단일로 - 기타,승용,남,63세,상해없음,보행자,여,73세,중상
2017012600100131,2017년 1월 26일 07시,목요일,전라북도 전주시 덕진구 진북동,사망사고,1,0,0,0,차대사람 - 횡단중,보행자보호의무위반,건조,맑음,교차로 - 교차로부근,승용,남,69세,상해없음,보행자,여,75세,사망
2017012600100132,2017년 1월 26일 07시,목요일,전라북도 무주군 설천면,중상사고,0,1,0,0,차대사람 - 횡단중,안전운전불이행,젖음/습기,맑음,주차장 - 주차장,승합,남,53세,상해없음,보행자,남,18세,중상
2017012600100186,2017년 1월 26일 09시,목요일,전라북도 전주시 덕진구 금암동,경상사고,0,0,2,0,차대차 - 추돌,안전운전불이행,건조,흐림,교차로 - 교차로부근,승용,여,39세,상해없음,승용,여,60세,경상
2017012600100187,2017년 1월 26일 09시,목요일,전라북도 김제시 검산동,중상사고,0,1,0,0,차대차 - 추돌,안전운전불이행,건조,맑음,단일로 - 기타,승용,여,56세,상해없음,화물,남,64세,중상
2017012600100261,2017년 1월 26일 11시,목요일,전라북도 익산시 신동,경상사고,0,0,1,0,차대차 - 측면충돌,신호위반,건조,맑음,교차로 - 교차로안,승용,남,74세,상해없음,자전거,남,67세,경상
2017012600100262,2017년 1월 26일 11시,목요일,전라북도 김제시 교동,경상사고,0,0,1,0,차대차 - 측면충돌,교차로운행방법위반,건조,맑음,교차로 - 교차로안,승용,남,60세,상해없음,승용,남,74세,경상
2017012600100263,2017년 1월 26일 11시,목요일,전라북도 김제시 요촌동,경상사고,0,0,1,0,차대차 - 기타,교차로운행방법위반,건조,맑음,교차로 - 교차로안,승용,남,35세,상해없음,원동기,남,74세,경상
2017012600100302,2017년 1월 26일 12시,목요일,전라북도 남원시 도통동,경상사고,0,0,1,0,차대차 - 측면충돌,교차로운행방법위반,건조,맑음,교차로 - 교차로안,승용,남,27세,상해없음,원동기,남,81세,경상
2017012600100337,2017년 1월 26일 13시,목요일,전라북도 김제시 성덕면,중상사고,0,2,0,0,차대차 - 측면충돌,안전운전불이행,건조,맑음,교차로 - 교차로안,화물,남,66세,상해없음,원동기,남,79세,중상
2017012600100500,2017년 1월 26일 16시,목요일,전라북도 익산시 팔봉동,중상사고,0,2,1,0,차대차 - 추돌,안전운전불이행,건조,맑음,교차로 - 교차로부근,승용,여,46세,상해없음,승용,남,77세,중상
2017012600100501,2017년 1월 26일 16시,목요일,전라북도 정읍시 상동,경상사고,0,0,1,0,차대차 - 측면충돌,불법유턴,건조,맑음,교차로 - 교차로횡단보도내,자전거,여,61세,경상,승용,남,37세,상해없음
2017012600100592,2017년 1월 26일 18시,목요일,전라북도 전주시 덕진구 팔복동3가,경상사고,0,0,1,0,차대차 - 측면충돌,안전운전불이행,건조,맑음,단일로 - 기타,승용,여,36세,상해없음,자전거,남,51세,경상
2017012600100593,2017년 1월 26일 18시,목요일,전라북도 군산시 동흥남동,경상사고,0,0,3,0,차대차 - 측면충돌,직진우회전진행방해,건조,맑음,교차로 - 교차로안,승용,남,48세,경상,승용,남,55세,경상
2017012600100594,2017년 1월 26일 18시,목요일,전라북도 정읍시 시기동,경상사고,0,0,1,0,차대차 - 측면충돌,중앙선침범,건조,맑음,단일로 - 기타,승용,남,34세,상해없음,원동기,남,67세,경상
2017012600100595,2017년 1월 26일 18시,목요일,전라북도 정읍시 감곡면,중상사고,0,1,0,0,차대차 - 측면충돌,기타,건조,맑음,교차로 - 교차로안,승용,여,30세,상해없음,승용,여,51세,중상
2017012600100596,2017년 1월 26일 18시,목요일,전라북도 남원시 금동,중상사고,0,1,0,0,차대사람 - 횡단중,안전운전불이행,건조,맑음,교차로 - 교차로안,화물,남,33세,상해없음,보행자,남,71세,중상
2017012600100659,2017년 1월 26일 19시,목요일,전라북도 익산시 신동,경상사고,0,0,2,0,차대차 - 추돌,안전운전불이행,건조,맑음,교차로 - 교차로부근,승용,남,23세,상해없음,승용,남,71세,경상
2017012600100660,2017년 1월 26일 19시,목요일,전라북도 익산시 부송동,중상사고,0,1,0,0,차대차 - 측면충돌,안전거리미확보,건조,맑음,단일로 - 기타,승용,남,24세,상해없음,이륜,남,28세,중상
2017012600100661,2017년 1월 26일 19시,목요일,전라북도 정읍시 시기동,경상사고,0,0,1,0,차대차 - 추돌,안전운전불이행,건조,맑음,교차로 - 교차로부근,승용,남,51세,상해없음,승용,여,53세,경상
2017012600100706,2017년 1월 26일 20시,목요일,전라북도 군산시 중앙로2가,경상사고,0,0,1,0,차대사람 - 기타,안전운전불이행,건조,맑음,교차로 - 교차로안,승용,남,45세,상해없음,보행자,남,55세,경상
2017012600100747,2017년 1월 26일 21시,목요일,전라북도 군산시 경암동,경상사고,0,0,1,0,차대차 - 정면충돌,중앙선침범,건조,맑음,단일로 - 기타,승용,남,52세,상해없음,승용,남,47세,경상
2017012600100748,2017년 1월 26일 21시,목요일,전라북도 익산시 남중동,경상사고,0,0,3,0,차대차 - 정면충돌,신호위반,건조,맑음,교차로 - 교차로안,승합,남,47세,상해없음,승용,남,41세,경상
2017012700100028,2017년 1월 27일 00시,금요일,전라북도 익산시 덕기동,경상사고,0,0,1,0,차량단독 - 기타,안전운전불이행,건조,맑음,단일로 - 기타,승용,남,50세,상해없음,,,,
2017012700100029,2017년 1월 27일 00시,금요일,전라북도 무주군 무주읍,중상사고,0,2,0,0,차대차 - 측면충돌,안전운전불이행,건조,맑음,교차로 - 교차로안,승용,남,45세,상해없음,승용,남,29세,중상
2017012700100111,2017년 1월 27일 05시,금요일,전라북도 익산시 중앙동1가,경상사고,0,0,3,0,차대차 - 추돌,안전거리미확보,건조,맑음,교차로 - 교차로부근,승용,남,54세,상해없음,승용,남,28세,경상
2017012700100123,2017년 1월 27일 06시,금요일,전라북도 남원시 조산동,중상사고,0,1,1,0,차량단독 - 공작물충돌,안전운전불이행,서리/결빙,흐림,단일로 - 기타,화물,남,59세,상해없음,,,,
2017012700100124,2017년 1월 27일 06시,금요일,전라북도 순창군 인계면,사망사고,1,0,3,0,차량단독 - 전도전복 - 전도,안전운전불이행,서리/결빙,흐림,단일로 - 기타,승용,남,48세,사망,,,,
2017012700100161,2017년 1월 27일 09시,금요일,전라북도 순창군 동계면,경상사고,0,0,1,0,차대차 - 기타,안전운전불이행,서리/결빙,맑음,단일로 - 기타,승합,남,48세,상해없음,승용,남,45세,상해없음
2017012700100177,2017년 1월 27일 10시,금요일,전라북도 전주시 덕진구 산정동,경상사고,0,0,2,0,차대차 - 추돌,안전운전불이행,건조,맑음,단일로 - 기타,화물,남,51세,상해없음,승용,남,43세,경상
2017012700100178,2017년 1월 27일 10시,금요일,전라북도 전주시 덕진구 인후동1가,중상사고,0,1,0,0,차대차 - 측면충돌,안전거리미확보,건조,맑음,교차로 - 교차로부근,승용,남,66세,상해없음,승용,여,46세,중상
2017012700100197,2017년 1월 27일 11시,금요일,전라북도 순창군 동계면,경상사고,0,0,3,0,차대차 - 추돌,안전운전불이행,서리/결빙,맑음,단일로 - 기타,승용,남,59세,경상,승용,남,30세,경상
2017012700100224,2017년 1월 27일 12시,금요일,전라북도 군산시 미장동,경상사고,0,0,1,0,차대차 - 측면충돌,안전운전불이행,건조,맑음,교차로 - 교차로안,자전거,남,12세,경상,승용,여,19세,상해없음
2017012700100225,2017년 1월 27일 12시,금요일,전라북도 남원시 산동면,중상사고,0,1,2,0,차대차 - 정면충돌,안전운전불이행,서리/결빙,맑음,단일로 - 기타,승용,남,54세,상해없음,승용,남,61세,상해없음
2017012700100281,2017년 1월 27일 14시,금요일,전라북도 김제시 신풍동,경상사고,0,0,3,0,차대차 - 추돌,안전운전불이행,건조,맑음,단일로 - 기타,승용,남,74세,상해없음,화물,남,68세,경상
2017012700100282,2017년 1월 27일 14시,금요일,전라북도 남원시 산동면,중상사고,0,2,0,0,차대차 - 정면충돌,중앙선침범,서리/결빙,맑음,단일로 - 기타,승용,남,51세,중상,승합,남,58세,중상
2017012700100283,2017년 1월 27일 14시,금요일,전라북도 무주군 설천면,중상사고,0,3,1,0,차량단독 - 공작물충돌,안전운전불이행,서리/결빙,흐림,단일로 - 기타,승용,남,45세,중상,,,,
2017012700100320,2017년 1월 27일 16시,금요일,전라북도 전주시 덕진구 금암동,경상사고,0,0,1,0,차대차 - 측면충돌,중앙선침범,건조,맑음,단일로 - 기타,승용,여,33세,상해없음,승용,여,36세,경상
2017012700100351,2017년 1월 27일 17시,금요일,전라북도 전주시 완산구 중화산동2가,경상사고,0,0,2,0,차대차 - 측면충돌,중앙선침범,건조,맑음,교차로 - 교차로부근,승용,남,39세,상해없음,승용,남,32세,경상
2017012700100352,2017년 1월 27일 17시,금요일,전라북도 김제시 요촌동,경상사고,0,0,1,0,차대사람 - 차도통행중,안전운전불이행,건조,맑음,단일로 - 기타,화물,남,72세,상해없음,보행자,남,47세,경상
2017012700100469,2017년 1월 27일 23시,금요일,전라북도 정읍시 수성동,경상사고,0,0,1,0,차량단독 - 공작물충돌,안전운전불이행,건조,맑음,단일로 - 기타,승용,남,24세,경상,,,,
2017012700100470,2017년 1월 27일 23시,금요일,전라북도 부안군 부안읍,경상사고,0,0,2,0,차대차 - 측면충돌,직진우회전진행방해,건조,맑음,교차로 - 교차로안,승용,남,32세,경상,승용,여,46세,경상
2017012800100017,2017년 1월 28일 00시,토요일,전라북도 전주시 덕진구 인후동1가,경상사고,0,0,2,0,차대차 - 측면충돌,신호위반,건조,맑음,교차로 - 교차로안,승용,남,60세,상해없음,승용,남,66세,경상