사고번호,사고일시,요일,시군구,사고내용,사망자수,중상자수,경상자수,부상신고자수,사고유형,법규위반,노면상태,기상상태,도로형태,가해운전자 차종,가해운전자 성별,가해운전자 연령,가해운전자 상해정도,피해운전자 차종,피해운전자 성별,피해운전자 연령,피해운전자 상해정도
2017012800100018,2017년 1월 28일 00시,토요일,전라북도 익산시 마동,경상사고,0,0,3,0,차대차 - 측면충돌,직진우회전진행방해,건조,맑음,교차로 - 교차로안,승용,남,32세,상해없음,승용,여,50세,경상
2017012800100064,2017년 1월 28일 07시,토요일,전라북도 전주시 완산구 중화산동2가,경상사고,0,0,3,0,차대차 - 추돌,안전운전불이행,건조,맑음,기타 - 기타,승용,남,22세,상해없음,승용,남,31세,경상
2017012800100112,2017년 1월 28일 11시,토요일,전라북도 익산시 어양동,경상사고,0,0,2,0,차대차 - 정면충돌,안전운전불이행,건조,맑음,단일로 - 기타,화물,남,58세,상해없음,승용,여,63세,경상
2017012800100113,2017년 1월 28일 11시,토요일,전라북도 완주군 이서면,중상사고,0,1,2,0,차대차 - 추돌,안전운전불이행,건조,맑음,기타 - 기타,승용,남,24세,상해없음,승용,남,52세,중상
2017012800100195,2017년 1월 28일 15시,토요일,전라북도 군산시 내초동,중상사고,0,2,0,0,차대차 - 추돌,안전거리미확보,건조,맑음,교차로 - 교차로안,승용,남,36세,상해없음,승용,여,34세,중상
2017012800100210,2017년 1월 28일 16시,토요일,전라북도 정읍시 칠보면,중상사고,0,4,0,0,차대차 - 정면충돌,중앙선침범,건조,맑음,단일로 - 기타,승용,남,62세,상해없음,승용,남,53세,중상
2017012800100223,2017년 1월 28일 17시,토요일,전라북도 부안군 부안읍,경상사고,0,0,2,0,차대차 - 측면충돌,교차로운행방법위반,건조,흐림,교차로 - 교차로안,승용,여,31세,경상,승용,남,55세,경상
2017012800100241,2017년 1월 28일 18시,토요일,전라북도 익산시 여산면,중상사고,0,3,0,0,차대차 - 정면충돌,중앙선침범,건조,맑음,단일로 - 기타,화물,남,61세,상해없음,승용,남,44세,중상
2017012800100242,2017년 1월 28일 18시,토요일,전라북도 진안군 진안읍,중상사고,0,1,3,0,차대차 - 측면충돌,교차로운행방법위반,건조,맑음,교차로 - 교차로안,승용,남,37세,중상,승용,남,30세,경상
2017012800100243,2017년 1월 28일 18시,토요일,전라북도 장수군 계남면,중상사고,0,1,2,0,차대차 - 측면충돌,중앙선침범,건조,맑음,교차로 - 교차로부근,승용,여,45세,중상,화물,남,57세,경상
2017012800100267,2017년 1월 28일 19시,토요일,전라북도 군산시 나운동,경상사고,0,0,1,0,차대사람 - 횡단중,신호위반,건조,맑음,교차로 - 교차로안,원동기,남,17세,상해없음,보행자,남,24세,경상
2017012800100268,2017년 1월 28일 19시,토요일,전라북도 임실군 오수면,경상사고,0,0,2,0,차대차 - 측면충돌,직진우회전진행방해,건조,맑음,교차로 - 교차로안,승용,남,48세,상해없음,승용,남,33세,경상
2017012800100326,2017년 1월 28일 22시,토요일,전라북도 전주시 덕진구 우아동3가,경상사고,0,0,1,0,차대차 - 측면충돌,신호위반,건조,맑음,교차로 - 교차로부근,승용,남,21세,상해없음,원동기,남,37세,경상
2017012800100327,2017년 1월 28일 22시,토요일,전라북도 김제시 서암동,경상사고,0,0,1,0,차대차 - 측면충돌,안전운전불이행,건조,맑음,교차로 - 교차로안,승용,남,51세,상해없음,승용,남,26세,경상
2017012800100340,2017년 1월 28일 23시,토요일,전라북도 전주시 덕진구 송천동1가,경상사고,0,0,1,0,차대차 - 정면충돌,안전운전불이행,건조,맑음,단일로 - 기타,승용,남,24세,상해없음,승용,남,30세,경상
2017012800100341,2017년 1월 28일 23시,토요일,전라북도 익산시 황등면,경상사고,0,0,4,0,차대차 - 정면충돌,신호위반,건조,맑음,교차로 - 교차로안,승용,남,27세,상해없음,승용,남,50세,경상
2017012900100024,2017년 1월 29일 01시,일요일,전라북도 군산시 나운동,경상사고,0,0,3,0,차대차 - 측면충돌,신호위반,건조,맑음,교차로 - 교차로안,승용,남,26세,상해없음,승용,남,65세,경상
2017012900100040,2017년 1월 29일 03시,일요일,전라북도 전주시 완산구 다가동3가,경상사고,0,0,2,0,차대차 - 측면충돌,중앙선침범,젖음/습기,비,교차로 - 교차로부근,화물,남,27세,경상,승용,남,57세,경상
2017012900100054,2017년 1월 29일 04시,일요일,전라북도 전주시 완산구 중화산동2가,경상사고,0,0,1,0,차대차 - 추돌,안전운전불이행,젖음/습기,비,교차로 - 교차로부근,승용,남,28세,상해없음,승용,여,52세,경상
2017012900100073,2017년 1월 29일 06시,일요일,전라북도 남원시 보절면,경상사고,0,0,1,0,차대사람 - 횡단중,중앙선침범,건조,맑음,단일로 - 기타,승용,남,70세,상해없음,보행자,남,29세,경상
2017012900100093,2017년 1월 29일 08시,일요일,전라북도 남원시 송동면,경상사고,0,0,1,0,차대차 - 측면충돌,신호위반,건조,맑음,교차로 - 교차로안,승용,남,57세,상해없음,승용,여,61세,경상
2017012900100164,2017년 1월 29일 14시,일요일,전라북도 군산시 신풍동,중상사고,0,1,0,0,차대사람 - 횡단중,신호위반,건조,흐림,교차로 - 교차로횡단보도내,승용,여,33세,상해없음,보행자,여,18세,중상
2017012900100198,2017년 1월 29일 16시,일요일,전라북도 정읍시 상평동,경상사고,0,0,2,0,차대차 - 측면충돌,신호위반,젖음/습기,흐림,교차로 - 교차로안,승용,남,61세,상해없음,승용,남,34세,경상
2017012900100243,2017년 1월 29일 18시,일요일,전라북도 전주시 완산구 중노송동,경상사고,0,0,9,0,차대차 - 정면충돌,안전운전불이행,젖음/습기,비,단일로 - 기타,승용,남,49세,상해없음,승용,여,53세,경상
2017012900100244,2017년 1월 29일 18시,일요일,전라북도 전주시 덕진구 덕진동2가,경상사고,0,0,5,0,차대차 - 정면충돌,신호위반,젖음/습기,비,교차로 - 교차로안,승용,남,74세,상해없음,승용,여,48세,경상
2017012900100289,2017년 1월 29일 20시,일요일,전라북도 익산시 부송동,중상사고,0,1,0,0,차대사람 - 횡단중,안전운전불이행,젖음/습기,비,단일로 - 기타,승용,남,40세,상해없음,보행자,여,48세,중상
2017012900100290,2017년 1월 29일 20시,일요일,전라북도 고창군 흥덕면,경상사고,0,0,1,0,차대차 - 정면충돌,안전운전불이행,젖음/습기,비,단일로 - 기타,승용,남,47세,상해없음,승용,남,37세,경상
2017012900100307,2017년 1월 29일 21시,일요일,전라북도 김제시 서암동,경상사고,0,0,1,0,차대차 - 측면충돌,직진우회전진행방해,젖음/습기,비,교차로 - 교차로안,승용,남,56세,상해없음,원동기,남,49세,경상
2017012900100335,2017년 1월 29일 22시,일요일,전라북도 정읍시 공평동,경상사고,0,0,2,0,차대차 - 정면충돌,교차로운행방법위반,젖음/습기,비,교차로 - 교차로안,승용,남,38세,경상,승용,남,28세,경상
2017013000100053,2017년 1월 30일 03시,월요일,전라북도 전주시 완산구 효자동2가,경상사고,0,0,3,0,차대차 - 기타,교차로운행방법위반,건조,맑음,교차로 - 교차로안,승용,남,27세,상해없음,승용,여,24세,경상
2017013000100060,2017년 1월 30일 04시,월요일,전라북도 군산시 경암동,경상사고,0,0,1,0,차대차 - 측면충돌,신호위반,건조,맑음,교차로 - 교차로안,화물,남,55세,상해없음,승합,남,57세,경상
2017013000100061,2017년 1월 30일 04시,월요일,전라북도 익산시 신흥동,경상사고,0,0,1,0,차대차 - 측면충돌,안전운전불이행,젖음/습기,비,단일로 - 기타,승용,남,62세,상해없음,승용,남,24세,상해없음
2017013000100070,2017년 1월 30일 05시,월요일,전라북도 전주시 완산구 평화동2가,경상사고,0,0,4,0,차대차 - 측면충돌,안전거리미확보,젖음/습기,흐림,기타 - 기타,승용,남,38세,경상,화물,남,48세,경상
2017013000100106,2017년 1월 30일 09시,월요일,전라북도 군산시 소룡동,경상사고,0,0,3,0,차대차 - 기타,중앙선침범,건조,맑음,교차로 - 교차로부근,승용,남,51세,상해없음,승용,남,29세,경상
2017013000100146,2017년 1월 30일 12시,월요일,전라북도 전주시 덕진구 여의동,경상사고,0,0,2,0,차대차 - 측면충돌,안전거리미확보,건조,맑음,단일로 - 기타,화물,남,60세,상해없음,승용,남,50세,경상
2017013000100194,2017년 1월 30일 14시,월요일,전라북도 군산시 경암동,중상사고,0,1,0,0,차대차 - 측면충돌,신호위반,건조,맑음,교차로 - 교차로안,승용,남,70세,상해없음,승용,남,68세,중상
2017013000100265,2017년 1월 30일 17시,월요일,전라북도 남원시 도통동,경상사고,0,0,1,0,차대차 - 측면충돌,교차로운행방법위반,건조,맑음,교차로 - 교차로안,승용,남,22세,상해없음,승용,남,57세,경상
2017013000100299,2017년 1월 30일 19시,월요일,전라북도 전주시 덕진구 팔복동2가,중상사고,0,1,0,0,차대사람 - 길가장자리구역통행중,안전운전불이행,건조,맑음,단일로 - 기타,화물,남,42세,상해없음,보행자,여,63세,중상
2017013000100300,2017년 1월 30일 19시,월요일,전라북도 김제시 하동,경상사고,0,0,3,0,차대차 - 추돌,안전운전불이행,건조,맑음,단일로 - 기타,승용,남,22세,상해없음,승용,남,43세,경상
2017013000100320,2017년 1월 30일 20시,월요일,전라북도 정읍시 수성동,사망사고,1,0,0,0,차대사람 - 횡단중,보행자보호의무위반,건조,맑음,교차로 - 교차로횡단보도내,승합,남,57세,상해없음,보행자,여,44세,사망
2017013000100321,2017년 1월 30일 20시,월요일,전라북도 남원시 도통동,경상사고,0,0,3,0,차대차 - 추돌,안전운전불이행,건조,맑음,교차로 - 교차로부근,승용,남,35세,상해없음,승용,남,48세,경상
2017013000100362,2017년 1월 30일 22시,월요일,전라북도 전주시 덕진구 송천동2가,중상사고,0,2,0,0,차대차 - 측면충돌,안전운전불이행,건조,맑음,단일로 - 기타,승용,남,28세,상해없음,승용,남,40세,중상
2017013000100363,2017년 1월 30일 22시,월요일,전라북도 익산시 왕궁면,경상사고,0,0,2,0,차대차 - 추돌,안전운전불이행,건조,맑음,단일로 - 기타,화물,남,54세,상해없음,승용,남,33세,경상
2017013100100067,2017년 1월 31일 06시,화요일,전라북도 익산시 삼기면,경상사고,0,0,1,0,차대차 - 정면충돌,신호위반,건조,맑음,교차로 - 교차로안,특수,남,27세,상해없음,승합,남,41세,경상
2017013100100181,2017년 1월 31일 12시,화요일,전라북도 군산시 중앙로1가,경상사고,0,0,1,0,차대사람 - 차도통행중,안전운전불이행,건조,맑음,교차로 - 교차로부근,승용,여,64세,상해없음,보행자,남,77세,경상
2017013100100182,2017년 1월 31일 12시,화요일,전라북도 부안군 부안읍,중상사고,0,1,3,0,차대차 - 측면충돌,교차로운행방법위반,건조,맑음,교차로 - 교차로안,화물,남,49세,경상,승용,남,48세,중상
2017013100100204,2017년 1월 31일 13시,화요일,전라북도 정읍시 시기동,경상사고,0,0,1,0,차대차 - 기타,불법유턴,건조,맑음,교차로 - 교차로안,자전거,남,77세,경상,승용,남,50세,상해없음
2017013100100267,2017년 1월 31일 15시,화요일,전라북도 전주시 완산구 평화동2가,중상사고,0,1,0,0,차대사람 - 횡단중,안전운전불이행,건조,맑음,단일로 - 기타,승용,남,76세,상해없음,보행자,여,67세,중상
2017013100100268,2017년 1월 31일 15시,화요일,전라북도 정읍시 상동,경상사고,0,0,1,0,차대차 - 측면충돌,불법유턴,건조,맑음,교차로 - 교차로횡단보도내,자전거,남,54세,경상,화물,남,42세,상해없음
2017013100100356,2017년 1월 31일 18시,화요일,전라북도 군산시 조촌동,경상사고,0,0,1,0,차대차 - 측면충돌,안전운전불이행,건조,맑음,교차로 - 교차로안,승용,여,55세,상해없음,원동기,남,19세,경상
2017013100100379,2017년 1월 31일 19시,화요일,전라북도 군산시 산북동,경상사고,0,0,1,0,차대차 - 추돌,안전운전불이행,건조,맑음,교차로 - 교차로부근,승용,남,53세,상해없음,승용,남,44세,경상
2017013100100400,2017년 1월 31일 20시,화요일,전라북도 군산시 조촌동,중상사고,0,1,0,0,차대차 - 기타,직진우회전진행방해,건조,맑음,교차로 - 교차로안,승용,여,53세,상해없음,원동기,남,22세,중상
2017013100100401,2017년 1월 31일 20시,화요일,전라북도 익산시 영등동,경상사고,0,0,3,0,차대차 - 추돌,안전운전불이행,건조,맑음,단일로 - 기타,승용,남,64세,상해없음,승용,여,41세,경상
2017013100100402,2017년 1월 31일 20시,화요일,전라북도 김제시 검산동,경상사고,0,0,5,0,차대차 - 추돌,안전운전불이행,건조,맑음,단일로 - 기타,승용,남,34세,상해없음,승용,여,44세,경상
2017013100100429,2017년 1월 31일 21시,화요일,전라북도 전주시 덕진구 금암동,경상사고,0,0,1,0,차대사람 - 횡단중,안전운전불이행,건조,맑음,단일로 - 기타,승용,남,56세,상해없음,보행자,남,44세,경상
2017013100100459,2017년 1월 31일 22시,화요일,전라북도 전주시 덕진구 덕진동2가,경상사고,0,0,1,0,차대차 - 추돌,안전운전불이행,건조,맑음,단일로 - 기타,승용,남,48세,상해없음,승용,남,48세,경상
2017020100100029,2017년 2월 1일 01시,수요일,전라북도 정읍시 시기동,경상사고,0,0,1,0,차대차 - 측면충돌,직진우회전진행방해,건조,맑음,교차로 - 교차로안,승용,남,59세,상해없음,승용,남,37세,경상
2017020100100074,2017년 2월 1일 06시,수요일,전라북도 전주시 완산구 효자동1가,경상사고,0,0,1,0,차대차 - 측면충돌,신호위반,건조,맑음,교차로 - 교차로안,승용,남,63세,상해없음,승용,남,53세,경상
2017020100100115,2017년 2월 1일 08시,수요일,전라북도 전주시 완산구 서완산동1가,중상사고,0,1,0,0,차대사람 - 횡단중,안전운전불이행,건조,맑음,단일로 - 기타,화물,남,48세,상해없음,보행자,여,67세,중상
2017020100100134,2017년 2월 1일 09시,수요일,전라북도 완주군 이서면,경상사고,0,0,1,0,차대차 - 정면충돌,중앙선침범,건조,맑음,단일로 - 기타,승용,남,31세,상해없음,승용,여,25세,경상
2017020100100164,2017년 2월 1일 11시,수요일,전라북도 군산시 대야면,경상사고,0,0,1,0,차대사람 - 기타,안전운전불이행,건조,맑음,단일로 - 기타,승용,남,72세,상해없음,보행자,여,26세,경상
2017020100100179,2017년 2월 1일 12시,수요일,전라북도 익산시 신동,중상사고,0,1,0,0,차대차 - 측면충돌,신호위반,건조,맑음,교차로 - 교차로안,승용,남,54세,상해없음,이륜,남,64세,중상
2017020100100180,2017년 2월 1일 12시,수요일,전라북도 익산시 갈산동,경상사고,0,0,1,0,차대사람 - 횡단중,보행자보호의무위반,건조,맑음,단일로 - 기타,승합,남,51세,상해없음,보행자,남,73세,경상
2017020100100181,2017년 2월 1일 12시,수요일,전라북도 무주군 안성면,중상사고,0,1,0,0,차대차 - 측면충돌,직진우회전진행방해,건조,맑음,교차로 - 교차로부근,화물,남,67세,상해없음,원동기,남,56세,중상
2017020100100238,2017년 2월 1일 14시,수요일,전라북도 군산시 나운동,경상사고,0,0,1,0,차대차 - 기타,안전거리미확보,건조,맑음,단일로 - 기타,승용,남,70세,상해없음,승합,남,55세,상해없음
2017020100100239,2017년 2월 1일 14시,수요일,전라북도 익산시 오산면,경상사고,0,0,1,0,차대차 - 측면충돌,신호위반,건조,맑음,교차로 - 교차로안,승용,여,50세,상해없음,승용,여,52세,경상
2017020100100295,2017년 2월 1일 16시,수요일,전라북도 전주시 덕진구 팔복동4가,경상사고,0,0,1,0,차대차 - 측면충돌,안전운전불이행,건조,맑음,단일로 - 기타,승용,남,66세,상해없음,승합,남,56세,경상
2017020100100296,2017년 2월 1일 16시,수요일,전라북도 전주시 덕진구 금암동,경상사고,0,0,1,0,차대차 - 측면충돌,교차로운행방법위반,건조,맑음,교차로 - 교차로부근,화물,남,64세,상해없음,이륜,남,46세,경상
2017020100100297,2017년 2월 1일 16시,수요일,전라북도 진안군 성수면,중상사고,0,1,1,0,차대차 - 추돌,안전운전불이행,건조,맑음,단일로 - 기타,화물,남,57세,상해없음,화물,남,53세,경상
2017020100100329,2017년 2월 1일 17시,수요일,전라북도 전주시 덕진구 송천동2가,경상사고,0,0,1,0,차대사람 - 횡단중,보행자보호의무위반,건조,맑음,교차로 - 교차로횡단보도내,승용,남,51세,상해없음,보행자,남,13세,경상
2017020100100360,2017년 2월 1일 18시,수요일,전라북도 전주시 완산구 서신동,중상사고,0,1,1,0,차대차 - 추돌,안전거리미확보,건조,맑음,단일로 - 기타,승용,남,48세,상해없음,이륜,남,48세,중상
2017020100100361,2017년 2월 1일 18시,수요일,전라북도 익산시 인화동1가,경상사고,0,0,1,0,차대사람 - 횡단중,안전운전불이행,건조,맑음,교차로 - 교차로부근,승용,여,28세,상해없음,보행자,남,21세,경상
2017020100100362,2017년 2월 1일 18시,수요일,전라북도 정읍시 수성동,경상사고,0,0,1,0,차대차 - 측면충돌,안전운전불이행,건조,맑음,단일로 - 기타,승용,여,49세,상해없음,승용,남,28세,상해없음
2017020100100396,2017년 2월 1일 19시,수요일,전라북도 전주시 덕진구 전미동2가,경상사고,0,0,3,0,차대차 - 추돌,안전운전불이행,젖음/습기,맑음,단일로 - 기타,화물,남,43세,상해없음,승용,남,30세,경상
2017020100100397,2017년 2월 1일 19시,수요일,전라북도 고창군 고창읍,경상사고,0,0,1,0,차대사람 - 횡단중,보행자보호의무위반,건조,맑음,단일로 - 기타,승용,여,50세,상해없음,보행자,남,17세,경상
2017020100100441,2017년 2월 1일 21시,수요일,전라북도 군산시 수송동,경상사고,0,0,1,0,차대차 - 기타,신호위반,건조,맑음,교차로 - 교차로안,기타불명,기타불명,미분류,기타불명,승용,남,56세,상해없음
2017020100100457,2017년 2월 1일 22시,수요일,전라북도 완주군 봉동읍,경상사고,0,0,1,0,차대차 - 추돌,안전운전불이행,건조,맑음,단일로 - 기타,승용,남,52세,상해없음,화물,여,50세,경상
2017020200100044,2017년 2월 2일 04시,목요일,전라북도 전주시 완산구 다가동3가,경상사고,0,0,1,0,차량단독 - 전도전복,안전운전불이행,건조,맑음,단일로 - 기타,승용,남,22세,경상,미분류,미분류,미분류,미분류
2017020200100061,2017년 2월 2일 06시,목요일,전라북도 익산시 모현동1가,중상사고,0,1,0,0,차대사람 - 기타,안전운전불이행,건조,맑음,단일로 - 기타,승용,남,39세,상해없음,보행자,남,40세,중상
2017020200100062,2017년 2월 2일 06시,목요일,전라북도 익산시 신흥동,경상사고,0,0,1,0,차대차 - 측면충돌,안전운전불이행,건조,맑음,단일로 - 기타,승용,남,33세,상해없음,승용,남,31세,경상
2017020200100109,2017년 2월 2일 08시,목요일,전라북도 군산시 대야면,경상사고,0,0,2,0,차대차 - 추돌,안전운전불이행,건조,맑음,단일로 - 기타,화물,남,26세,상해없음,화물,남,59세,경상
2017020200100167,2017년 2월 2일 11시,목요일,전라북도 군산시 경암동,경상사고,0,0,1,0,차대차 - 기타,차로위반,건조,맑음,교차로 - 교차로안,승용,남,67세,상해없음,승용,남,62세,상해없음
2017020200100185,2017년 2월 2일 12시,목요일,전라북도 전주시 덕진구 송천동1가,경상사고,0,0,1,0,차대사람 - 횡단중,안전운전불이행,건조,맑음,단일로 - 기타,원동기,남,43세,상해없음,보행자,남,15세,경상
2017020200100235,2017년 2월 2일 14시,목요일,전라북도 전주시 완산구 효자동1가,경상사고,0,0,2,0,차대차 - 측면충돌,안전거리미확보,건조,맑음,단일로 - 기타,화물,남,59세,상해없음,승용,남,46세,경상
2017020200100236,2017년 2월 2일 14시,목요일,전라북도 군산시 조촌동,중상사고,0,1,0,0,차대차 - 측면충돌,차로위반,건조,맑음,교차로 - 교차로안,이륜,남,79세,중상,승용,여,36세,상해없음
2017020200100237,2017년 2월 2일 14시,목요일,전라북도 군산시 지곡동,경상사고,0,0,3,0,차대차 - 측면충돌,신호위반,건조,맑음,교차로 - 교차로안,승용,남,73세,상해없음,승용,여,45세,경상
2017020200100238,2017년 2월 2일 14시,목요일,전라북도 익산시 춘포면,경상사고,0,0,1,0,차대차 - 측면충돌,안전운전불이행,건조,맑음,교차로 - 교차로안,자전거,여,48세,경상,승용,여,38세,상해없음
2017020200100239,2017년 2월 2일 14시,목요일,전라북도 고창군 무장면,중상사고,0,1,1,0,차대차 - 측면충돌,신호위반,건조,맑음,교차로 - 교차로안,화물,여,56세,중상,승용,남,38세,경상
2017020200100288,2017년 2월 2일 16시,목요일,전라북도 정읍시 신태인읍,경상사고,0,0,1,0,차대사람 - 횡단중,안전운전불이행,건조,맑음,단일로 - 기타,승용,남,80세,상해없음,보행자,남,65세,경상
2017020200100323,2017년 2월 2일 17시,목요일,전라북도 익산시 남중동,경상사고,0,0,1,0,차대차 - 측면충돌,신호위반,건조,맑음,교차로 - 교차로안,화물,남,55세,상해없음,승용,남,44세,경상
2017020200100324,2017년 2월 2일 17시,목요일,전라북도 부안군 줄포면,경상사고,0,0,1,0,차대차 - 측면충돌,직진우회전진행방해,건조,맑음,교차로 - 교차로안,자전거,여,69세,경상,화물,남,29세,상해없음
2017020200100366,2017년 2월 2일 18시,목요일,전라북도 군산시 나운동,경상사고,0,0,2,0,차대차 - 측면충돌,안전운전불이행,건조,흐림,교차로 - 교차로부근,승용,남,63세,상해없음,승합,남,49세,상해없음
2017020200100429,2017년 2월 2일 20시,목요일,전라북도 전주시 완산구 효자동2가,중상사고,0,2,0,0,차대사람 - 횡단중,보행자보호의무위반,건조,맑음,교차로 - 교차로안,승용,여,47세,상해없음,보행자,여,47세,중상
2017020200100430,2017년 2월 2일 20시,목요일,전라북도 익산시 오산면,중상사고,0,1,1,0,차대차 - 추돌,안전운전불이행,건조,맑음,단일로 - 교량,화물,남,56세,중상,화물,남,53세,경상
2017020200100431,2017년 2월 2일 20시,목요일,전라북도 익산시 팔봉동,경상사고,0,0,2,0,차대차 - 측면충돌,차로위반,건조,맑음,단일로 - 기타,승용,남,30세,상해없음,원동기,남,22세,경상
2017020200100457,2017년 2월 2일 21시,목요일,전라북도 전주시 덕진구 원동,경상사고,0,0,1,0,차대차 - 추돌,기타,건조,맑음,단일로 - 기타,이륜,남,28세,상해없음,승용,남,25세,상해없음
2017020200100483,2017년 2월 2일 22시,목요일,전라북도 전주시 완산구 대성동,중상사고,0,1,1,0,차대차 - 추돌,안전운전불이행,건조,맑음,교차로 - 교차로부근,승합,남,54세,중상,승용,여,54세,경상
2017020200100502,2017년 2월 2일 23시,목요일,전라북도 익산시 인화동1가,경상사고,0,0,1,0,차대차 - 추돌,안전운전불이행,건조,맑음,단일로 - 기타,승용,남,51세,상해없음,승용,여,37세,경상
2017020300100136,2017년 2월 3일 08시,금요일,전라북도 김제시 백구면,중상사고,0,1,0,0,차대차 - 측면충돌,교차로운행방법위반,건조,맑음,교차로 - 교차로안,승용,남,58세,상해없음,승용,남,57세,중상
2017020300100167,2017년 2월 3일 09시,금요일,전라북도 군산시 옥산면,중상사고,0,1,2,0,차대차 - 측면충돌,신호위반,건조,맑음,교차로 - 교차로안,승용,여,48세,상해없음,승용,여,39세,경상
2017020300100193,2017년 2월 3일 10시,금요일,전라북도 전주시 덕진구 반월동,중상사고,0,1,0,0,차대사람 - 횡단중,안전운전불이행,건조,맑음,교차로 - 교차로안,화물,남,54세,상해없음,보행자,남,85세,중상
2017020300100211,2017년 2월 3일 11시,금요일,전라북도 전주시 완산구 서노송동,경상사고,0,0,3,0,차대차 - 기타,안전거리미확보,건조,맑음,단일로 - 기타,화물,남,69세,경상,승합,남,54세,경상
2017020300100212,2017년 2월 3일 11시,금요일,전라북도 전주시 덕진구 덕진동1가,경상사고,0,0,1,0,차대사람 - 차도통행중,안전운전불이행,건조,맑음,단일로 - 기타,승용,여,44세,상해없음,보행자,남,22세,경상
2017020300100250,2017년 2월 3일 13시,금요일,전라북도 임실군 임실읍,경상사고,0,0,1,0,차대차 - 측면충돌,중앙선침범,건조,맑음,단일로 - 기타,화물,남,66세,상해없음,승용,남,71세,경상
2017020300100277,2017년 2월 3일 14시,금요일,전라북도 고창군 고창읍,사망사고,1,0,0,0,차대차 - 측면충돌,직진우회전진행방해,건조,맑음,교차로 - 교차로안,화물,남,50세,상해없음,원동기,남,81세,사망
2017020300100300,2017년 2월 3일 15시,금요일,전라북도 익산시 팔봉동,경상사고,0,0,3,0,차대차 - 추돌,안전운전불이행,건조,맑음,교차로 - 교차로부근,화물,남,59세,상해없음,승용,남,36세,경상
2017020300100389,2017년 2월 3일 18시,금요일,전라북도 전주시 완산구 서노송동,경상사고,0,0,2,0,차대차 - 정면충돌,교차로운행방법위반,건조,맑음,교차로 - 교차로안,승용,남,67세,상해없음,승용,여,52세,경상
2017020300100390,2017년 2월 3일 18시,금요일,전라북도 군산시 나운동,중상사고,0,1,0,0,차대차 - 측면충돌,안전거리미확보,건조,맑음,교차로 - 교차로부근,승합,남,56세,상해없음,자전거,남,23세,중상
2017020300100391,2017년 2월 3일 18시,금요일,전라북도 익산시 함열읍,경상사고,0,0,2,0,차대차 - 기타,중앙선침범,건조,맑음,단일로 - 기타,승용,남,54세,상해없음,승용,여,56세,경상
2017020300100473,2017년 2월 3일 20시,금요일,전라북도 김제시 순동,중상사고,0,1,0,0,차대차 - 추돌,안전운전불이행,건조,맑음,교차로 - 교차로부근,승용,남,29세,상해없음,승용,여,31세,중상
2017020300100529,2017년 2월 3일 22시,금요일,전라북도 전주시 완산구 서신동,경상사고,0,0,3,0,차대차 - 추돌,안전운전불이행,건조,맑음,단일로 - 기타,승용,남,57세,상해없음,승용,여,50세,경상
2017020300100530,2017년 2월 3일 22시,금요일,전라북도 전주시 덕진구 금암동,경상사고,0,0,1,0,차대차 - 추돌,안전운전불이행,건조,흐림,단일로 - 기타,승용,남,57세,상해없음,승용,여,34세,경상
2017020400100206,2017년 2월 4일 11시,토요일,전라북도 전주시 완산구 평화동2가,중상사고,0,2,5,0,차대차 - 측면충돌,교차로운행방법위반,건조,맑음,교차로 - 교차로안,승용,여,46세,중상,승용,남,64세,경상
2017020400100226,2017년 2월 4일 12시,토요일,전라북도 정읍시 시기동,경상사고,0,0,1,0,차대차 - 측면충돌,안전운전불이행,건조,맑음,교차로 - 교차로안,승용,남,44세,기타불명,자전거,여,65세,경상
2017020400100227,2017년 2월 4일 12시,토요일,전라북도 무주군 부남면,중상사고,0,1,0,0,차대차 - 측면충돌,안전운전불이행,건조,맑음,단일로 - 기타,화물,남,74세,상해없음,사륜오토바이(ATV),남,84세,중상
2017020400100250,2017년 2월 4일 13시,토요일,전라북도 부안군 줄포면,경상사고,0,0,3,0,차대차 - 측면충돌,신호위반,건조,맑음,교차로 - 교차로안,승용,남,50세,상해없음,승용,여,68세,경상
2017020400100277,2017년 2월 4일 14시,토요일,전라북도 임실군 지사면,중상사고,0,1,0,0,차대차 - 측면충돌,교차로운행방법위반,건조,맑음,교차로 - 교차로안,화물,남,63세,상해없음,원동기,남,55세,중상
2017020400100278,2017년 2월 4일 14시,토요일,전라북도 순창군 인계면,중상사고,0,1,0,0,차량단독 - 전도전복 - 전도,안전운전불이행,건조,맑음,단일로 - 기타,화물,남,39세,중상,,,,
2017020400100328,2017년 2월 4일 17시,토요일,전라북도 남원시 대산면,중상사고,0,1,0,0,차대차 - 정면충돌,중앙선침범,건조,맑음,교차로 - 교차로부근,화물,남,40세,상해없음,화물,남,52세,중상
2017020400100397,2017년 2월 4일 19시,토요일,전라북도 김제시 검산동,경상사고,0,0,3,0,차대차 - 추돌,안전운전불이행,건조,맑음,교차로 - 교차로안,승용,여,28세,상해없음,승용,여,45세,경상
2017020400100416,2017년 2월 4일 20시,토요일,전라북도 군산시 지곡동,경상사고,0,0,2,0,차대차 - 추돌,안전운전불이행,건조,맑음,교차로 - 교차로부근,승용,남,48세,상해없음,승용,여,31세,경상