사고번호,사고일시,요일,시군구,사고내용,사망자수,중상자수,경상자수,부상신고자수,사고유형,법규위반,노면상태,기상상태,도로형태,가해운전자 차종,가해운전자 성별,가해운전자 연령,가해운전자 상해정도,피해운전자 차종,피해운전자 성별,피해운전자 연령,피해운전자 상해정도
2017020400100441,2017년 2월 4일 21시,토요일,전라북도 전주시 완산구 삼천동1가,경상사고,0,0,1,0,차대사람 - 횡단중,보행자보호의무위반,건조,맑음,단일로 - 기타,승용,남,30세,상해없음,보행자,여,24세,경상
2017020400100442,2017년 2월 4일 21시,토요일,전라북도 군산시 나운동,경상사고,0,0,1,0,차대차 - 측면충돌,신호위반,건조,맑음,교차로 - 교차로안,승용,남,45세,상해없음,승용,여,43세,경상
2017020400100443,2017년 2월 4일 21시,토요일,전라북도 무주군 설천면,경상사고,0,0,1,0,차대차 - 추돌,안전운전불이행,젖음/습기,흐림,단일로 - 기타,승용,남,43세,상해없음,승용,여,55세,경상
2017020400100469,2017년 2월 4일 22시,토요일,전라북도 전주시 덕진구 인후동1가,경상사고,0,0,1,0,차대차 - 측면충돌,안전거리미확보,젖음/습기,비,단일로 - 기타,승용,남,28세,상해없음,이륜,남,16세,경상
2017020400100470,2017년 2월 4일 22시,토요일,전라북도 군산시 산북동,중상사고,0,1,1,0,차대사람 - 보도통행중,안전운전불이행,건조,맑음,단일로 - 기타,승용,남,29세,상해없음,보행자,남,48세,경상
2017020500100015,2017년 2월 5일 00시,일요일,전라북도 군산시 수송동,중상사고,0,1,0,0,차대차 - 추돌,안전운전불이행,건조,맑음,단일로 - 기타,승용,남,20세,상해없음,원동기,남,47세,중상
2017020500100037,2017년 2월 5일 01시,일요일,전라북도 전주시 완산구 효자동1가,중상사고,0,1,2,0,차대차 - 기타,안전운전불이행,기타,맑음,단일로 - 기타,승합,남,41세,상해없음,화물,남,48세,중상
2017020500100057,2017년 2월 5일 02시,일요일,전라북도 전주시 완산구 효자동2가,경상사고,0,0,1,0,차대사람 - 기타,안전운전불이행,건조,맑음,단일로 - 기타,기타불명,기타불명,미분류,기타불명,보행자,남,41세,경상
2017020500100103,2017년 2월 5일 07시,일요일,전라북도 전주시 덕진구 덕진동2가,경상사고,0,0,1,0,차대차 - 측면충돌,신호위반,건조,맑음,교차로 - 교차로안,승용,여,56세,상해없음,승용,여,61세,경상
2017020500100110,2017년 2월 5일 08시,일요일,전라북도 군산시 동흥남동,경상사고,0,0,2,0,차대차 - 측면충돌,신호위반,건조,맑음,교차로 - 교차로안,승용,여,42세,상해없음,승용,남,38세,경상
2017020500100181,2017년 2월 5일 13시,일요일,전라북도 군산시 경장동,경상사고,0,0,2,0,차대차 - 측면충돌,중앙선침범,젖음/습기,흐림,단일로 - 기타,승용,남,37세,상해없음,승용,남,45세,경상
2017020500100195,2017년 2월 5일 14시,일요일,전라북도 김제시 순동,경상사고,0,0,4,0,차대차 - 추돌,안전운전불이행,젖음/습기,비,교차로 - 교차로부근,승용,남,52세,상해없음,승용,남,51세,경상
2017020500100216,2017년 2월 5일 15시,일요일,전라북도 군산시 옥도면,경상사고,0,0,3,0,차대차 - 측면충돌,신호위반,건조,맑음,교차로 - 교차로안,승용,남,62세,상해없음,승용,여,56세,경상
2017020500100217,2017년 2월 5일 15시,일요일,전라북도 익산시 황등면,경상사고,0,0,1,0,차대차 - 측면충돌,직진우회전진행방해,젖음/습기,비,교차로 - 교차로안,승용,여,42세,상해없음,승합,남,49세,경상
2017020500100218,2017년 2월 5일 15시,일요일,전라북도 정읍시 시기동,경상사고,0,0,2,0,차대차 - 측면충돌,불법유턴,젖음/습기,흐림,교차로 - 교차로안,화물,남,68세,경상,승용,남,32세,경상
2017020500100219,2017년 2월 5일 15시,일요일,전라북도 김제시 연정동,경상사고,0,0,1,0,차대차 - 측면충돌,중앙선침범,젖음/습기,비,교차로 - 교차로부근,화물,남,69세,상해없음,화물,남,60세,경상
2017020500100288,2017년 2월 5일 18시,일요일,전라북도 정읍시 소성면,경상사고,0,0,2,0,차대차 - 측면충돌,신호위반,건조,흐림,교차로 - 교차로안,승용,남,67세,상해없음,승용,남,48세,경상
2017020500100314,2017년 2월 5일 19시,일요일,전라북도 전주시 완산구 중동,경상사고,0,0,6,0,차대차 - 추돌,안전거리미확보,건조,맑음,단일로 - 기타,승용,남,48세,상해없음,화물,남,22세,상해없음
2017020500100343,2017년 2월 5일 20시,일요일,전라북도 전주시 덕진구 덕진동2가,경상사고,0,0,1,0,차대차 - 측면충돌,중앙선침범,젖음/습기,흐림,단일로 - 기타,승용,여,26세,상해없음,이륜,남,23세,경상
2017020500100344,2017년 2월 5일 20시,일요일,전라북도 익산시 모현동1가,경상사고,0,0,1,0,차대사람 - 횡단중,안전운전불이행,건조,맑음,교차로 - 교차로부근,승합,남,43세,상해없음,보행자,여,57세,경상
2017020500100362,2017년 2월 5일 21시,일요일,전라북도 전주시 덕진구 인후동1가,경상사고,0,0,1,0,차대차 - 추돌,안전운전불이행,건조,맑음,교차로 - 교차로부근,화물,남,48세,상해없음,승용,남,46세,경상
2017020600100033,2017년 2월 6일 02시,월요일,전라북도 전주시 덕진구 금암동,중상사고,0,1,1,0,차대차 - 측면충돌,신호위반,건조,맑음,교차로 - 교차로안,승용,남,41세,상해없음,승용,남,58세,중상
2017020600100048,2017년 2월 6일 05시,월요일,전라북도 전주시 덕진구 금암동,중상사고,0,1,2,0,차대차 - 측면충돌,신호위반,건조,맑음,교차로 - 교차로안,승용,여,30세,상해없음,승용,남,74세,경상
2017020600100135,2017년 2월 6일 09시,월요일,전라북도 전주시 덕진구 덕진동2가,경상사고,0,0,1,0,차대차 - 측면충돌,신호위반,건조,맑음,교차로 - 교차로안,승용,여,47세,상해없음,승용,남,46세,경상
2017020600100136,2017년 2월 6일 09시,월요일,전라북도 김제시 연정동,경상사고,0,0,2,0,차대차 - 측면충돌,안전거리미확보,건조,맑음,단일로 - 기타,화물,남,65세,상해없음,승용,남,64세,경상
2017020600100175,2017년 2월 6일 11시,월요일,전라북도 부안군 부안읍,중상사고,0,1,0,0,차대사람 - 횡단중,안전운전불이행,건조,맑음,단일로 - 기타,원동기,남,75세,상해없음,보행자,여,80세,중상
2017020600100210,2017년 2월 6일 12시,월요일,전라북도 전주시 덕진구 여의동,중상사고,0,1,2,0,차대차 - 추돌,안전운전불이행,건조,맑음,단일로 - 기타,화물,남,56세,상해없음,승용,여,54세,중상
2017020600100290,2017년 2월 6일 15시,월요일,전라북도 김제시 신풍동,중상사고,0,1,1,0,차대차 - 측면충돌,직진우회전진행방해,건조,맑음,교차로 - 교차로안,화물,남,75세,상해없음,농기계,남,72세,경상
2017020600100322,2017년 2월 6일 16시,월요일,전라북도 군산시 산북동,중상사고,0,1,0,0,차대차 - 측면충돌,신호위반,건조,맑음,교차로 - 교차로안,승용,남,68세,상해없음,승용,남,50세,중상
2017020600100323,2017년 2월 6일 16시,월요일,전라북도 정읍시 상동,경상사고,0,0,1,0,차대차 - 추돌,안전거리미확보,건조,맑음,단일로 - 기타,승용,남,51세,상해없음,승합,여,39세,상해없음
2017020600100324,2017년 2월 6일 16시,월요일,전라북도 정읍시 시기동,경상사고,0,0,1,0,차대차 - 측면충돌,중앙선침범,건조,맑음,단일로 - 기타,승용,여,60세,상해없음,이륜,남,20세,경상
2017020600100380,2017년 2월 6일 18시,월요일,전라북도 임실군 오수면,사망사고,1,0,0,0,차대차 - 측면충돌,안전운전불이행,건조,맑음,교차로 - 교차로안,승용,남,51세,상해없음,이륜,남,47세,사망
2017020600100417,2017년 2월 6일 19시,월요일,전라북도 김제시 금구면,경상사고,0,0,2,0,차대사람 - 횡단중,신호위반,건조,맑음,교차로 - 교차로횡단보도내,승용,남,64세,상해없음,보행자,남,75세,경상
2017020600100441,2017년 2월 6일 20시,월요일,전라북도 익산시 신동,중상사고,0,1,0,0,차대사람 - 횡단중,기타,건조,맑음,단일로 - 기타,승용,여,45세,상해없음,보행자,남,52세,중상
2017020600100509,2017년 2월 6일 23시,월요일,전라북도 전주시 완산구 동서학동,경상사고,0,0,2,0,차대차 - 측면충돌,안전운전불이행,건조,맑음,단일로 - 기타,승용,남,31세,상해없음,승용,남,26세,경상
2017020600100510,2017년 2월 6일 23시,월요일,전라북도 전주시 덕진구 송천동2가,경상사고,0,0,1,0,차대차 - 추돌,안전운전불이행,건조,맑음,교차로 - 교차로부근,승용,남,47세,상해없음,승용,남,31세,경상
2017020700100021,2017년 2월 7일 00시,화요일,전라북도 전주시 덕진구 인후동1가,중상사고,0,1,1,0,차대차 - 측면충돌,신호위반,건조,맑음,교차로 - 교차로안,승용,남,64세,상해없음,승용,남,56세,중상
2017020700100028,2017년 2월 7일 01시,화요일,전라북도 전주시 완산구 삼천동1가,경상사고,0,0,1,0,차대차 - 측면충돌,교차로운행방법위반,건조,맑음,교차로 - 교차로안,승용,남,48세,상해없음,승용,남,36세,경상
2017020700100073,2017년 2월 7일 06시,화요일,전라북도 전주시 완산구 효자동1가,경상사고,0,0,2,0,차대차 - 추돌,안전운전불이행,건조,맑음,교차로 - 교차로부근,승용,남,57세,상해없음,승용,남,24세,경상
2017020700100123,2017년 2월 7일 08시,화요일,전라북도 전주시 덕진구 진북동,경상사고,0,0,1,0,차대차 - 측면충돌,안전거리미확보,건조,맑음,단일로 - 기타,승용,남,64세,상해없음,승용,남,54세,경상
2017020700100150,2017년 2월 7일 09시,화요일,전라북도 군산시 미룡동,경상사고,0,0,1,0,차대차 - 기타,안전운전불이행,건조,맑음,교차로 - 교차로안,승용,남,55세,상해없음,승용,남,25세,경상
2017020700100176,2017년 2월 7일 10시,화요일,전라북도 익산시 창인동2가,중상사고,0,1,1,0,차대차 - 정면충돌,안전운전불이행,건조,맑음,단일로 - 기타,승용,남,29세,상해없음,승용,여,43세,중상
2017020700100177,2017년 2월 7일 10시,화요일,전라북도 김제시 백산면,중상사고,0,1,1,0,차대차 - 측면충돌,신호위반,건조,맑음,교차로 - 교차로안,화물,남,59세,상해없음,승용,여,55세,중상
2017020700100178,2017년 2월 7일 10시,화요일,전라북도 부안군 동진면,중상사고,0,1,0,0,차대차 - 측면충돌,안전운전불이행,건조,맑음,단일로 - 기타,화물,남,45세,상해없음,승용,여,40세,중상
2017020700100200,2017년 2월 7일 11시,화요일,전라북도 전주시 완산구 중노송동,경상사고,0,0,2,0,차대차 - 추돌,안전운전불이행,건조,맑음,교차로 - 교차로부근,승용,남,51세,상해없음,승용,여,25세,경상
2017020700100201,2017년 2월 7일 11시,화요일,전라북도 익산시 평화동,경상사고,0,0,1,0,차대사람 - 횡단중,안전운전불이행,건조,맑음,단일로 - 기타,화물,남,44세,상해없음,보행자,남,81세,경상
2017020700100202,2017년 2월 7일 11시,화요일,전라북도 김제시 서암동,경상사고,0,0,1,0,차대차 - 추돌,안전운전불이행,건조,맑음,단일로 - 기타,승용,남,62세,상해없음,승용,남,76세,경상
2017020700100223,2017년 2월 7일 12시,화요일,전라북도 군산시 중앙로2가,경상사고,0,0,1,0,차대사람 - 길가장자리구역통행중,안전운전불이행,건조,맑음,단일로 - 기타,승용,남,77세,상해없음,보행자,여,62세,경상
2017020700100260,2017년 2월 7일 14시,화요일,전라북도 전주시 완산구 중화산동2가,경상사고,0,0,4,0,차대차 - 정면충돌,안전운전불이행,건조,맑음,교차로 - 교차로부근,승용,남,59세,상해없음,승용,남,57세,경상
2017020700100261,2017년 2월 7일 14시,화요일,전라북도 군산시 개정면,경상사고,0,0,1,0,차대차 - 기타,안전운전불이행,건조,맑음,교차로 - 교차로부근,승용,남,78세,상해없음,승용,남,46세,상해없음
2017020700100290,2017년 2월 7일 15시,화요일,전라북도 부안군 부안읍,경상사고,0,0,1,0,차대차 - 추돌,안전운전불이행,건조,맑음,단일로 - 기타,승용,남,45세,상해없음,화물,남,36세,상해없음
2017020700100340,2017년 2월 7일 17시,화요일,전라북도 군산시 미장동,경상사고,0,0,1,0,차대차 - 측면충돌,신호위반,건조,맑음,교차로 - 교차로안,승용,여,50세,상해없음,승용,남,24세,경상
2017020700100406,2017년 2월 7일 19시,화요일,전라북도 군산시 조촌동,경상사고,0,0,7,0,차대차 - 추돌,안전운전불이행,건조,맑음,단일로 - 기타,승용,남,41세,상해없음,승용,여,39세,경상
2017020700100482,2017년 2월 7일 22시,화요일,전라북도 익산시 신동,경상사고,0,0,1,0,차대차 - 정면충돌,교차로운행방법위반,건조,맑음,교차로 - 교차로안,승용,남,28세,기타불명,승용,남,59세,경상
2017020700100502,2017년 2월 7일 23시,화요일,전라북도 정읍시 감곡면,사망사고,1,0,0,0,차대사람 - 차도통행중,안전운전불이행,건조,맑음,단일로 - 기타,화물,남,46세,상해없음,보행자,남,61세,사망
2017020800100017,2017년 2월 8일 00시,수요일,전라북도 전주시 완산구 효자동3가,중상사고,0,1,1,0,차대차 - 측면충돌,신호위반,건조,맑음,교차로 - 교차로안,승용,남,53세,상해없음,승용,남,54세,중상
2017020800100044,2017년 2월 8일 03시,수요일,전라북도 전주시 완산구 효자동3가,중상사고,0,4,2,0,차대차 - 측면충돌,신호위반,건조,맑음,교차로 - 교차로안,승용,남,22세,상해없음,화물,남,42세,경상
2017020800100111,2017년 2월 8일 08시,수요일,전라북도 부안군 부안읍,경상사고,0,0,3,0,차대차 - 측면충돌,안전운전불이행,건조,맑음,교차로 - 교차로안,승용,남,30세,상해없음,승용,남,70세,경상
2017020800100159,2017년 2월 8일 10시,수요일,전라북도 정읍시 감곡면,중상사고,0,2,0,0,차대차 - 측면충돌,기타,건조,맑음,교차로 - 교차로안,승용,여,57세,상해없음,원동기,남,69세,중상
2017020800100160,2017년 2월 8일 10시,수요일,전라북도 부안군 상서면,경상사고,0,0,2,0,차대차 - 정면충돌,중앙선침범,건조,맑음,단일로 - 기타,승용,여,62세,경상,화물,남,50세,경상
2017020800100161,2017년 2월 8일 10시,수요일,전라북도 순창군 금과면,중상사고,0,1,0,0,차대차 - 측면충돌,안전운전불이행,건조,맑음,단일로 - 기타,이륜,남,57세,중상,농기계,남,41세,상해없음
2017020800100204,2017년 2월 8일 12시,수요일,전라북도 김제시 요촌동,중상사고,0,1,0,0,차대사람 - 횡단중,안전운전불이행,건조,맑음,단일로 - 기타,승용,여,57세,상해없음,보행자,여,86세,중상
2017020800100290,2017년 2월 8일 15시,수요일,전라북도 익산시 금마면,경상사고,0,0,1,0,차대차 - 측면충돌,중앙선침범,건조,맑음,단일로 - 기타,기타불명,기타불명,미분류,기타불명,승용,남,47세,상해없음
2017020800100291,2017년 2월 8일 15시,수요일,전라북도 남원시 주생면,사망사고,1,0,0,0,차대차 - 추돌,안전운전불이행,건조,맑음,단일로 - 기타,승용,여,37세,상해없음,자전거,남,67세,사망
2017020800100350,2017년 2월 8일 17시,수요일,전라북도 전주시 덕진구 반월동,경상사고,0,0,1,0,차대사람 - 횡단중,안전운전불이행,젖음/습기,맑음,단일로 - 기타,승합,여,49세,상해없음,보행자,여,79세,경상
2017020800100480,2017년 2월 8일 21시,수요일,전라북도 남원시 고죽동,경상사고,0,0,5,0,차대차 - 측면충돌,안전운전불이행,건조,맑음,교차로 - 교차로안,화물,남,59세,상해없음,승용,남,39세,경상
2017020900100135,2017년 2월 9일 09시,목요일,전라북도 정읍시 흑암동,경상사고,0,0,1,0,차대사람 - 길가장자리구역통행중,안전운전불이행,젖음/습기,눈,단일로 - 기타,승용,남,61세,상해없음,보행자,남,15세,경상
2017020900100203,2017년 2월 9일 12시,목요일,전라북도 전주시 완산구 효자동2가,경상사고,0,0,3,0,차대차 - 측면충돌,신호위반,건조,맑음,교차로 - 교차로안,승용,남,20세,상해없음,화물,남,27세,경상
2017020900100232,2017년 2월 9일 13시,목요일,전라북도 익산시 인화동2가,경상사고,0,0,1,0,차대차 - 측면충돌,직진우회전진행방해,건조,맑음,교차로 - 교차로안,승용,남,81세,상해없음,승용,여,39세,경상
2017020900100233,2017년 2월 9일 13시,목요일,전라북도 익산시 남중동,경상사고,0,0,2,0,차대차 - 측면충돌,직진우회전진행방해,건조,맑음,교차로 - 교차로안,승용,남,69세,상해없음,승용,여,56세,경상
2017020900100315,2017년 2월 9일 16시,목요일,전라북도 김제시 순동,경상사고,0,0,1,0,차대차 - 측면충돌,신호위반,건조,맑음,교차로 - 교차로안,화물,남,47세,상해없음,승용,남,34세,경상
2017020900100316,2017년 2월 9일 16시,목요일,전라북도 김제시 청하면,경상사고,0,0,1,0,차대차 - 추돌,불법유턴,건조,맑음,단일로 - 기타,승용,남,52세,상해없음,승용,남,36세,경상
2017020900100317,2017년 2월 9일 16시,목요일,전라북도 김제시 옥산동,경상사고,0,0,1,0,차대차 - 측면충돌,안전거리미확보,젖음/습기,맑음,단일로 - 기타,자전거,남,80세,경상,승용,남,63세,상해없음
2017020900100418,2017년 2월 9일 19시,목요일,전라북도 전주시 덕진구 금암동,경상사고,0,0,6,0,차대차 - 측면충돌,신호위반,젖음/습기,맑음,교차로 - 교차로안,승용,여,24세,경상,승용,남,69세,경상
2017020900100419,2017년 2월 9일 19시,목요일,전라북도 전주시 덕진구 인후동1가,경상사고,0,0,1,0,차대사람 - 횡단중,안전운전불이행,건조,흐림,기타 - 기타,승용,여,41세,상해없음,보행자,남,15세,경상
2017020900100420,2017년 2월 9일 19시,목요일,전라북도 익산시 용제동,중상사고,0,1,0,0,차대차 - 측면충돌,안전운전불이행,건조,맑음,교차로 - 교차로부근,승용,남,47세,상해없음,자전거,남,52세,중상
2017020900100421,2017년 2월 9일 19시,목요일,전라북도 익산시 중앙동1가,경상사고,0,0,3,0,차대차 - 측면충돌,신호위반,건조,맑음,교차로 - 교차로안,화물,남,68세,상해없음,승용,여,47세,경상
2017020900100422,2017년 2월 9일 19시,목요일,전라북도 정읍시 농소동,경상사고,0,0,2,0,차대차 - 추돌,안전운전불이행,서리/결빙,눈,교차로 - 교차로안,승용,남,54세,상해없음,승용,남,38세,경상
2017020900100423,2017년 2월 9일 19시,목요일,전라북도 정읍시 북면,경상사고,0,0,1,0,차대차 - 측면충돌,직진우회전진행방해,적설,눈,교차로 - 교차로부근,승용,남,57세,상해없음,승용,남,35세,경상
2017020900100503,2017년 2월 9일 22시,목요일,전라북도 정읍시 북면,경상사고,0,0,2,0,차대차 - 측면충돌,안전운전불이행,서리/결빙,눈,단일로 - 기타,승용,남,38세,상해없음,승용,여,37세,경상
2017020900100540,2017년 2월 9일 23시,목요일,전라북도 전주시 완산구 효자동3가,중상사고,0,1,0,0,차대차 - 측면충돌,신호위반,건조,맑음,교차로 - 교차로안,승용,여,51세,상해없음,승용,남,50세,중상
2017021000100038,2017년 2월 10일 02시,금요일,전라북도 전주시 완산구 삼천동1가,경상사고,0,0,2,0,차대차 - 측면충돌,신호위반,건조,맑음,교차로 - 교차로안,승용,남,18세,상해없음,승용,남,18세,경상
2017021000100039,2017년 2월 10일 02시,금요일,전라북도 전주시 완산구 효자동2가,경상사고,0,0,1,0,차대차 - 추돌,안전운전불이행,젖음/습기,맑음,단일로 - 기타,승용,남,39세,상해없음,승용,남,66세,경상
2017021000100040,2017년 2월 10일 02시,금요일,전라북도 익산시 부송동,경상사고,0,0,1,0,차대사람 - 횡단중,안전운전불이행,건조,맑음,교차로 - 교차로안,승용,여,39세,상해없음,보행자,남,46세,경상
2017021000100083,2017년 2월 10일 06시,금요일,전라북도 익산시 남중동,중상사고,0,1,0,0,차대차 - 정면충돌,신호위반,건조,맑음,교차로 - 교차로안,이륜,남,49세,중상,승용,남,57세,상해없음
2017021000100127,2017년 2월 10일 08시,금요일,전라북도 전주시 완산구 중화산동2가,중상사고,0,1,0,0,차대사람 - 횡단중,안전거리미확보,건조,맑음,단일로 - 기타,승용,남,59세,상해없음,보행자,여,32세,중상
2017021000100128,2017년 2월 10일 08시,금요일,전라북도 김제시 황산면,경상사고,0,0,2,0,차대차 - 측면충돌,안전운전불이행,건조,맑음,단일로 - 기타,승용,남,19세,상해없음,승용,남,46세,경상
2017021000100129,2017년 2월 10일 08시,금요일,전라북도 김제시 금산면,경상사고,0,0,1,0,차대사람 - 횡단중,신호위반,적설,눈,단일로 - 기타,승용,남,68세,상해없음,보행자,여,10세,경상
2017021000100130,2017년 2월 10일 08시,금요일,전라북도 완주군 삼례읍,경상사고,0,0,2,0,차대차 - 측면충돌,교차로운행방법위반,건조,맑음,교차로 - 교차로안,승용,여,59세,경상,승용,남,31세,경상
2017021000100189,2017년 2월 10일 10시,금요일,전라북도 익산시 함열읍,경상사고,0,0,2,0,차대차 - 추돌,안전거리미확보,건조,맑음,단일로 - 기타,승용,남,79세,상해없음,승용,남,18세,경상
2017021000100228,2017년 2월 10일 12시,금요일,전라북도 전주시 완산구 효자동1가,중상사고,0,1,0,0,차대차 - 기타,안전운전불이행,건조,맑음,단일로 - 기타,승용,여,48세,상해없음,화물,남,47세,중상
2017021000100229,2017년 2월 10일 12시,금요일,전라북도 익산시 남중동,경상사고,0,0,4,0,차대차 - 추돌,안전운전불이행,건조,맑음,단일로 - 기타,승용,남,60세,상해없음,승용,남,63세,경상
2017021000100248,2017년 2월 10일 13시,금요일,전라북도 익산시 함열읍,중상사고,0,2,0,0,차대차 - 추돌,기타,건조,맑음,단일로 - 기타,승용,남,56세,상해없음,승용,남,50세,중상
2017021000100273,2017년 2월 10일 14시,금요일,전라북도 군산시 나운동,경상사고,0,0,3,0,차대차 - 정면충돌,신호위반,건조,맑음,교차로 - 교차로안,승용,남,25세,경상,승용,남,54세,경상
2017021000100274,2017년 2월 10일 14시,금요일,전라북도 익산시 중앙동1가,경상사고,0,0,1,0,차대사람 - 횡단중,기타,건조,맑음,단일로 - 기타,승용,남,51세,상해없음,보행자,남,58세,경상
2017021000100307,2017년 2월 10일 15시,금요일,전라북도 완주군 봉동읍,경상사고,0,0,1,0,차대차 - 측면충돌,안전운전불이행,건조,맑음,교차로 - 교차로횡단보도내,승용,남,36세,상해없음,승용,남,46세,경상
2017021000100359,2017년 2월 10일 17시,금요일,전라북도 전주시 덕진구 팔복동2가,경상사고,0,0,1,0,차대차 - 기타,차로위반,건조,맑음,단일로 - 교량,승용,여,47세,상해없음,승용,남,50세,상해없음
2017021000100388,2017년 2월 10일 18시,금요일,전라북도 군산시 지곡동,경상사고,0,0,9,0,차대차 - 추돌,안전운전불이행,건조,흐림,단일로 - 기타,승용,남,68세,상해없음,승용,여,40세,경상
2017021000100389,2017년 2월 10일 18시,금요일,전라북도 군산시 문화동,사망사고,1,0,0,0,차대사람 - 횡단중,안전운전불이행,젖음/습기,눈,단일로 - 기타,승용,남,60세,상해없음,보행자,여,90세 이상,사망
2017021000100440,2017년 2월 10일 19시,금요일,전라북도 김제시 용지면,중상사고,0,1,0,0,차대차 - 측면충돌,불법유턴,젖음/습기,눈,단일로 - 기타,승용,남,26세,상해없음,승용,남,37세,중상
2017021000100441,2017년 2월 10일 19시,금요일,전라북도 부안군 부안읍,경상사고,0,0,1,0,차대차 - 측면충돌,직진우회전진행방해,젖음/습기,눈,교차로 - 교차로안,승용,여,27세,상해없음,승용,남,37세,경상
2017021000100491,2017년 2월 10일 20시,금요일,전라북도 전주시 완산구 서완산동1가,중상사고,0,1,0,0,차대사람 - 보도통행중,보행자보호의무위반,건조,맑음,교차로 - 교차로부근,승용,남,26세,상해없음,보행자,여,74세,중상
2017021000100590,2017년 2월 10일 23시,금요일,전라북도 전주시 덕진구 인후동1가,경상사고,0,0,2,0,차대차 - 측면충돌,기타,건조,맑음,교차로 - 교차로부근,승용,남,82세,상해없음,승용,남,34세,상해없음
2017021100100075,2017년 2월 11일 03시,토요일,전라북도 전주시 덕진구 여의동,중상사고,0,1,0,0,차대차 - 추돌,중앙선침범,건조,맑음,단일로 - 기타,화물,남,55세,상해없음,승용,남,45세,중상
2017021100100123,2017년 2월 11일 07시,토요일,전라북도 군산시 나운동,경상사고,0,0,1,0,차대차 - 정면충돌,신호위반,건조,맑음,교차로 - 교차로안,화물,남,60세,상해없음,승용,남,58세,경상
2017021100100242,2017년 2월 11일 12시,토요일,전라북도 군산시 나운동,경상사고,0,0,1,0,차대차 - 측면충돌,직진우회전진행방해,건조,맑음,교차로 - 교차로안,승용,남,59세,상해없음,승용,여,68세,경상
2017021100100339,2017년 2월 11일 15시,토요일,전라북도 군산시 나운동,경상사고,0,0,1,0,차량단독 - 기타,안전운전불이행,건조,맑음,단일로 - 기타,승용,남,51세,상해없음,,,,
2017021100100340,2017년 2월 11일 15시,토요일,전라북도 정읍시 연지동,경상사고,0,0,2,0,차대사람 - 횡단중,안전운전불이행,건조,맑음,교차로 - 교차로안,승용,여,72세,상해없음,보행자,여,79세,경상
2017021100100364,2017년 2월 11일 16시,토요일,전라북도 군산시 비응도동,경상사고,0,0,2,0,차대차 - 정면충돌,안전거리미확보,건조,맑음,단일로 - 기타,승용,남,52세,상해없음,승용,남,34세,경상
2017021100100365,2017년 2월 11일 16시,토요일,전라북도 군산시 수송동,경상사고,0,0,1,0,차대차 - 기타,안전운전불이행,건조,맑음,단일로 - 기타,승합,남,51세,상해없음,승용,남,22세,경상
2017021100100393,2017년 2월 11일 17시,토요일,전라북도 군산시 경장동,경상사고,0,0,1,0,차대차 - 기타,교차로운행방법위반,건조,맑음,교차로 - 교차로부근,이륜,남,61세,경상,승용,남,47세,상해없음
2017021100100420,2017년 2월 11일 18시,토요일,전라북도 전주시 덕진구 금암동,경상사고,0,0,2,0,차대차 - 측면충돌,안전거리미확보,건조,흐림,단일로 - 기타,승합,남,64세,상해없음,승용,남,48세,경상
2017021100100458,2017년 2월 11일 19시,토요일,전라북도 무주군 적상면,중상사고,0,2,0,0,차대차 - 기타,안전운전불이행,건조,맑음,단일로 - 기타,승용,남,24세,중상,승용,남,33세,상해없음
2017021100100516,2017년 2월 11일 21시,토요일,전라북도 군산시 명산동,경상사고,0,0,1,0,차대차 - 정면충돌,직진우회전진행방해,건조,맑음,교차로 - 교차로안,승용,남,77세,상해없음,승용,남,37세,경상
2017021100100517,2017년 2월 11일 21시,토요일,전라북도 익산시 영등동,경상사고,0,0,1,0,차대차 - 정면충돌,안전운전불이행,건조,맑음,교차로 - 교차로안,승용,남,28세,상해없음,자전거,남,9세,경상
2017021100100518,2017년 2월 11일 21시,토요일,전라북도 남원시 도통동,경상사고,0,0,1,0,차대차 - 추돌,안전운전불이행,젖음/습기,흐림,단일로 - 기타,승용,남,30세,상해없음,원동기,남,19세,경상
2017021100100541,2017년 2월 11일 22시,토요일,전라북도 익산시 모현동1가,경상사고,0,0,1,0,차대차 - 측면충돌,중앙선침범,건조,맑음,단일로 - 기타,화물,남,32세,상해없음,원동기,남,19세,경상
2017021100100567,2017년 2월 11일 23시,토요일,전라북도 전주시 완산구 삼천동1가,경상사고,0,0,1,0,차대사람 - 횡단중,안전운전불이행,건조,맑음,단일로 - 기타,승용,남,64세,상해없음,보행자,남,39세,경상
2017021100100568,2017년 2월 11일 23시,토요일,전라북도 김제시 옥산동,경상사고,0,0,1,0,차대차 - 측면충돌,직진우회전진행방해,건조,맑음,교차로 - 교차로안,화물,남,57세,상해없음,원동기,남,17세,경상
2017021200100019,2017년 2월 12일 00시,일요일,전라북도 정읍시 시기동,경상사고,0,0,2,0,차대차 - 추돌,안전운전불이행,건조,맑음,교차로 - 교차로안,승용,남,52세,상해없음,승용,남,27세,경상
2017021200100047,2017년 2월 12일 02시,일요일,전라북도 전주시 완산구 서신동,경상사고,0,0,5,0,차대차 - 정면충돌,안전운전불이행,건조,맑음,교차로 - 교차로안,기타불명,기타불명,미분류,기타불명,승합,남,53세,경상
2017021200100080,2017년 2월 12일 05시,일요일,전라북도 전주시 덕진구 호성동1가,경상사고,0,0,1,0,차대차 - 추돌,안전운전불이행,건조,흐림,교차로 - 교차로부근,승용,남,41세,상해없음,승용,남,31세,경상