사고번호,사고일시,요일,시군구,사고내용,사망자수,중상자수,경상자수,부상신고자수,사고유형,법규위반,노면상태,기상상태,도로형태,가해운전자 차종,가해운전자 성별,가해운전자 연령,가해운전자 상해정도,피해운전자 차종,피해운전자 성별,피해운전자 연령,피해운전자 상해정도
2017021200100103,2017년 2월 12일 07시,일요일,전라북도 전주시 덕진구 우아동3가,경상사고,0,0,8,0,차대차 - 추돌,안전운전불이행,건조,맑음,교차로 - 교차로부근,승용,남,24세,상해없음,승용,남,50세,경상
2017021200100104,2017년 2월 12일 07시,일요일,전라북도 전주시 덕진구 인후동1가,경상사고,0,0,3,0,차대차 - 측면충돌,신호위반,건조,맑음,교차로 - 교차로안,승용,남,61세,상해없음,승용,남,70세,경상
2017021200100114,2017년 2월 12일 08시,일요일,전라북도 전주시 덕진구 송천동1가,경상사고,0,0,2,0,차대차 - 측면충돌,중앙선침범,건조,맑음,교차로 - 교차로부근,승용,남,21세,기타불명,화물,남,52세,경상
2017021200100115,2017년 2월 12일 08시,일요일,전라북도 전주시 덕진구 금암동,경상사고,0,0,2,0,차대차 - 정면충돌,신호위반,건조,맑음,교차로 - 교차로안,승용,여,19세,상해없음,화물,남,68세,경상
2017021200100116,2017년 2월 12일 08시,일요일,전라북도 김제시 백구면,중상사고,0,1,0,0,차량단독 - 전도전복,안전운전불이행,건조,맑음,단일로 - 기타,승용,여,29세,상해없음,미분류,미분류,미분류,미분류
2017021200100117,2017년 2월 12일 08시,일요일,전라북도 고창군 고수면,경상사고,0,0,1,0,차대차 - 정면충돌,안전운전불이행,건조,맑음,교차로 - 교차로부근,승용,여,25세,상해없음,승용,남,31세,경상
2017021200100137,2017년 2월 12일 09시,일요일,전라북도 무주군 무주읍,중상사고,0,1,1,0,차대차 - 측면충돌,안전운전불이행,건조,맑음,단일로 - 기타,승용,남,65세,경상,화물,남,55세,중상
2017021200100159,2017년 2월 12일 10시,일요일,전라북도 군산시 나운동,중상사고,0,1,0,0,차대차 - 기타,안전거리미확보,건조,맑음,단일로 - 기타,승용,남,78세,상해없음,승용,남,46세,상해없음
2017021200100160,2017년 2월 12일 10시,일요일,전라북도 익산시 영등동,경상사고,0,0,1,0,차대사람 - 횡단중,보행자보호의무위반,건조,맑음,단일로 - 기타,화물,남,37세,상해없음,보행자,남,83세,경상
2017021200100176,2017년 2월 12일 11시,일요일,전라북도 군산시 조촌동,경상사고,0,0,3,0,차대차 - 측면충돌,직진우회전진행방해,건조,맑음,교차로 - 교차로안,승용,여,47세,상해없음,승용,남,75세,경상
2017021200100193,2017년 2월 12일 12시,일요일,전라북도 전주시 덕진구 송천동2가,중상사고,0,1,0,0,차대차 - 측면충돌,안전운전불이행,건조,맑음,교차로 - 교차로안,승용,여,51세,상해없음,원동기,남,41세,중상
2017021200100226,2017년 2월 12일 14시,일요일,전라북도 전주시 완산구 전동,경상사고,0,0,1,0,차대차 - 측면충돌,안전운전불이행,건조,맑음,교차로 - 교차로안,승합,남,35세,상해없음,승용,여,33세,경상
2017021200100227,2017년 2월 12일 14시,일요일,전라북도 정읍시 덕천면,중상사고,0,1,0,0,차대사람 - 기타,안전운전불이행,건조,맑음,단일로 - 기타,승합,남,66세,상해없음,보행자,여,80세,중상
2017021200100228,2017년 2월 12일 14시,일요일,전라북도 장수군 장수읍,중상사고,0,1,1,0,차대차 - 측면충돌,중앙선침범,건조,맑음,단일로 - 기타,원동기,여,63세,중상,화물,여,43세,상해없음
2017021200100287,2017년 2월 12일 17시,일요일,전라북도 전주시 덕진구 금암동,경상사고,0,0,1,0,차대차 - 측면충돌,신호위반,건조,맑음,교차로 - 교차로안,화물,남,54세,상해없음,승용,남,62세,경상
2017021200100374,2017년 2월 12일 20시,일요일,전라북도 전주시 완산구 효자동2가,중상사고,0,1,1,0,차대차 - 기타,안전운전불이행,건조,맑음,단일로 - 기타,원동기,남,55세,중상,승용,남,56세,경상
2017021200100393,2017년 2월 12일 21시,일요일,전라북도 전주시 완산구 효자동3가,경상사고,0,0,1,0,차대차 - 측면충돌,불법유턴,건조,맑음,단일로 - 기타,승용,여,35세,경상,화물,남,34세,상해없음
2017021200100394,2017년 2월 12일 21시,일요일,전라북도 군산시 경장동,경상사고,0,0,1,0,차대차 - 측면충돌,직진우회전진행방해,건조,맑음,교차로 - 교차로안,승용,남,48세,상해없음,승용,남,54세,상해없음
2017021200100415,2017년 2월 12일 22시,일요일,전라북도 익산시 낭산면,중상사고,0,1,1,0,차대차 - 측면충돌,신호위반,건조,맑음,교차로 - 교차로안,승용,여,24세,경상,승용,남,61세,중상
2017021300100035,2017년 2월 13일 01시,월요일,전라북도 군산시 소룡동,경상사고,0,0,1,0,차대차 - 추돌,안전거리미확보,건조,맑음,교차로 - 교차로부근,승용,남,55세,상해없음,승용,여,44세,경상
2017021300100052,2017년 2월 13일 05시,월요일,전라북도 전주시 덕진구 인후동1가,경상사고,0,0,3,0,차대차 - 측면충돌,신호위반,건조,맑음,교차로 - 교차로안,화물,남,45세,상해없음,승용,여,64세,경상
2017021300100083,2017년 2월 13일 07시,월요일,전라북도 전주시 완산구 중화산동2가,경상사고,0,0,3,0,차대차 - 측면충돌,교차로운행방법위반,건조,맑음,교차로 - 교차로안,승용,남,53세,상해없음,승용,여,34세,경상
2017021300100084,2017년 2월 13일 07시,월요일,전라북도 전주시 완산구 효자동3가,중상사고,0,1,0,0,차대차 - 측면충돌,신호위반,건조,맑음,교차로 - 교차로안,화물,남,50세,상해없음,승용,여,27세,중상
2017021300100085,2017년 2월 13일 07시,월요일,전라북도 익산시 남중동,사망사고,1,0,0,0,차대차 - 측면충돌,안전운전불이행,건조,맑음,단일로 - 기타,화물,남,43세,상해없음,자전거,남,78세,사망
2017021300100086,2017년 2월 13일 07시,월요일,전라북도 익산시 왕궁면,경상사고,0,0,2,0,차대차 - 추돌,안전거리미확보,건조,맑음,단일로 - 기타,화물,남,33세,상해없음,승용,남,75세,경상
2017021300100118,2017년 2월 13일 08시,월요일,전라북도 군산시 오식도동,경상사고,0,0,3,0,차대차 - 측면충돌,직진우회전진행방해,건조,맑음,교차로 - 교차로안,승용,남,41세,상해없음,승용,남,64세,경상
2017021300100139,2017년 2월 13일 09시,월요일,전라북도 전주시 덕진구 송천동1가,경상사고,0,0,1,0,차대사람 - 횡단중,보행자보호의무위반,건조,맑음,교차로 - 교차로횡단보도내,승용,남,60세,상해없음,보행자,여,75세,경상
2017021300100165,2017년 2월 13일 10시,월요일,전라북도 군산시 선양동,경상사고,0,0,1,0,차대차 - 측면충돌,안전운전불이행,건조,맑음,교차로 - 교차로안,승용,남,68세,상해없음,자전거,남,79세,경상
2017021300100166,2017년 2월 13일 10시,월요일,전라북도 군산시 수송동,경상사고,0,0,1,0,차대차 - 측면충돌,안전거리미확보,건조,맑음,단일로 - 기타,화물,남,59세,상해없음,승용,남,49세,경상
2017021300100246,2017년 2월 13일 13시,월요일,전라북도 전주시 덕진구 송천동1가,중상사고,0,1,0,0,차대사람 - 횡단중,안전운전불이행,건조,맑음,단일로 - 기타,승용,남,54세,상해없음,보행자,남,83세,중상
2017021300100281,2017년 2월 13일 14시,월요일,전라북도 익산시 남중동,중상사고,0,1,0,0,차대사람 - 횡단중,보행자보호의무위반,건조,맑음,교차로 - 교차로횡단보도내,승용,남,68세,상해없음,보행자,여,78세,중상
2017021300100282,2017년 2월 13일 14시,월요일,전라북도 남원시 대산면,경상사고,0,0,1,0,차대차 - 추돌,안전운전불이행,건조,맑음,교차로 - 교차로부근,승용,남,23세,상해없음,승용,여,63세,경상
2017021300100307,2017년 2월 13일 15시,월요일,전라북도 익산시 삼기면,경상사고,0,0,1,0,차대차 - 정면충돌,신호위반,건조,맑음,교차로 - 교차로안,화물,남,49세,상해없음,화물,남,60세,경상
2017021300100308,2017년 2월 13일 15시,월요일,전라북도 김제시 공덕면,경상사고,0,0,1,0,차대차 - 측면충돌,안전운전불이행,건조,맑음,교차로 - 교차로부근,승용,남,42세,상해없음,승용,남,55세,상해없음
2017021300100335,2017년 2월 13일 16시,월요일,전라북도 김제시 봉남면,경상사고,0,0,1,0,차대사람 - 기타,기타,건조,맑음,단일로 - 기타,승합,남,56세,상해없음,보행자,여,82세,경상
2017021300100336,2017년 2월 13일 16시,월요일,전라북도 고창군 고창읍,중상사고,0,1,1,0,차대차 - 측면충돌,직진우회전진행방해,건조,맑음,교차로 - 교차로안,승합,여,60세,경상,승용,남,70세,중상
2017021300100363,2017년 2월 13일 17시,월요일,전라북도 전주시 완산구 효자동1가,경상사고,0,0,4,0,차대차 - 측면충돌,안전운전불이행,건조,맑음,교차로 - 교차로부근,승용,남,55세,상해없음,승용,여,39세,경상
2017021300100364,2017년 2월 13일 17시,월요일,전라북도 정읍시 시기동,경상사고,0,0,1,0,차대사람 - 기타,안전운전불이행,건조,맑음,단일로 - 기타,승용,남,57세,상해없음,보행자,남,83세,경상
2017021300100436,2017년 2월 13일 19시,월요일,전라북도 전주시 덕진구 인후동1가,경상사고,0,0,2,0,차대사람 - 횡단중,안전운전불이행,건조,맑음,교차로 - 교차로부근,승용,여,33세,상해없음,보행자,여,24세,경상
2017021300100482,2017년 2월 13일 20시,월요일,전라북도 익산시 신동,경상사고,0,0,1,0,차대차 - 정면충돌,신호위반,건조,맑음,교차로 - 교차로안,승용,남,66세,상해없음,승용,여,34세,경상
2017021300100508,2017년 2월 13일 21시,월요일,전라북도 전주시 완산구 서신동,중상사고,0,1,1,0,차대차 - 추돌,안전거리미확보,건조,맑음,단일로 - 기타,승용,남,47세,상해없음,승용,남,50세,중상
2017021300100539,2017년 2월 13일 22시,월요일,전라북도 전주시 완산구 중동,경상사고,0,0,1,0,차대사람 - 횡단중,보행자보호의무위반,건조,맑음,교차로 - 교차로횡단보도내,승용,남,41세,상해없음,보행자,남,25세,경상
2017021400100022,2017년 2월 14일 00시,화요일,전라북도 전주시 완산구 중화산동2가,사망사고,1,0,0,0,차량단독 - 공작물충돌,과속,건조,맑음,단일로 - 기타,승용,남,32세,상해없음,,,,
2017021400100023,2017년 2월 14일 00시,화요일,전라북도 전주시 덕진구 송천동1가,경상사고,0,0,3,0,차대차 - 측면충돌,신호위반,건조,맑음,교차로 - 교차로안,승용,남,50세,상해없음,승용,남,51세,경상
2017021400100053,2017년 2월 14일 03시,화요일,전라북도 전주시 완산구 효자동3가,중상사고,0,1,0,0,차량단독 - 전도전복 - 전도,안전운전불이행,건조,맑음,단일로 - 기타,승용,남,45세,상해없음,,,,
2017021400100103,2017년 2월 14일 07시,화요일,전라북도 전주시 덕진구 송천동2가,경상사고,0,0,2,0,차대차 - 추돌,안전운전불이행,건조,맑음,교차로 - 교차로부근,승용,남,25세,상해없음,승용,남,24세,경상
2017021400100135,2017년 2월 14일 08시,화요일,전라북도 전주시 덕진구 반월동,경상사고,0,0,2,0,차대차 - 추돌,안전운전불이행,건조,맑음,단일로 - 기타,화물,남,69세,상해없음,화물,남,60세,경상
2017021400100136,2017년 2월 14일 08시,화요일,전라북도 정읍시 연지동,경상사고,0,0,1,0,차대차 - 측면충돌,신호위반,건조,맑음,교차로 - 교차로안,화물,남,70세,상해없음,승용,남,52세,경상
2017021400100137,2017년 2월 14일 08시,화요일,전라북도 완주군 봉동읍,경상사고,0,0,1,0,차대사람 - 횡단중,안전운전불이행,건조,맑음,교차로 - 교차로부근,승용,여,57세,상해없음,보행자,여,65세,경상
2017021400100171,2017년 2월 14일 09시,화요일,전라북도 전주시 완산구 경원동3가,중상사고,0,1,0,0,차대사람 - 횡단중,신호위반,건조,맑음,단일로 - 기타,승용,여,54세,상해없음,보행자,여,67세,중상
2017021400100201,2017년 2월 14일 10시,화요일,전라북도 익산시 송학동,경상사고,0,0,1,0,차대차 - 추돌,안전운전불이행,건조,맑음,단일로 - 기타,승용,남,34세,상해없음,승용,남,61세,경상
2017021400100229,2017년 2월 14일 11시,화요일,전라북도 정읍시 수성동,경상사고,0,0,3,0,차대차 - 측면충돌,신호위반,건조,맑음,교차로 - 교차로안,승용,여,50세,경상,승용,남,71세,경상
2017021400100230,2017년 2월 14일 11시,화요일,전라북도 김제시 하동,중상사고,0,1,0,0,차대차 - 정면충돌,안전거리미확보,건조,맑음,단일로 - 기타,사륜오토바이(ATV),남,80세,중상,화물,남,30세,상해없음
2017021400100231,2017년 2월 14일 11시,화요일,전라북도 고창군 심원면,사망사고,1,0,0,0,차대차 - 추돌,안전운전불이행,건조,맑음,단일로 - 기타,승용,남,43세,상해없음,자전거,남,80세,사망
2017021400100274,2017년 2월 14일 13시,화요일,전라북도 순창군 순창읍,경상사고,0,0,1,0,차대차 - 측면충돌,직진우회전진행방해,건조,맑음,교차로 - 교차로안,이륜,남,86세,경상,화물,남,38세,상해없음
2017021400100309,2017년 2월 14일 14시,화요일,전라북도 전주시 덕진구 덕진동1가,경상사고,0,0,2,0,차대차 - 측면충돌,신호위반,건조,맑음,교차로 - 교차로안,승용,여,44세,상해없음,승용,남,64세,경상
2017021400100335,2017년 2월 14일 15시,화요일,전라북도 김제시 옥산동,중상사고,0,1,0,0,차대차 - 측면충돌,직진우회전진행방해,건조,맑음,교차로 - 교차로안,승용,여,50세,상해없음,승합,남,74세,중상
2017021400100336,2017년 2월 14일 15시,화요일,전라북도 무주군 무주읍,경상사고,0,0,1,0,차대차 - 추돌,안전운전불이행,건조,맑음,단일로 - 기타,건설기계,남,68세,상해없음,화물,여,66세,경상
2017021400100403,2017년 2월 14일 17시,화요일,전라북도 전주시 완산구 효자동3가,경상사고,0,0,1,0,차대사람 - 횡단중,안전운전불이행,건조,맑음,단일로 - 기타,승용,남,41세,상해없음,보행자,남,77세,경상
2017021400100439,2017년 2월 14일 18시,화요일,전라북도 전주시 완산구 중화산동2가,중상사고,0,1,1,0,차대차 - 추돌,안전운전불이행,건조,맑음,단일로 - 기타,승용,남,33세,상해없음,원동기,남,55세,중상
2017021400100440,2017년 2월 14일 18시,화요일,전라북도 전주시 덕진구 송천동1가,경상사고,0,0,1,0,차대차 - 추돌,안전운전불이행,건조,맑음,교차로 - 교차로안,화물,남,58세,상해없음,승용,여,54세,경상
2017021400100486,2017년 2월 14일 19시,화요일,전라북도 익산시 함열읍,경상사고,0,0,1,0,차대차 - 추돌,중앙선침범,건조,맑음,단일로 - 기타,승용,여,48세,상해없음,승용,남,23세,경상
2017021400100487,2017년 2월 14일 19시,화요일,전라북도 고창군 성송면,중상사고,0,1,0,0,차대차 - 추돌,안전운전불이행,건조,맑음,단일로 - 기타,승용,남,38세,상해없음,자전거,남,46세,중상
2017021400100514,2017년 2월 14일 20시,화요일,전라북도 전주시 완산구 삼천동1가,경상사고,0,0,1,0,차대사람 - 보도통행중,보행자보호의무위반,건조,맑음,교차로 - 교차로횡단보도내,승용,남,63세,상해없음,보행자,남,12세,경상
2017021400100515,2017년 2월 14일 20시,화요일,전라북도 군산시 지곡동,경상사고,0,0,7,0,차대차 - 추돌,안전운전불이행,건조,맑음,교차로 - 교차로부근,화물,남,48세,상해없음,승용,남,47세,경상
2017021400100516,2017년 2월 14일 20시,화요일,전라북도 익산시 영등동,중상사고,0,1,0,0,차대사람 - 횡단중,안전운전불이행,건조,맑음,단일로 - 기타,화물,남,58세,상해없음,보행자,남,50세,중상
2017021400100543,2017년 2월 14일 21시,화요일,전라북도 김제시 검산동,중상사고,0,1,1,0,차대차 - 추돌,안전운전불이행,건조,맑음,교차로 - 교차로부근,승용,남,47세,상해없음,승용,여,59세,중상
2017021400100571,2017년 2월 14일 22시,화요일,전라북도 김제시 서암동,경상사고,0,0,1,0,차대차 - 측면충돌,안전운전불이행,건조,맑음,교차로 - 교차로안,화물,남,65세,상해없음,승용,남,42세,경상
2017021500100034,2017년 2월 15일 01시,수요일,전라북도 김제시 신풍동,경상사고,0,0,4,0,차대차 - 측면충돌,직진우회전진행방해,건조,맑음,교차로 - 교차로안,승용,남,45세,상해없음,승용,남,44세,경상
2017021500100162,2017년 2월 15일 09시,수요일,전라북도 익산시 오산면,중상사고,0,1,2,0,차대차 - 측면충돌,신호위반,건조,맑음,교차로 - 교차로안,승용,여,51세,경상,화물,남,34세,경상
2017021500100180,2017년 2월 15일 10시,수요일,전라북도 정읍시 수성동,중상사고,0,1,2,0,차대차 - 정면충돌,교차로운행방법위반,건조,맑음,교차로 - 교차로안,승용,남,18세,경상,화물,남,47세,중상
2017021500100212,2017년 2월 15일 11시,수요일,전라북도 전주시 완산구 서신동,경상사고,0,0,5,0,차대차 - 추돌,안전운전불이행,건조,맑음,단일로 - 기타,승용,여,23세,경상,승합,남,54세,경상
2017021500100268,2017년 2월 15일 13시,수요일,전라북도 군산시 오식도동,경상사고,0,0,1,0,차대차 - 정면충돌,신호위반,건조,맑음,교차로 - 교차로안,승용,남,40세,상해없음,승용,남,39세,경상
2017021500100269,2017년 2월 15일 13시,수요일,전라북도 익산시 낭산면,중상사고,0,1,2,0,차대차 - 측면충돌,직진우회전진행방해,건조,맑음,교차로 - 교차로안,승용,남,41세,상해없음,승용,여,21세,경상
2017021500100289,2017년 2월 15일 14시,수요일,전라북도 군산시 경암동,중상사고,0,1,0,0,차대차 - 기타,안전운전불이행,건조,맑음,단일로 - 기타,승용,남,60세,상해없음,자전거,남,82세,중상
2017021500100290,2017년 2월 15일 14시,수요일,전라북도 완주군 고산면,중상사고,0,1,0,0,차대사람 - 보도통행중,보행자보호의무위반,건조,맑음,교차로 - 교차로횡단보도내,화물,남,34세,상해없음,보행자,여,64세,중상
2017021500100314,2017년 2월 15일 15시,수요일,전라북도 익산시 평화동,사망사고,1,0,0,0,차대사람 - 횡단중,중앙선침범,건조,맑음,단일로 - 기타,승용,남,72세,상해없음,보행자,여,66세,사망
2017021500100367,2017년 2월 15일 17시,수요일,전라북도 전주시 덕진구 호성동1가,경상사고,0,0,1,2,차대차 - 측면충돌,안전운전불이행,건조,맑음,단일로 - 기타,화물,남,56세,상해없음,승합,여,51세,경상
2017021500100368,2017년 2월 15일 17시,수요일,전라북도 순창군 인계면,경상사고,0,0,1,0,차대차 - 추돌,안전운전불이행,건조,맑음,단일로 - 기타,승합,남,67세,상해없음,승용,남,27세,경상
2017021500100404,2017년 2월 15일 18시,수요일,전라북도 전주시 덕진구 금암동,중상사고,0,1,0,0,차대사람 - 횡단중,안전운전불이행,건조,맑음,단일로 - 기타,승용,남,28세,상해없음,보행자,여,81세,중상
2017021500100405,2017년 2월 15일 18시,수요일,전라북도 고창군 고창읍,중상사고,0,1,0,0,차대차 - 정면충돌,직진우회전진행방해,건조,맑음,교차로 - 교차로안,승용,남,38세,상해없음,원동기,남,63세,중상
2017021500100406,2017년 2월 15일 18시,수요일,전라북도 무주군 설천면,중상사고,0,1,1,0,차대차 - 측면충돌,직진우회전진행방해,건조,맑음,교차로 - 교차로안,승용,남,50세,상해없음,승용,남,40세,중상
2017021500100433,2017년 2월 15일 19시,수요일,전라북도 군산시 조촌동,중상사고,0,1,0,0,차대차 - 기타,직진우회전진행방해,건조,맑음,교차로 - 교차로안,승용,여,47세,상해없음,이륜,남,57세,중상
2017021500100434,2017년 2월 15일 19시,수요일,전라북도 익산시 인화동1가,경상사고,0,0,3,0,차대차 - 측면충돌,안전운전불이행,건조,맑음,단일로 - 기타,승용,기타불명,미분류,기타불명,승용,남,30세,경상
2017021500100435,2017년 2월 15일 19시,수요일,전라북도 남원시 죽항동,중상사고,0,1,0,0,차대차 - 측면충돌,교차로운행방법위반,건조,맑음,교차로 - 교차로부근,승용,여,40세,상해없음,원동기,남,60세,중상
2017021500100436,2017년 2월 15일 19시,수요일,전라북도 순창군 인계면,사망사고,1,0,1,0,차대차 - 추돌,안전운전불이행,건조,맑음,단일로 - 기타,승용,남,55세,경상,화물,남,60세,사망
2017021500100466,2017년 2월 15일 20시,수요일,전라북도 군산시 중앙로1가,경상사고,0,0,2,0,차대차 - 정면충돌,안전운전불이행,건조,맑음,교차로 - 교차로부근,승용,남,66세,상해없음,승용,남,33세,경상
2017021500100467,2017년 2월 15일 20시,수요일,전라북도 익산시 어양동,경상사고,0,0,1,0,차대차 - 측면충돌,안전운전불이행,건조,맑음,단일로 - 기타,이륜,남,22세,상해없음,승용,남,53세,경상
2017021500100494,2017년 2월 15일 21시,수요일,전라북도 정읍시 수성동,경상사고,0,0,2,0,차대사람 - 횡단중,안전운전불이행,건조,맑음,교차로 - 교차로부근,화물,남,38세,상해없음,보행자,남,59세,경상
2017021500100521,2017년 2월 15일 22시,수요일,전라북도 전주시 덕진구 덕진동2가,경상사고,0,0,1,0,차대차 - 측면충돌,신호위반,건조,맑음,교차로 - 교차로안,승용,남,26세,상해없음,화물,남,56세,경상
2017021500100546,2017년 2월 15일 23시,수요일,전라북도 전주시 완산구 삼천동1가,중상사고,0,1,0,0,차대사람 - 횡단중,안전운전불이행,건조,맑음,단일로 - 기타,승용,여,56세,상해없음,보행자,남,53세,중상
2017021500100547,2017년 2월 15일 23시,수요일,전라북도 전주시 완산구 효자동3가,경상사고,0,0,1,0,차대사람 - 기타,안전운전불이행,건조,맑음,기타 - 기타,승용,남,66세,상해없음,보행자,남,51세,경상
2017021600100025,2017년 2월 16일 00시,목요일,전라북도 전주시 덕진구 금암동,경상사고,0,0,2,0,차대차 - 추돌,안전운전불이행,건조,맑음,단일로 - 기타,승용,남,60세,상해없음,승용,남,34세,경상
2017021600100080,2017년 2월 16일 06시,목요일,전라북도 전주시 덕진구 덕진동2가,경상사고,0,0,1,0,차대차 - 측면충돌,안전거리미확보,건조,맑음,단일로 - 기타,승용,남,55세,상해없음,승용,남,49세,경상
2017021600100093,2017년 2월 16일 07시,목요일,전라북도 전주시 완산구 상림동,중상사고,0,1,2,0,차대차 - 측면충돌,중앙선침범,건조,맑음,단일로 - 기타,승용,여,27세,상해없음,승합,남,33세,경상
2017021600100122,2017년 2월 16일 08시,목요일,전라북도 익산시 황등면,경상사고,0,0,1,0,차대차 - 측면충돌,기타,건조,맑음,교차로 - 교차로안,승용,남,24세,상해없음,승용,남,32세,경상
2017021600100243,2017년 2월 16일 13시,목요일,전라북도 군산시 미원동,경상사고,0,0,1,0,차대차 - 기타,안전운전불이행,건조,맑음,교차로 - 교차로부근,원동기,남,82세,경상,승용,남,71세,상해없음
2017021600100274,2017년 2월 16일 14시,목요일,전라북도 군산시 개정면,경상사고,0,0,2,0,차대차 - 측면충돌,안전거리미확보,건조,맑음,단일로 - 기타,승용,남,52세,경상,화물,남,49세,상해없음
2017021600100303,2017년 2월 16일 15시,목요일,전라북도 전주시 덕진구 송천동1가,중상사고,0,1,0,0,차량단독 - 기타,안전운전불이행,건조,기타,단일로 - 기타,승합,남,46세,상해없음,,,,
2017021600100324,2017년 2월 16일 16시,목요일,전라북도 익산시 황등면,경상사고,0,0,2,0,차대차 - 측면충돌,안전운전불이행,건조,맑음,교차로 - 교차로안,승용,여,37세,상해없음,승합,남,50세,경상
2017021600100354,2017년 2월 16일 17시,목요일,전라북도 남원시 인월면,중상사고,0,1,0,0,차대차 - 측면충돌,신호위반,건조,맑음,교차로 - 교차로안,사륜오토바이(ATV),남,43세,중상,화물,남,43세,상해없음
2017021600100400,2017년 2월 16일 18시,목요일,전라북도 익산시 어양동,경상사고,0,0,1,0,차대차 - 측면충돌,차로위반,건조,맑음,단일로 - 기타,승용,여,49세,상해없음,원동기,남,19세,경상
2017021600100431,2017년 2월 16일 19시,목요일,전라북도 전주시 완산구 효자동1가,경상사고,0,0,1,0,차대차 - 측면충돌,신호위반,젖음/습기,비,교차로 - 교차로안,이륜,남,17세,상해없음,자전거,남,32세,경상
2017021600100432,2017년 2월 16일 19시,목요일,전라북도 김제시 광활면,경상사고,0,0,1,0,차대사람 - 길가장자리구역통행중,안전운전불이행,젖음/습기,비,단일로 - 기타,승용,남,54세,상해없음,보행자,여,69세,경상
2017021600100433,2017년 2월 16일 19시,목요일,전라북도 부안군 백산면,사망사고,1,0,0,0,차대사람 - 횡단중,안전운전불이행,젖음/습기,비,단일로 - 기타,승용,여,69세,상해없음,보행자,여,87세,사망
2017021600100500,2017년 2월 16일 21시,목요일,전라북도 군산시 신관동,경상사고,0,0,1,0,차대차 - 측면충돌,안전운전불이행,젖음/습기,비,단일로 - 기타,승합,남,43세,상해없음,승용,여,20세,경상
2017021600100571,2017년 2월 16일 23시,목요일,전라북도 전주시 덕진구 진북동,경상사고,0,0,1,0,차대차 - 측면충돌,안전거리미확보,젖음/습기,비,단일로 - 기타,승용,남,65세,상해없음,승용,남,36세,경상
2017021600100572,2017년 2월 16일 23시,목요일,전라북도 군산시 나운동,경상사고,0,0,2,0,차대차 - 측면충돌,안전운전불이행,젖음/습기,비,교차로 - 교차로부근,승용,남,55세,상해없음,승용,남,37세,경상
2017021600100573,2017년 2월 16일 23시,목요일,전라북도 정읍시 수성동,경상사고,0,0,1,0,차대차 - 정면충돌,직진우회전진행방해,젖음/습기,비,교차로 - 교차로안,승용,남,28세,상해없음,승용,남,52세,경상
2017021600100574,2017년 2월 16일 23시,목요일,전라북도 정읍시 상동,경상사고,0,0,5,0,차대차 - 측면충돌,불법유턴,젖음/습기,비,단일로 - 기타,승용,남,45세,경상,승용,남,22세,경상
2017021700100158,2017년 2월 17일 08시,금요일,전라북도 전주시 덕진구 진북동,경상사고,0,0,1,0,차대차 - 측면충돌,안전운전불이행,건조,맑음,기타 - 기타,승용,여,46세,상해없음,승용,여,48세,경상
2017021700100181,2017년 2월 17일 09시,금요일,전라북도 익산시 평화동,경상사고,0,0,5,0,차대차 - 측면충돌,직진우회전진행방해,건조,맑음,교차로 - 교차로횡단보도내,승합,남,50세,상해없음,승용,여,44세,경상
2017021700100208,2017년 2월 17일 10시,금요일,전라북도 익산시 함열읍,중상사고,0,1,0,0,차량단독 - 전도전복,안전운전불이행,건조,맑음,단일로 - 기타,이륜,남,85세,중상,미분류,미분류,미분류,미분류
2017021700100228,2017년 2월 17일 11시,금요일,전라북도 김제시 용지면,중상사고,0,1,1,0,차대차 - 측면충돌,직진우회전진행방해,건조,맑음,교차로 - 교차로안,승용,여,62세,중상,화물,남,49세,경상
2017021700100284,2017년 2월 17일 13시,금요일,전라북도 군산시 중앙로2가,경상사고,0,0,1,0,차대차 - 기타,직진우회전진행방해,건조,맑음,교차로 - 교차로안,승용,남,67세,상해없음,승용,남,65세,상해없음
2017021700100308,2017년 2월 17일 14시,금요일,전라북도 군산시 문화동,경상사고,0,0,1,0,차대차 - 측면충돌,직진우회전진행방해,건조,맑음,교차로 - 교차로안,승용,여,55세,상해없음,승용,여,51세,경상
2017021700100340,2017년 2월 17일 15시,금요일,전라북도 전주시 완산구 서노송동,중상사고,0,1,0,0,차대사람 - 길가장자리구역통행중,안전운전불이행,건조,맑음,단일로 - 기타,승용,남,74세,상해없음,보행자,여,61세,중상
2017021700100341,2017년 2월 17일 15시,금요일,전라북도 전주시 덕진구 인후동1가,경상사고,0,0,1,0,차대차 - 측면충돌,직진우회전진행방해,건조,맑음,교차로 - 교차로안,승용,남,64세,상해없음,승용,남,47세,상해없음
2017021700100342,2017년 2월 17일 15시,금요일,전라북도 전주시 덕진구 덕진동2가,경상사고,0,0,1,0,차대차 - 측면충돌,안전운전불이행,건조,맑음,교차로 - 교차로안,승용,남,66세,상해없음,승용,남,35세,경상
2017021700100343,2017년 2월 17일 15시,금요일,전라북도 남원시 도통동,중상사고,0,1,0,0,차대차 - 측면충돌,안전운전불이행,건조,맑음,교차로 - 교차로안,이륜,남,16세,중상,승용,남,34세,상해없음
2017021700100344,2017년 2월 17일 15시,금요일,전라북도 부안군 변산면,경상사고,0,0,1,0,차대차 - 측면충돌,안전운전불이행,건조,맑음,단일로 - 기타,화물,남,66세,상해없음,자전거,남,84세,경상