사고번호,사고일시,요일,시군구,사고내용,사망자수,중상자수,경상자수,부상신고자수,사고유형,법규위반,노면상태,기상상태,도로형태,가해운전자 차종,가해운전자 성별,가해운전자 연령,가해운전자 상해정도,피해운전자 차종,피해운전자 성별,피해운전자 연령,피해운전자 상해정도
2017021700100377,2017년 2월 17일 16시,금요일,전라북도 전주시 완산구 서신동,중상사고,0,1,0,0,차대차 - 측면충돌,안전운전불이행,건조,맑음,교차로 - 교차로부근,승용,여,25세,상해없음,자전거,남,61세,중상
2017021700100457,2017년 2월 17일 18시,금요일,전라북도 익산시 주현동,중상사고,0,1,0,0,차량단독 - 전도전복,안전운전불이행,건조,맑음,단일로 - 기타,이륜,남,68세,중상,미분류,미분류,미분류,미분류
2017021700100504,2017년 2월 17일 19시,금요일,전라북도 전주시 완산구 효자동3가,부상신고사고,0,0,0,1,차대차 - 추돌,안전거리미확보,건조,맑음,단일로 - 기타,승용,남,44세,상해없음,승용,남,48세,부상신고
2017021700100538,2017년 2월 17일 20시,금요일,전라북도 익산시 동산동,중상사고,0,1,0,0,차대차 - 측면충돌,안전운전불이행,건조,맑음,단일로 - 기타,승용,남,35세,상해없음,자전거,여,57세,중상
2017021700100616,2017년 2월 17일 23시,금요일,전라북도 익산시 부송동,중상사고,0,1,0,0,차대사람 - 횡단중,안전운전불이행,건조,맑음,단일로 - 기타,승용,남,64세,상해없음,보행자,여,51세,중상
2017021700100617,2017년 2월 17일 23시,금요일,전라북도 익산시 어양동,경상사고,0,0,1,0,차대차 - 추돌,안전운전불이행,건조,맑음,단일로 - 기타,승용,여,28세,상해없음,승용,여,43세,경상
2017021800100028,2017년 2월 18일 00시,토요일,전라북도 전주시 덕진구 반월동,경상사고,0,0,1,0,차대차 - 측면충돌,안전운전불이행,건조,맑음,단일로 - 기타,화물,남,24세,상해없음,승합,남,54세,경상
2017021800100067,2017년 2월 18일 02시,토요일,전라북도 부안군 줄포면,경상사고,0,0,1,0,차대차 - 기타,안전운전불이행,건조,맑음,단일로 - 기타,기타불명,기타불명,미분류,기타불명,승용,남,46세,경상
2017021800100142,2017년 2월 18일 08시,토요일,전라북도 부안군 상서면,중상사고,0,1,1,0,차대차 - 추돌,안전운전불이행,건조,맑음,단일로 - 기타,승용,여,62세,경상,농기계,남,73세,중상
2017021800100169,2017년 2월 18일 09시,토요일,전라북도 군산시 나운동,경상사고,0,0,1,0,차대차 - 측면충돌,안전운전불이행,건조,맑음,교차로 - 교차로횡단보도내,자전거,여,64세,경상,승용,남,68세,상해없음
2017021800100199,2017년 2월 18일 10시,토요일,전라북도 전주시 완산구 다가동1가,경상사고,0,0,1,0,차대사람 - 기타,안전운전불이행,건조,맑음,단일로 - 기타,승합,기타불명,미분류,기타불명,보행자,여,83세,경상
2017021800100200,2017년 2월 18일 10시,토요일,전라북도 익산시 용안면,중상사고,0,3,0,0,차대차 - 측면충돌,안전운전불이행,건조,맑음,교차로 - 교차로안,승용,남,46세,상해없음,승용,남,47세,중상
2017021800100226,2017년 2월 18일 11시,토요일,전라북도 군산시 금광동,중상사고,0,1,0,0,차대차 - 추돌,안전운전불이행,건조,맑음,단일로 - 기타,이륜,남,81세,중상,화물,여,69세,기타불명
2017021800100227,2017년 2월 18일 11시,토요일,전라북도 익산시 모현동1가,경상사고,0,0,4,0,차대차 - 측면충돌,신호위반,건조,맑음,교차로 - 교차로안,승용,남,60세,상해없음,승용,여,62세,경상
2017021800100261,2017년 2월 18일 12시,토요일,전라북도 익산시 신동,경상사고,0,0,1,0,차대사람 - 횡단중,안전운전불이행,건조,맑음,단일로 - 기타,화물,남,46세,상해없음,보행자,여,12세,경상
2017021800100292,2017년 2월 18일 13시,토요일,전라북도 고창군 고창읍,경상사고,0,0,1,0,차대차 - 측면충돌,안전운전불이행,건조,맑음,단일로 - 기타,승용,남,59세,상해없음,원동기,남,49세,경상
2017021800100317,2017년 2월 18일 14시,토요일,전라북도 전주시 덕진구 덕진동1가,경상사고,0,0,2,0,차대차 - 추돌,차로위반,건조,맑음,단일로 - 기타,승용,남,61세,상해없음,승용,남,37세,경상
2017021800100318,2017년 2월 18일 14시,토요일,전라북도 전주시 덕진구 금암동,경상사고,0,0,1,0,차대차 - 측면충돌,신호위반,건조,맑음,교차로 - 교차로안,승용,여,32세,상해없음,원동기,남,19세,경상
2017021800100319,2017년 2월 18일 14시,토요일,전라북도 김제시 백구면,경상사고,0,0,1,0,차대차 - 측면충돌,신호위반,건조,맑음,교차로 - 교차로안,승용,여,55세,상해없음,화물,남,58세,경상
2017021800100354,2017년 2월 18일 15시,토요일,전라북도 부안군 보안면,중상사고,0,2,2,0,차대차 - 추돌,안전운전불이행,건조,맑음,교차로 - 교차로부근,화물,남,45세,중상,승용,남,50세,경상
2017021800100355,2017년 2월 18일 15시,토요일,전라북도 완주군 삼례읍,중상사고,0,1,0,0,차대사람 - 횡단중,안전운전불이행,건조,맑음,교차로 - 교차로안,승용,남,25세,상해없음,보행자,남,67세,중상
2017021800100356,2017년 2월 18일 15시,토요일,전라북도 완주군 상관면,경상사고,0,0,1,0,차대차 - 후진중충돌,안전운전불이행,건조,맑음,교차로 - 교차로안,화물,남,66세,상해없음,승용,여,67세,경상
2017021800100384,2017년 2월 18일 16시,토요일,전라북도 군산시 비응도동,사망사고,1,0,2,0,차대차 - 추돌,안전운전불이행,건조,맑음,단일로 - 기타,이륜,남,46세,사망,승용,남,30세,경상
2017021800100385,2017년 2월 18일 16시,토요일,전라북도 군산시 미룡동,경상사고,0,0,2,0,차대차 - 측면충돌,안전운전불이행,건조,맑음,단일로 - 기타,화물,남,52세,상해없음,승용,남,30세,경상
2017021800100411,2017년 2월 18일 17시,토요일,전라북도 전주시 완산구 동서학동,중상사고,0,1,5,0,차대차 - 기타,불법유턴,건조,맑음,단일로 - 기타,화물,남,60세,경상,승용,남,36세,경상
2017021800100412,2017년 2월 18일 17시,토요일,전라북도 군산시 경장동,경상사고,0,0,2,0,차대차 - 측면충돌,직진우회전진행방해,건조,맑음,교차로 - 교차로안,승용,여,66세,경상,승용,남,57세,상해없음
2017021800100508,2017년 2월 18일 20시,토요일,전라북도 군산시 오식도동,경상사고,0,0,4,0,차대차 - 추돌,안전운전불이행,건조,맑음,교차로 - 교차로부근,승용,여,45세,경상,승용,여,59세,경상
2017021800100572,2017년 2월 18일 23시,토요일,전라북도 익산시 모현동1가,경상사고,0,0,1,0,차대차 - 측면충돌,직진우회전진행방해,건조,맑음,교차로 - 교차로안,승용,남,40세,상해없음,이륜,남,23세,경상
2017021900100075,2017년 2월 19일 04시,일요일,전라북도 익산시 인화동2가,경상사고,0,0,3,0,차량단독 - 전도전복,안전운전불이행,건조,맑음,단일로 - 기타,승용,남,19세,상해없음,미분류,미분류,미분류,미분류
2017021900100087,2017년 2월 19일 05시,일요일,전라북도 전주시 완산구 중인동,중상사고,0,1,0,0,차대차 - 측면충돌,중앙선침범,건조,맑음,단일로 - 기타,자전거,남,61세,중상,승용,여,27세,상해없음
2017021900100096,2017년 2월 19일 06시,일요일,전라북도 익산시 오산면,중상사고,0,1,0,0,차대차 - 측면충돌,안전운전불이행,건조,맑음,교차로 - 교차로안,화물,여,56세,상해없음,자전거,남,64세,중상
2017021900100097,2017년 2월 19일 06시,일요일,전라북도 익산시 금강동,경상사고,0,0,1,0,차대차 - 측면충돌,신호위반,건조,맑음,교차로 - 교차로안,승용,남,53세,상해없음,승용,여,54세,경상
2017021900100129,2017년 2월 19일 09시,일요일,전라북도 정읍시 시기동,경상사고,0,0,2,0,차대차 - 정면충돌,신호위반,건조,맑음,교차로 - 교차로안,승용,여,30세,경상,승용,남,74세,경상
2017021900100150,2017년 2월 19일 11시,일요일,전라북도 군산시 문화동,경상사고,0,0,1,0,차대차 - 정면충돌,교차로운행방법위반,건조,맑음,교차로 - 교차로안,승용,남,51세,상해없음,자전거,여,35세,경상
2017021900100170,2017년 2월 19일 12시,일요일,전라북도 완주군 이서면,중상사고,0,1,0,0,차량단독 - 전도전복,안전운전불이행,건조,맑음,단일로 - 기타,승합,남,53세,상해없음,미분류,미분류,미분류,미분류
2017021900100185,2017년 2월 19일 13시,일요일,전라북도 익산시 함열읍,경상사고,0,0,1,0,차대차 - 기타,안전거리미확보,건조,맑음,교차로 - 교차로안,승용,남,27세,상해없음,승용,남,63세,경상
2017021900100186,2017년 2월 19일 13시,일요일,전라북도 순창군 인계면,중상사고,0,1,0,0,차대차 - 측면충돌,안전운전불이행,건조,맑음,단일로 - 기타,화물,남,73세,상해없음,이륜,남,77세,중상
2017021900100214,2017년 2월 19일 14시,일요일,전라북도 전주시 덕진구 송천동1가,경상사고,0,0,4,0,차대차 - 추돌,안전운전불이행,건조,맑음,교차로 - 교차로부근,승합,남,50세,상해없음,승용,여,56세,경상
2017021900100253,2017년 2월 19일 16시,일요일,전라북도 군산시 임피면,경상사고,0,0,1,0,차대차 - 정면충돌,안전운전불이행,건조,맑음,교차로 - 교차로부근,화물,남,54세,상해없음,승용,남,58세,경상
2017021900100276,2017년 2월 19일 17시,일요일,전라북도 익산시 영등동,중상사고,0,1,0,0,차대사람 - 횡단중,안전운전불이행,건조,맑음,단일로 - 기타,승용,남,27세,상해없음,보행자,여,15세,중상
2017021900100277,2017년 2월 19일 17시,일요일,전라북도 익산시 어양동,경상사고,0,0,1,0,차대차 - 기타,안전거리미확보,건조,맑음,단일로 - 기타,승용,여,24세,상해없음,승용,남,57세,경상
2017021900100306,2017년 2월 19일 18시,일요일,전라북도 전주시 완산구 효자동1가,중상사고,0,1,6,0,차대차 - 기타,중앙선침범,건조,흐림,단일로 - 기타,승용,여,58세,경상,승용,남,42세,경상
2017021900100307,2017년 2월 19일 18시,일요일,전라북도 군산시 나운동,경상사고,0,0,1,0,차대차 - 정면충돌,직진우회전진행방해,건조,맑음,교차로 - 교차로안,승용,남,40세,상해없음,이륜,남,19세,경상
2017021900100308,2017년 2월 19일 18시,일요일,전라북도 익산시 송학동,중상사고,0,1,2,0,차대차 - 측면충돌,신호위반,젖음/습기,비,교차로 - 교차로안,승용,여,34세,상해없음,승용,남,61세,중상
2017021900100309,2017년 2월 19일 18시,일요일,전라북도 익산시 어양동,중상사고,0,1,0,0,차대사람 - 횡단중,안전운전불이행,젖음/습기,흐림,단일로 - 기타,승용,남,30세,상해없음,보행자,여,79세,중상
2017021900100337,2017년 2월 19일 19시,일요일,전라북도 정읍시 수성동,경상사고,0,0,1,0,차대사람 - 횡단중,보행자보호의무위반,건조,흐림,교차로 - 교차로부근,승용,남,33세,상해없음,보행자,여,17세,경상
2017021900100366,2017년 2월 19일 20시,일요일,전라북도 전주시 덕진구 인후동2가,경상사고,0,0,1,0,차대차 - 추돌,안전운전불이행,젖음/습기,비,교차로 - 교차로부근,승용,남,52세,상해없음,승용,여,41세,경상
2017021900100443,2017년 2월 19일 23시,일요일,전라북도 전주시 덕진구 인후동2가,경상사고,0,0,1,0,차대차 - 추돌,안전운전불이행,젖음/습기,비,단일로 - 기타,승용,여,42세,상해없음,승용,남,31세,경상
2017022000100056,2017년 2월 20일 06시,월요일,전라북도 군산시 수송동,경상사고,0,0,1,0,차대차 - 정면충돌,신호위반,건조,맑음,교차로 - 교차로안,승용,남,68세,상해없음,승용,남,43세,경상
2017022000100080,2017년 2월 20일 07시,월요일,전라북도 전주시 완산구 서신동,경상사고,0,0,1,0,차대차 - 정면충돌,안전운전불이행,젖음/습기,비,단일로 - 기타,화물,남,56세,상해없음,화물,남,56세,경상
2017022000100156,2017년 2월 20일 10시,월요일,전라북도 전주시 덕진구 금암동,경상사고,0,0,1,0,차대차 - 측면충돌,안전운전불이행,건조,맑음,단일로 - 기타,화물,여,44세,상해없음,승용,여,33세,경상
2017022000100212,2017년 2월 20일 12시,월요일,전라북도 군산시 경암동,경상사고,0,0,1,0,차대사람 - 차도통행중,안전운전불이행,건조,맑음,단일로 - 기타,승용,남,62세,상해없음,보행자,남,34세,경상
2017022000100213,2017년 2월 20일 12시,월요일,전라북도 익산시 남중동,중상사고,0,1,0,0,차대사람 - 횡단중,보행자보호의무위반,건조,맑음,단일로 - 기타,승용,남,51세,상해없음,보행자,여,79세,중상
2017022000100214,2017년 2월 20일 12시,월요일,전라북도 익산시 신동,경상사고,0,0,2,0,차대차 - 추돌,안전운전불이행,건조,맑음,단일로 - 기타,승용,남,19세,상해없음,승용,남,41세,경상
2017022000100268,2017년 2월 20일 14시,월요일,전라북도 순창군 풍산면,중상사고,0,2,1,0,차대차 - 측면충돌,직진우회전진행방해,건조,맑음,교차로 - 교차로안,승용,남,61세,경상,화물,남,44세,중상
2017022000100290,2017년 2월 20일 15시,월요일,전라북도 군산시 옥산면,중상사고,0,1,0,0,차대차 - 측면충돌,안전거리미확보,건조,맑음,단일로 - 기타,이륜,여,66세,중상,승용,남,33세,상해없음
2017022000100291,2017년 2월 20일 15시,월요일,전라북도 익산시 남중동,경상사고,0,0,3,0,차대차 - 기타,안전운전불이행,건조,맑음,교차로 - 교차로안,화물,남,74세,기타불명,승용,여,38세,경상
2017022000100356,2017년 2월 20일 17시,월요일,전라북도 전주시 덕진구 반월동,경상사고,0,0,1,0,차대사람 - 횡단중,보행자보호의무위반,건조,맑음,단일로 - 기타,화물,남,40세,상해없음,보행자,여,8세,경상
2017022000100357,2017년 2월 20일 17시,월요일,전라북도 정읍시 옹동면,경상사고,0,0,1,0,차대사람 - 횡단중,안전운전불이행,건조,맑음,기타 - 기타,승용,남,56세,상해없음,보행자,남,52세,경상
2017022000100386,2017년 2월 20일 18시,월요일,전라북도 군산시 소룡동,부상신고사고,0,0,0,1,차대차 - 측면충돌,불법유턴,건조,맑음,교차로 - 교차로횡단보도내,자전거,남,50세,부상신고,승용,여,49세,상해없음
2017022000100387,2017년 2월 20일 18시,월요일,전라북도 군산시 경암동,경상사고,0,0,1,0,차대차 - 측면충돌,안전거리미확보,건조,맑음,단일로 - 기타,승용,남,55세,상해없음,승용,여,30세,경상
2017022000100388,2017년 2월 20일 18시,월요일,전라북도 익산시 신동,경상사고,0,0,1,0,차대사람 - 횡단중,보행자보호의무위반,건조,맑음,단일로 - 기타,승용,남,81세,상해없음,보행자,여,44세,경상
2017022000100389,2017년 2월 20일 18시,월요일,전라북도 남원시 운봉읍,중상사고,0,1,0,0,차대차 - 정면충돌,중앙선침범,건조,맑음,교차로 - 교차로부근,승용,남,25세,상해없음,이륜,여,80세,중상
2017022000100427,2017년 2월 20일 19시,월요일,전라북도 정읍시 수성동,경상사고,0,0,1,0,차대차 - 측면충돌,직진우회전진행방해,건조,맑음,교차로 - 교차로안,승용,남,34세,상해없음,이륜,남,22세,경상
2017022000100428,2017년 2월 20일 19시,월요일,전라북도 정읍시 수성동,경상사고,0,0,1,0,차대차 - 측면충돌,직진우회전진행방해,건조,맑음,교차로 - 교차로안,승용,여,55세,상해없음,이륜,남,20세,경상
2017022000100464,2017년 2월 20일 20시,월요일,전라북도 군산시 소룡동,사망사고,1,0,1,0,차대사람 - 횡단중,과속,건조,맑음,교차로 - 교차로안,승용,남,47세,상해없음,보행자,여,69세,사망
2017022000100491,2017년 2월 20일 21시,월요일,전라북도 전주시 완산구 효자동2가,경상사고,0,0,4,0,차대차 - 추돌,안전운전불이행,건조,맑음,단일로 - 기타,승용,남,55세,상해없음,승용,남,54세,경상
2017022000100492,2017년 2월 20일 21시,월요일,전라북도 익산시 영등동,경상사고,0,0,1,0,차대사람 - 횡단중,안전운전불이행,건조,맑음,단일로 - 기타,승용,남,25세,상해없음,보행자,남,21세,경상
2017022100100029,2017년 2월 21일 00시,화요일,전라북도 전주시 완산구 중화산동2가,중상사고,0,2,2,0,차대차 - 측면충돌,신호위반,건조,맑음,교차로 - 교차로안,승용,남,44세,상해없음,승용,남,40세,중상
2017022100100030,2017년 2월 21일 00시,화요일,전라북도 전주시 덕진구 금암동,경상사고,0,0,1,0,차대차 - 추돌,안전운전불이행,건조,맑음,단일로 - 기타,승용,남,27세,상해없음,원동기,남,24세,경상
2017022100100080,2017년 2월 21일 06시,화요일,전라북도 전주시 덕진구 송천동2가,경상사고,0,0,2,0,차대차 - 추돌,안전운전불이행,건조,맑음,단일로 - 기타,승용,남,49세,상해없음,승용,남,35세,경상
2017022100100081,2017년 2월 21일 06시,화요일,전라북도 군산시 수송동,부상신고사고,0,0,0,1,차대차 - 측면충돌,안전운전불이행,건조,맑음,단일로 - 기타,승용,남,22세,상해없음,승용,남,29세,부상신고
2017022100100098,2017년 2월 21일 07시,화요일,전라북도 김제시 백산면,경상사고,0,0,1,0,차대차 - 측면충돌,교차로운행방법위반,건조,맑음,교차로 - 교차로안,승용,여,38세,상해없음,승용,남,41세,경상
2017022100100122,2017년 2월 21일 08시,화요일,전라북도 전주시 덕진구 팔복동3가,중상사고,0,1,0,0,차대사람 - 보도통행중,보행자보호의무위반,건조,맑음,단일로 - 기타,승용,여,29세,상해없음,보행자,남,77세,중상
2017022100100197,2017년 2월 21일 11시,화요일,전라북도 전주시 덕진구 금상동,경상사고,0,0,1,0,차대차 - 측면충돌,직진우회전진행방해,건조,맑음,교차로 - 교차로안,건설기계,남,56세,상해없음,화물,남,25세,경상
2017022100100198,2017년 2월 21일 11시,화요일,전라북도 익산시 평화동,중상사고,0,1,0,0,차대차 - 측면충돌,안전운전불이행,건조,맑음,단일로 - 기타,승용,남,37세,상해없음,자전거,남,90세 이상,중상
2017022100100222,2017년 2월 21일 12시,화요일,전라북도 전주시 덕진구 송천동1가,경상사고,0,0,1,0,차대사람 - 기타,기타,건조,맑음,단일로 - 기타,승합,남,57세,상해없음,보행자,여,22세,경상
2017022100100223,2017년 2월 21일 12시,화요일,전라북도 전주시 덕진구 우아동1가,중상사고,0,1,0,0,차대사람 - 보도통행중,보행자보호의무위반,건조,맑음,교차로 - 교차로횡단보도내,승용,남,41세,상해없음,보행자,여,81세,중상
2017022100100224,2017년 2월 21일 12시,화요일,전라북도 익산시 마동,경상사고,0,0,2,0,차대차 - 측면충돌,안전거리미확보,건조,맑음,교차로 - 교차로부근,승용,남,56세,상해없음,승용,남,57세,상해없음
2017022100100225,2017년 2월 21일 12시,화요일,전라북도 무주군 적상면,중상사고,0,1,1,0,차량단독 - 전도전복,안전운전불이행,서리/결빙,맑음,단일로 - 기타,승용,남,63세,경상,미분류,미분류,미분류,미분류
2017022100100240,2017년 2월 21일 13시,화요일,전라북도 익산시 삼기면,중상사고,0,1,0,0,차대차 - 측면충돌,신호위반,건조,맑음,교차로 - 교차로안,건설기계,남,50세,상해없음,승용,남,52세,중상
2017022100100276,2017년 2월 21일 14시,화요일,전라북도 전주시 완산구 효자동1가,경상사고,0,0,1,0,차대사람 - 기타,안전운전불이행,건조,맑음,교차로 - 교차로부근,승용,남,42세,상해없음,보행자,여,73세,경상
2017022100100277,2017년 2월 21일 14시,화요일,전라북도 군산시 조촌동,경상사고,0,0,1,0,차대차 - 측면충돌,신호위반,건조,맑음,교차로 - 교차로안,승용,여,63세,상해없음,승용,남,67세,경상
2017022100100278,2017년 2월 21일 14시,화요일,전라북도 정읍시 정우면,중상사고,0,1,1,0,차대차 - 측면충돌,신호위반,건조,맑음,교차로 - 교차로안,승용,남,52세,경상,화물,남,49세,중상
2017022100100279,2017년 2월 21일 14시,화요일,전라북도 고창군 무장면,경상사고,0,0,1,0,차대차 - 정면충돌,신호위반,건조,맑음,교차로 - 교차로안,승용,남,45세,상해없음,화물,남,57세,경상
2017022100100299,2017년 2월 21일 15시,화요일,전라북도 남원시 고죽동,경상사고,0,0,1,0,차대차 - 추돌,안전운전불이행,건조,맑음,교차로 - 교차로부근,화물,남,75세,상해없음,승용,여,39세,경상
2017022100100352,2017년 2월 21일 17시,화요일,전라북도 부안군 변산면,경상사고,0,0,1,0,차량단독 - 전도전복 - 전도,안전운전불이행,건조,맑음,단일로 - 기타,사륜오토바이(ATV),남,62세,경상,,,,
2017022100100417,2017년 2월 21일 19시,화요일,전라북도 임실군 관촌면,중상사고,0,1,0,0,차대사람 - 길가장자리구역통행중,안전운전불이행,건조,맑음,단일로 - 기타,승용,남,57세,상해없음,보행자,남,42세,중상
2017022100100462,2017년 2월 21일 21시,화요일,전라북도 전주시 덕진구 송천동2가,경상사고,0,0,3,0,차대차 - 측면충돌,불법유턴,건조,맑음,단일로 - 기타,승용,남,61세,상해없음,승용,여,33세,경상
2017022200100043,2017년 2월 22일 03시,수요일,전라북도 전주시 덕진구 진북동,경상사고,0,0,2,0,차대차 - 추돌,안전운전불이행,건조,맑음,교차로 - 교차로부근,승용,남,34세,상해없음,승용,남,66세,경상
2017022200100067,2017년 2월 22일 06시,수요일,전라북도 군산시 나운동,사망사고,1,0,0,0,차대사람 - 횡단중,안전운전불이행,건조,맑음,교차로 - 교차로안,승용,여,46세,상해없음,보행자,남,79세,사망
2017022200100107,2017년 2월 22일 08시,수요일,전라북도 전주시 덕진구 진북동,경상사고,0,0,1,0,차대차 - 측면충돌,안전운전불이행,젖음/습기,비,교차로 - 교차로안,승용,남,55세,상해없음,승용,남,66세,상해없음
2017022200100108,2017년 2월 22일 08시,수요일,전라북도 정읍시 수성동,경상사고,0,0,2,0,차대차 - 측면충돌,안전운전불이행,젖음/습기,비,교차로 - 교차로안,승용,여,60세,경상,화물,남,62세,상해없음
2017022200100160,2017년 2월 22일 10시,수요일,전라북도 김제시 금산면,경상사고,0,0,1,0,차대차 - 측면충돌,기타,젖음/습기,비,교차로 - 교차로안,승용,남,62세,상해없음,승용,남,62세,경상
2017022200100194,2017년 2월 22일 11시,수요일,전라북도 전주시 완산구 중화산동2가,경상사고,0,0,1,0,차대차 - 기타,안전거리미확보,젖음/습기,비,단일로 - 기타,기타불명,기타불명,미분류,기타불명,이륜,남,50세,경상
2017022200100226,2017년 2월 22일 12시,수요일,전라북도 군산시 수송동,경상사고,0,0,1,0,차대차 - 측면충돌,신호위반,젖음/습기,비,교차로 - 교차로안,승용,남,75세,상해없음,승용,여,43세,경상
2017022200100253,2017년 2월 22일 13시,수요일,전라북도 진안군 성수면,경상사고,0,0,1,0,차대차 - 측면충돌,교차로운행방법위반,젖음/습기,비,교차로 - 교차로안,승용,남,56세,상해없음,승용,여,37세,경상
2017022200100324,2017년 2월 22일 16시,수요일,전라북도 전주시 덕진구 우아동2가,경상사고,0,0,3,0,차대차 - 측면충돌,직진우회전진행방해,건조,맑음,교차로 - 교차로안,화물,남,53세,상해없음,승용,남,42세,경상
2017022200100353,2017년 2월 22일 17시,수요일,전라북도 전주시 완산구 경원동1가,경상사고,0,0,1,0,차대차 - 측면충돌,신호위반,젖음/습기,비,교차로 - 교차로안,승용,여,53세,상해없음,승용,여,56세,경상
2017022200100354,2017년 2월 22일 17시,수요일,전라북도 전주시 완산구 중화산동2가,중상사고,0,1,0,0,차대차 - 추돌,안전거리미확보,건조,맑음,단일로 - 기타,승용,남,52세,상해없음,승용,여,48세,중상
2017022200100391,2017년 2월 22일 18시,수요일,전라북도 김제시 요촌동,경상사고,0,0,1,0,차대차 - 측면충돌,직진우회전진행방해,젖음/습기,비,교차로 - 교차로안,승용,남,45세,상해없음,승용,남,59세,경상
2017022200100392,2017년 2월 22일 18시,수요일,전라북도 남원시 하정동,경상사고,0,0,1,0,차대차 - 측면충돌,교차로운행방법위반,건조,맑음,교차로 - 교차로안,승용,남,65세,기타불명,승용,여,51세,경상
2017022200100434,2017년 2월 22일 19시,수요일,전라북도 전주시 완산구 서신동,중상사고,0,1,0,0,차대사람 - 보도통행중,신호위반,젖음/습기,비,교차로 - 교차로횡단보도내,승용,여,40세,상해없음,보행자,남,71세,중상
2017022200100435,2017년 2월 22일 19시,수요일,전라북도 군산시 나운동,중상사고,0,1,1,0,차대차 - 측면충돌,신호위반,젖음/습기,비,교차로 - 교차로안,승합,남,64세,경상,이륜,남,28세,중상
2017022200100436,2017년 2월 22일 19시,수요일,전라북도 익산시 목천동,경상사고,0,0,2,0,차대차 - 추돌,안전운전불이행,젖음/습기,비,단일로 - 기타,승용,남,48세,상해없음,승용,남,45세,경상
2017022200100482,2017년 2월 22일 20시,수요일,전라북도 전주시 완산구 효자동2가,중상사고,0,1,0,0,차대차 - 측면충돌,신호위반,젖음/습기,비,교차로 - 교차로안,승용,여,25세,상해없음,승용,남,49세,중상
2017022200100483,2017년 2월 22일 20시,수요일,전라북도 전주시 덕진구 덕진동2가,경상사고,0,0,5,0,차대차 - 측면충돌,신호위반,젖음/습기,비,교차로 - 교차로안,승합,남,29세,상해없음,승용,남,67세,경상
2017022200100484,2017년 2월 22일 20시,수요일,전라북도 군산시 나운동,경상사고,0,0,2,0,차대차 - 측면충돌,직진우회전진행방해,젖음/습기,비,단일로 - 기타,승용,여,62세,상해없음,승용,남,63세,경상
2017022200100485,2017년 2월 22일 20시,수요일,전라북도 익산시 영등동,경상사고,0,0,1,0,차대사람 - 횡단중,신호위반,젖음/습기,비,교차로 - 교차로안,승용,여,57세,상해없음,보행자,여,39세,경상
2017022200100486,2017년 2월 22일 20시,수요일,전라북도 완주군 삼례읍,경상사고,0,0,1,0,차대차 - 추돌,안전운전불이행,젖음/습기,비,교차로 - 교차로부근,화물,남,64세,상해없음,승용,남,43세,경상
2017022200100527,2017년 2월 22일 21시,수요일,전라북도 익산시 부송동,중상사고,0,1,2,0,차대사람 - 횡단중,안전운전불이행,젖음/습기,비,단일로 - 기타,승용,남,41세,상해없음,보행자,여,30세,중상
2017022200100556,2017년 2월 22일 22시,수요일,전라북도 전주시 완산구 서서학동,경상사고,0,0,1,0,차대차 - 후진중충돌,안전운전불이행,젖음/습기,비,교차로 - 교차로부근,승용,남,43세,상해없음,승용,남,64세,경상
2017022200100587,2017년 2월 22일 23시,수요일,전라북도 전주시 덕진구 인후동2가,경상사고,0,0,1,0,차대차 - 추돌,안전운전불이행,젖음/습기,비,교차로 - 교차로부근,승용,남,29세,상해없음,승용,남,30세,경상
2017022300100082,2017년 2월 23일 06시,목요일,전라북도 김제시 요촌동,사망사고,1,0,0,0,차대사람 - 횡단중,보행자보호의무위반,건조,맑음,교차로 - 교차로횡단보도내,승용,남,60세,상해없음,보행자,여,82세,사망
2017022300100148,2017년 2월 23일 09시,목요일,전라북도 군산시 나운동,중상사고,0,1,0,0,차대차 - 기타,안전운전불이행,건조,맑음,교차로 - 교차로부근,승용,남,61세,상해없음,이륜,남,69세,중상
2017022300100149,2017년 2월 23일 09시,목요일,전라북도 김제시 죽산면,경상사고,0,0,2,0,차대차 - 추돌,안전운전불이행,건조,맑음,단일로 - 기타,화물,남,35세,상해없음,승용,여,31세,경상
2017022300100169,2017년 2월 23일 10시,목요일,전라북도 전주시 완산구 효자동1가,중상사고,0,1,0,0,차대사람 - 기타,안전운전불이행,건조,맑음,단일로 - 기타,승용,여,42세,상해없음,보행자,남,78세,중상
2017022300100195,2017년 2월 23일 11시,목요일,전라북도 익산시 평화동,중상사고,0,1,0,0,차대사람 - 횡단중,보행자보호의무위반,건조,맑음,교차로 - 교차로횡단보도내,승용,남,74세,상해없음,보행자,여,66세,중상
2017022300100239,2017년 2월 23일 13시,목요일,전라북도 순창군 금과면,경상사고,0,0,3,0,차대차 - 추돌,안전운전불이행,건조,맑음,단일로 - 기타,화물,남,61세,경상,승용,남,81세,경상
2017022300100267,2017년 2월 23일 14시,목요일,전라북도 익산시 함열읍,중상사고,0,1,0,0,차대차 - 측면충돌,안전거리미확보,건조,맑음,단일로 - 기타,이륜,남,76세,중상,승합,여,36세,상해없음