사고번호,사고일시,요일,시군구,사고내용,사망자수,중상자수,경상자수,부상신고자수,사고유형,법규위반,노면상태,기상상태,도로형태,가해운전자 차종,가해운전자 성별,가해운전자 연령,가해운전자 상해정도,피해운전자 차종,피해운전자 성별,피해운전자 연령,피해운전자 상해정도
2017030100100108,2017년 3월 1일 08시,수요일,전라북도 전주시 완산구 중노송동,중상사고,0,1,0,0,차대차 - 측면충돌,신호위반,건조,맑음,교차로 - 교차로안,승용,여,28세,상해없음,승용,남,88세,중상
2017030100100138,2017년 3월 1일 10시,수요일,전라북도 익산시 마동,중상사고,0,1,0,0,차대사람 - 횡단중,안전운전불이행,건조,맑음,교차로 - 교차로부근,승용,남,74세,상해없음,보행자,여,70세,중상
2017030100100161,2017년 3월 1일 11시,수요일,전라북도 임실군 관촌면,중상사고,0,2,1,0,차량단독 - 전도전복 - 전도,안전운전불이행,건조,맑음,단일로 - 기타,승합,남,69세,상해없음,,,,
2017030100100246,2017년 3월 1일 15시,수요일,전라북도 김제시 옥산동,경상사고,0,0,3,0,차대차 - 후진중충돌,안전운전불이행,건조,맑음,교차로 - 교차로부근,농기계,남,74세,상해없음,승용,여,37세,경상
2017030100100267,2017년 3월 1일 16시,수요일,전라북도 익산시 어양동,중상사고,0,1,2,0,차대차 - 정면충돌,중앙선침범,건조,흐림,단일로 - 기타,승용,남,70세,상해없음,승용,남,58세,경상
2017030100100314,2017년 3월 1일 18시,수요일,전라북도 전주시 덕진구 인후동1가,경상사고,0,0,1,0,차대차 - 추돌,안전운전불이행,건조,흐림,단일로 - 기타,승용,여,53세,상해없음,승용,남,40세,경상
2017030100100315,2017년 3월 1일 18시,수요일,전라북도 전주시 덕진구 인후동1가,경상사고,0,0,1,0,차대사람 - 횡단중,안전운전불이행,건조,흐림,단일로 - 기타,승용,남,63세,상해없음,보행자,남,62세,경상
2017030100100316,2017년 3월 1일 18시,수요일,전라북도 전주시 덕진구 우아동2가,경상사고,0,0,1,0,차대차 - 측면충돌,직진우회전진행방해,젖음/습기,비,교차로 - 교차로안,승용,남,28세,상해없음,승용,남,35세,경상
2017030100100317,2017년 3월 1일 18시,수요일,전라북도 정읍시 수성동,경상사고,0,0,1,0,차대차 - 측면충돌,안전운전불이행,젖음/습기,맑음,교차로 - 교차로안,승용,남,42세,상해없음,승용,남,28세,경상
2017030100100372,2017년 3월 1일 19시,수요일,전라북도 익산시 남중동,경상사고,0,0,2,0,차대차 - 측면충돌,신호위반,젖음/습기,비,교차로 - 교차로안,승용,여,56세,상해없음,승용,여,43세,경상
2017030100100373,2017년 3월 1일 19시,수요일,전라북도 익산시 어양동,경상사고,0,0,1,0,차대차 - 측면충돌,안전거리미확보,젖음/습기,비,단일로 - 기타,승용,남,59세,상해없음,이륜,남,27세,경상
2017030100100450,2017년 3월 1일 21시,수요일,전라북도 전주시 덕진구 덕진동2가,경상사고,0,0,4,0,차대차 - 측면충돌,신호위반,젖음/습기,비,교차로 - 교차로안,승용,여,40세,상해없음,승용,여,31세,경상
2017030100100451,2017년 3월 1일 21시,수요일,전라북도 임실군 오수면,중상사고,0,1,0,0,차대사람 - 차도통행중,안전운전불이행,젖음/습기,비,단일로 - 기타,화물,여,50세,상해없음,보행자,남,76세,중상
2017030200100023,2017년 3월 2일 00시,목요일,전라북도 전주시 덕진구 덕진동1가,경상사고,0,0,4,0,차대차 - 측면충돌,신호위반,젖음/습기,비,교차로 - 교차로안,승용,남,46세,상해없음,승용,남,72세,경상
2017030200100085,2017년 3월 2일 06시,목요일,전라북도 전주시 덕진구 호성동1가,중상사고,0,1,0,0,차대사람 - 횡단중,신호위반,젖음/습기,비,교차로 - 교차로횡단보도내,화물,남,69세,상해없음,보행자,여,66세,중상
2017030200100127,2017년 3월 2일 08시,목요일,전라북도 전주시 덕진구 덕진동1가,경상사고,0,0,1,0,차대차 - 측면충돌,안전운전불이행,건조,맑음,단일로 - 기타,승용,남,26세,상해없음,승용,남,71세,경상
2017030200100128,2017년 3월 2일 08시,목요일,전라북도 전주시 덕진구 진북동,경상사고,0,0,1,0,차대사람 - 기타,안전운전불이행,건조,맑음,단일로 - 기타,승용,남,31세,상해없음,보행자,남,48세,경상
2017030200100129,2017년 3월 2일 08시,목요일,전라북도 전주시 덕진구 송천동1가,경상사고,0,0,1,0,차대사람 - 횡단중,보행자보호의무위반,건조,맑음,교차로 - 교차로횡단보도내,기타불명,기타불명,미분류,기타불명,보행자,남,16세,경상
2017030200100130,2017년 3월 2일 08시,목요일,전라북도 완주군 삼례읍,사망사고,1,0,0,0,차대차 - 측면충돌,안전운전불이행,건조,맑음,교차로 - 교차로안,화물,남,26세,상해없음,원동기,남,56세,사망
2017030200100154,2017년 3월 2일 09시,목요일,전라북도 익산시 인화동1가,경상사고,0,0,2,0,차대차 - 측면충돌,직진우회전진행방해,건조,맑음,교차로 - 교차로안,화물,남,53세,상해없음,승합,남,69세,상해없음
2017030200100155,2017년 3월 2일 09시,목요일,전라북도 정읍시 장명동,경상사고,0,0,1,0,차대차 - 기타,안전운전불이행,건조,맑음,교차로 - 교차로부근,승용,여,63세,상해없음,승용,여,50세,경상
2017030200100169,2017년 3월 2일 10시,목요일,전라북도 김제시 교동,경상사고,0,0,1,0,차대차 - 측면충돌,안전거리미확보,건조,맑음,단일로 - 기타,승합,여,60세,상해없음,승용,여,55세,경상
2017030200100242,2017년 3월 2일 13시,목요일,전라북도 정읍시 시기동,중상사고,0,1,0,0,차대차 - 측면충돌,안전운전불이행,건조,맑음,교차로 - 교차로안,자전거,남,21세,중상,승용,여,37세,상해없음
2017030200100243,2017년 3월 2일 13시,목요일,전라북도 고창군 신림면,중상사고,0,1,0,0,차대차 - 측면충돌,중앙선침범,건조,맑음,단일로 - 기타,승용,남,68세,상해없음,승용,남,50세,중상
2017030200100278,2017년 3월 2일 14시,목요일,전라북도 전주시 덕진구 인후동1가,중상사고,0,1,0,0,차대차 - 측면충돌,신호위반,건조,맑음,교차로 - 교차로안,승용,여,77세,상해없음,원동기,남,62세,중상
2017030200100302,2017년 3월 2일 15시,목요일,전라북도 익산시 용안면,경상사고,0,0,1,0,차대차 - 측면충돌,안전운전불이행,건조,맑음,단일로 - 기타,승용,남,50세,상해없음,자전거,남,79세,경상
2017030200100356,2017년 3월 2일 17시,목요일,전라북도 전주시 덕진구 우아동3가,중상사고,0,1,0,0,차대사람 - 횡단중,기타,건조,맑음,단일로 - 기타,승합,남,51세,상해없음,보행자,남,14세,중상
2017030200100481,2017년 3월 2일 21시,목요일,전라북도 군산시 미룡동,경상사고,0,0,1,0,차대사람 - 횡단중,보행자보호의무위반,건조,맑음,교차로 - 교차로안,승용,남,22세,상해없음,보행자,남,19세,경상
2017030200100506,2017년 3월 2일 22시,목요일,전라북도 익산시 영등동,경상사고,0,0,1,0,차대차 - 정면충돌,직진우회전진행방해,건조,맑음,교차로 - 교차로안,승용,남,62세,상해없음,이륜,남,36세,경상
2017030300100082,2017년 3월 3일 06시,금요일,전라북도 군산시 소룡동,중상사고,0,1,0,0,차대사람 - 횡단중,신호위반,건조,맑음,교차로 - 교차로안,승용,남,63세,상해없음,보행자,여,70세,중상
2017030300100140,2017년 3월 3일 08시,금요일,전라북도 군산시 개정동,경상사고,0,0,1,0,차대차 - 기타,안전운전불이행,건조,맑음,교차로 - 교차로안,승합,남,62세,상해없음,승용,여,45세,경상
2017030300100176,2017년 3월 3일 09시,금요일,전라북도 정읍시 연지동,사망사고,1,0,0,0,차대차 - 측면충돌,직진우회전진행방해,건조,맑음,교차로 - 교차로안,승용,남,41세,상해없음,자전거,남,85세,사망
2017030300100177,2017년 3월 3일 09시,금요일,전라북도 고창군 성송면,중상사고,0,1,0,0,차대차 - 정면충돌,신호위반,건조,맑음,교차로 - 교차로안,승용,남,60세,상해없음,승용,남,72세,중상
2017030300100263,2017년 3월 3일 12시,금요일,전라북도 전주시 완산구 중화산동2가,부상신고사고,0,0,0,1,차대차 - 측면충돌,신호위반,건조,맑음,교차로 - 교차로안,승용,남,79세,부상신고,승합,남,58세,상해없음
2017030300100264,2017년 3월 3일 12시,금요일,전라북도 부안군 행안면,경상사고,0,0,2,0,차대차 - 측면충돌,신호위반,건조,맑음,교차로 - 교차로안,승용,남,71세,상해없음,화물,남,39세,경상
2017030300100303,2017년 3월 3일 13시,금요일,전라북도 정읍시 용계동,경상사고,0,0,1,0,차대차 - 측면충돌,불법유턴,건조,맑음,단일로 - 기타,승용,여,48세,상해없음,승용,여,32세,경상
2017030300100332,2017년 3월 3일 14시,금요일,전라북도 군산시 소룡동,경상사고,0,0,1,0,차대차 - 측면충돌,안전운전불이행,건조,맑음,교차로 - 교차로횡단보도내,자전거,여,20세,경상,승용,여,33세,상해없음
2017030300100333,2017년 3월 3일 14시,금요일,전라북도 익산시 송학동,중상사고,0,1,0,0,차대차 - 기타,안전운전불이행,건조,맑음,교차로 - 교차로안,승합,남,56세,상해없음,이륜,남,34세,중상
2017030300100368,2017년 3월 3일 15시,금요일,전라북도 임실군 관촌면,중상사고,0,1,1,0,차대차 - 추돌,안전운전불이행,건조,맑음,단일로 - 기타,승용,여,60세,상해없음,승용,여,53세,중상
2017030300100393,2017년 3월 3일 16시,금요일,전라북도 군산시 경암동,경상사고,0,0,1,0,차대차 - 기타,안전운전불이행,건조,맑음,교차로 - 교차로안,승용,여,56세,상해없음,이륜,남,66세,경상
2017030300100394,2017년 3월 3일 16시,금요일,전라북도 남원시 금동,경상사고,0,0,1,0,차대차 - 측면충돌,교차로운행방법위반,건조,맑음,교차로 - 교차로안,승용,여,74세,상해없음,자전거,여,72세,경상
2017030300100395,2017년 3월 3일 16시,금요일,전라북도 부안군 행안면,경상사고,0,0,2,0,차대차 - 측면충돌,과속,건조,맑음,교차로 - 교차로안,화물,남,24세,상해없음,화물,남,59세,경상
2017030300100429,2017년 3월 3일 17시,금요일,전라북도 군산시 사정동,경상사고,0,0,1,0,차대차 - 추돌,안전거리미확보,건조,맑음,교차로 - 교차로안,승용,남,48세,상해없음,승용,여,34세,경상
2017030300100471,2017년 3월 3일 18시,금요일,전라북도 전주시 완산구 중노송동,경상사고,0,0,2,0,차대차 - 기타,신호위반,건조,맑음,교차로 - 교차로안,승용,남,53세,상해없음,승용,남,22세,경상
2017030300100472,2017년 3월 3일 18시,금요일,전라북도 군산시 지곡동,중상사고,0,1,0,0,차대차 - 기타,신호위반,건조,맑음,교차로 - 교차로안,원동기,남,28세,중상,승용,남,47세,상해없음
2017030300100473,2017년 3월 3일 18시,금요일,전라북도 익산시 오산면,경상사고,0,0,1,0,차대차 - 측면충돌,안전운전불이행,건조,맑음,교차로 - 교차로안,승용,여,58세,상해없음,승용,남,25세,경상
2017030300100515,2017년 3월 3일 19시,금요일,전라북도 정읍시 신태인읍,경상사고,0,0,1,0,차대사람 - 횡단중,안전운전불이행,건조,맑음,단일로 - 기타,원동기,남,62세,경상,보행자,남,52세,상해없음
2017030300100550,2017년 3월 3일 20시,금요일,전라북도 전주시 덕진구 덕진동1가,중상사고,0,1,0,0,차대사람 - 횡단중,보행자보호의무위반,건조,맑음,단일로 - 기타,승용,남,72세,상해없음,보행자,남,72세,중상
2017030300100576,2017년 3월 3일 21시,금요일,전라북도 익산시 춘포면,중상사고,0,1,4,0,차대차 - 추돌,안전운전불이행,건조,맑음,단일로 - 기타,승용,여,56세,상해없음,승용,남,46세,경상
2017030300100620,2017년 3월 3일 23시,금요일,전라북도 전주시 완산구 효자동3가,경상사고,0,0,4,0,차대차 - 측면충돌,신호위반,건조,맑음,교차로 - 교차로안,승용,남,59세,상해없음,승용,남,55세,경상
2017030300100621,2017년 3월 3일 23시,금요일,전라북도 군산시 수송동,경상사고,0,0,1,0,차대사람 - 횡단중,안전운전불이행,건조,맑음,단일로 - 기타,승용,남,56세,상해없음,보행자,남,25세,경상
2017030300100622,2017년 3월 3일 23시,금요일,전라북도 익산시 부송동,경상사고,0,0,1,0,차대차 - 정면충돌,안전운전불이행,건조,맑음,단일로 - 기타,화물,남,39세,상해없음,이륜,남,30세,경상
2017030400100038,2017년 3월 4일 01시,토요일,전라북도 전주시 완산구 서신동,경상사고,0,0,1,0,차대차 - 측면충돌,신호위반,건조,맑음,교차로 - 교차로안,승용,남,28세,상해없음,승용,남,29세,경상
2017030400100039,2017년 3월 4일 01시,토요일,전라북도 전주시 덕진구 동산동,경상사고,0,0,1,0,차대차 - 측면충돌,안전운전불이행,건조,맑음,단일로 - 기타,화물,남,56세,상해없음,승용,남,59세,경상
2017030400100080,2017년 3월 4일 04시,토요일,전라북도 전주시 완산구 중화산동2가,경상사고,0,0,1,0,차대차 - 정면충돌,안전운전불이행,건조,맑음,교차로 - 교차로안,승용,남,53세,상해없음,승용,남,27세,상해없음
2017030400100121,2017년 3월 4일 07시,토요일,전라북도 전주시 덕진구 송천동2가,경상사고,0,0,2,0,차대차 - 추돌,안전운전불이행,건조,맑음,단일로 - 기타,승용,남,50세,상해없음,화물,여,54세,경상
2017030400100184,2017년 3월 4일 10시,토요일,전라북도 군산시 대야면,경상사고,0,0,1,0,차대차 - 측면충돌,신호위반,건조,맑음,교차로 - 교차로안,승용,남,69세,상해없음,화물,남,42세,경상
2017030400100216,2017년 3월 4일 11시,토요일,전라북도 군산시 나운동,경상사고,0,0,1,0,차대사람 - 횡단중,안전운전불이행,건조,맑음,단일로 - 기타,승용,남,36세,상해없음,보행자,남,74세,경상
2017030400100217,2017년 3월 4일 11시,토요일,전라북도 남원시 수지면,경상사고,0,0,1,0,차대차 - 측면충돌,중앙선침범,건조,맑음,단일로 - 기타,승합,남,48세,상해없음,원동기,남,76세,경상
2017030400100218,2017년 3월 4일 11시,토요일,전라북도 부안군 부안읍,중상사고,0,2,2,0,차대사람 - 횡단중,보행자보호의무위반,건조,맑음,단일로 - 기타,승합,남,59세,상해없음,보행자,여,11세,중상
2017030400100292,2017년 3월 4일 13시,토요일,전라북도 전주시 덕진구 금암동,경상사고,0,0,1,0,차대사람 - 차도통행중,안전운전불이행,젖음/습기,맑음,단일로 - 기타,승용,남,57세,상해없음,보행자,여,22세,경상
2017030400100293,2017년 3월 4일 13시,토요일,전라북도 임실군 오수면,중상사고,0,1,2,0,차대차 - 측면충돌,교차로운행방법위반,건조,맑음,교차로 - 교차로안,승용,여,48세,경상,승용,남,79세,상해없음
2017030400100377,2017년 3월 4일 16시,토요일,전라북도 전주시 덕진구 금암동,경상사고,0,0,1,0,차대차 - 측면충돌,신호위반,건조,맑음,단일로 - 기타,승용,여,77세,상해없음,승용,여,40세,경상
2017030400100378,2017년 3월 4일 16시,토요일,전라북도 김제시 진봉면,중상사고,0,1,0,0,차대차 - 측면충돌,안전운전불이행,건조,맑음,단일로 - 기타,농기계,남,69세,상해없음,승용,여,52세,중상
2017030400100379,2017년 3월 4일 16시,토요일,전라북도 부안군 진서면,경상사고,0,0,1,0,차대사람 - 횡단중,안전운전불이행,건조,맑음,단일로 - 기타,승용,남,52세,상해없음,보행자,여,52세,경상
2017030400100432,2017년 3월 4일 18시,토요일,전라북도 김제시 교동,경상사고,0,0,1,0,차대차 - 측면충돌,직진우회전진행방해,건조,맑음,교차로 - 교차로안,화물,여,61세,상해없음,화물,남,67세,경상
2017030400100506,2017년 3월 4일 21시,토요일,전라북도 남원시 도통동,경상사고,0,0,1,0,차대사람 - 횡단중,신호위반,건조,맑음,교차로 - 교차로횡단보도내,승용,남,56세,상해없음,보행자,남,33세,경상
2017030400100522,2017년 3월 4일 22시,토요일,전라북도 전주시 덕진구 덕진동2가,중상사고,0,1,2,0,차대차 - 측면충돌,과속,건조,맑음,교차로 - 교차로안,승용,남,28세,상해없음,승용,남,30세,경상
2017030400100523,2017년 3월 4일 22시,토요일,전라북도 정읍시 망제동,경상사고,0,0,1,0,차대차 - 측면충돌,중앙선침범,건조,맑음,단일로 - 기타,승용,남,50세,상해없음,승용,남,33세,경상
2017030400100541,2017년 3월 4일 23시,토요일,전라북도 김제시 요촌동,중상사고,0,1,0,0,차대사람 - 횡단중,보행자보호의무위반,건조,맑음,교차로 - 교차로횡단보도내,원동기,남,26세,상해없음,보행자,남,56세,중상
2017030500100084,2017년 3월 5일 08시,일요일,전라북도 김제시 금산면,중상사고,0,1,0,0,차대차 - 측면충돌,직진우회전진행방해,건조,맑음,교차로 - 교차로안,원동기,남,79세,중상,화물,남,49세,상해없음
2017030500100107,2017년 3월 5일 10시,일요일,전라북도 군산시 나운동,경상사고,0,0,1,0,차대차 - 추돌,안전운전불이행,건조,맑음,단일로 - 기타,승용,남,55세,상해없음,승용,남,41세,경상
2017030500100255,2017년 3월 5일 16시,일요일,전라북도 군산시 대명동,경상사고,0,0,2,0,차대차 - 측면충돌,중앙선침범,건조,맑음,단일로 - 기타,승용,남,23세,상해없음,승용,남,30세,경상
2017030500100277,2017년 3월 5일 17시,일요일,전라북도 군산시 대명동,경상사고,0,0,1,0,차대차 - 측면충돌,신호위반,건조,맑음,교차로 - 교차로안,승용,남,30세,상해없음,승용,남,64세,경상
2017030500100278,2017년 3월 5일 17시,일요일,전라북도 완주군 구이면,부상신고사고,0,0,0,1,차대차 - 측면충돌,직진우회전진행방해,건조,맑음,교차로 - 교차로안,화물,남,54세,부상신고,원동기,남,73세,기타불명
2017030500100368,2017년 3월 5일 20시,일요일,전라북도 전주시 완산구 중화산동2가,경상사고,0,0,1,0,차대사람 - 기타,안전운전불이행,건조,맑음,교차로 - 교차로부근,승용,여,22세,상해없음,보행자,남,32세,경상
2017030500100369,2017년 3월 5일 20시,일요일,전라북도 김제시 순동,중상사고,0,1,0,0,차대사람 - 횡단중,보행자보호의무위반,건조,맑음,단일로 - 기타,승용,남,32세,상해없음,보행자,남,74세,중상
2017030500100370,2017년 3월 5일 20시,일요일,전라북도 김제시 금구면,경상사고,0,0,2,0,차대차 - 측면충돌,안전거리미확보,건조,맑음,단일로 - 기타,승용,여,43세,상해없음,승용,여,42세,경상
2017030500100423,2017년 3월 5일 22시,일요일,전라북도 완주군 삼례읍,경상사고,0,0,1,0,차대차 - 추돌,안전운전불이행,건조,맑음,교차로 - 교차로부근,승용,남,51세,상해없음,승용,남,41세,경상
2017030600100042,2017년 3월 6일 04시,월요일,전라북도 전주시 완산구 중동,중상사고,0,2,1,0,차량단독 - 공작물충돌,중앙선침범,건조,맑음,단일로 - 기타,승용,남,24세,중상,,,,
2017030600100043,2017년 3월 6일 04시,월요일,전라북도 완주군 봉동읍,사망사고,1,0,0,0,차대차 - 추돌,안전운전불이행,건조,맑음,단일로 - 기타,승용,남,60세,사망,화물,남,44세,기타불명
2017030600100065,2017년 3월 6일 06시,월요일,전라북도 전주시 완산구 서신동,경상사고,0,0,1,0,차대사람 - 횡단중,보행자보호의무위반,건조,맑음,교차로 - 교차로횡단보도내,승용,남,27세,상해없음,보행자,여,34세,경상
2017030600100118,2017년 3월 6일 08시,월요일,전라북도 군산시 사정동,경상사고,0,0,1,0,차대차 - 추돌,안전운전불이행,건조,맑음,단일로 - 기타,이륜,남,61세,경상,승용,여,47세,상해없음
2017030600100119,2017년 3월 6일 08시,월요일,전라북도 김제시 요촌동,중상사고,0,1,0,0,차대차 - 기타,직진우회전진행방해,건조,맑음,교차로 - 교차로부근,승용,남,69세,상해없음,자전거,남,13세,중상
2017030600100120,2017년 3월 6일 08시,월요일,전라북도 임실군 임실읍,중상사고,0,2,0,0,차대차 - 측면충돌,중앙선침범,건조,맑음,교차로 - 교차로부근,화물,여,52세,상해없음,이륜,남,71세,중상
2017030600100150,2017년 3월 6일 09시,월요일,전라북도 장수군 계남면,중상사고,0,1,1,0,차대차 - 정면충돌,중앙선침범,건조,맑음,기타 - 기타,승용,남,57세,중상,화물,남,37세,경상
2017030600100182,2017년 3월 6일 10시,월요일,전라북도 군산시 경암동,경상사고,0,0,1,0,차대차 - 측면충돌,직진우회전진행방해,건조,맑음,교차로 - 교차로안,이륜,여,59세,경상,승용,여,37세,상해없음
2017030600100218,2017년 3월 6일 11시,월요일,전라북도 정읍시 농소동,경상사고,0,0,1,0,차대차 - 추돌,안전운전불이행,건조,맑음,교차로 - 교차로부근,화물,남,61세,상해없음,승용,여,51세,경상
2017030600100239,2017년 3월 6일 12시,월요일,전라북도 전주시 완산구 중화산동2가,경상사고,0,0,1,0,차대차 - 측면충돌,신호위반,건조,맑음,교차로 - 교차로안,승용,여,61세,상해없음,원동기,남,29세,경상
2017030600100299,2017년 3월 6일 14시,월요일,전라북도 정읍시 소성면,경상사고,0,0,1,0,차대차 - 추돌,안전운전불이행,건조,맑음,단일로 - 기타,승용,남,59세,경상,건설기계,남,50세,상해없음
2017030600100390,2017년 3월 6일 17시,월요일,전라북도 전주시 덕진구 팔복동1가,중상사고,0,1,0,0,차대사람 - 길가장자리구역통행중,안전운전불이행,건조,맑음,단일로 - 기타,승용,여,59세,상해없음,보행자,여,51세,중상
2017030600100391,2017년 3월 6일 17시,월요일,전라북도 익산시 어양동,경상사고,0,0,1,0,차대사람 - 횡단중,안전운전불이행,건조,맑음,단일로 - 기타,원동기,남,64세,상해없음,보행자,남,30세,경상
2017030600100463,2017년 3월 6일 19시,월요일,전라북도 군산시 사정동,중상사고,0,1,0,0,차대차 - 측면충돌,안전운전불이행,건조,맑음,단일로 - 기타,승합,남,35세,상해없음,이륜,남,28세,중상
2017030600100497,2017년 3월 6일 20시,월요일,전라북도 전주시 덕진구 진북동,경상사고,0,0,1,0,차대차 - 측면충돌,신호위반,건조,맑음,교차로 - 교차로부근,승용,여,58세,상해없음,승용,여,41세,경상
2017030600100498,2017년 3월 6일 20시,월요일,전라북도 부안군 부안읍,경상사고,0,0,1,0,차대사람 - 횡단중,안전운전불이행,건조,맑음,단일로 - 기타,승용,남,58세,상해없음,보행자,남,47세,경상
2017030600100545,2017년 3월 6일 22시,월요일,전라북도 익산시 부송동,경상사고,0,0,1,0,차대차 - 측면충돌,중앙선침범,건조,맑음,단일로 - 기타,승용,여,42세,상해없음,승용,남,21세,경상
2017030600100566,2017년 3월 6일 23시,월요일,전라북도 전주시 덕진구 진북동,경상사고,0,0,1,0,차대차 - 측면충돌,중앙선침범,건조,맑음,교차로 - 교차로부근,승용,남,45세,상해없음,승용,남,51세,경상
2017030700100044,2017년 3월 7일 04시,화요일,전라북도 전주시 완산구 중화산동2가,중상사고,0,2,0,0,차대차 - 측면충돌,안전거리미확보,젖음/습기,눈,교차로 - 교차로부근,승용,남,56세,상해없음,승용,여,61세,중상
2017030700100062,2017년 3월 7일 06시,화요일,전라북도 전주시 완산구 상림동,경상사고,0,0,2,0,차량단독 - 공작물충돌,안전운전불이행,서리/결빙,눈,단일로 - 기타,승용,남,59세,상해없음,,,,
2017030700100072,2017년 3월 7일 07시,화요일,전라북도 전주시 덕진구 고랑동,경상사고,0,0,1,0,차대차 - 정면충돌,중앙선침범,서리/결빙,흐림,기타 - 기타,화물,남,54세,상해없음,화물,남,66세,상해없음
2017030700100073,2017년 3월 7일 07시,화요일,전라북도 군산시 개정면,경상사고,0,0,2,0,차대차 - 측면충돌,안전운전불이행,서리/결빙,눈,단일로 - 기타,승합,남,62세,경상,승용,남,65세,경상
2017030700100074,2017년 3월 7일 07시,화요일,전라북도 군산시 개정면,경상사고,0,0,3,0,차대차 - 추돌,안전운전불이행,서리/결빙,눈,단일로 - 기타,승용,남,38세,경상,화물,남,46세,경상
2017030700100075,2017년 3월 7일 07시,화요일,전라북도 군산시 성산면,중상사고,0,2,0,0,차량단독 - 전도전복,안전운전불이행,서리/결빙,눈,단일로 - 교량,화물,남,60세,중상,미분류,미분류,미분류,미분류
2017030700100076,2017년 3월 7일 07시,화요일,전라북도 군산시 내초동,경상사고,0,0,4,0,차대차 - 정면충돌,안전운전불이행,서리/결빙,흐림,단일로 - 기타,승용,여,40세,상해없음,승용,남,23세,상해없음
2017030700100077,2017년 3월 7일 07시,화요일,전라북도 익산시 부송동,중상사고,0,1,1,0,차대차 - 측면충돌,직진우회전진행방해,적설,맑음,교차로 - 교차로안,승용,남,26세,상해없음,승용,남,57세,경상
2017030700100078,2017년 3월 7일 07시,화요일,전라북도 임실군 오수면,중상사고,0,1,1,0,차대차 - 정면충돌,중앙선침범,적설,눈,단일로 - 기타,화물,남,50세,상해없음,화물,남,51세,상해없음
2017030700100123,2017년 3월 7일 08시,화요일,전라북도 군산시 나운동,경상사고,0,0,2,0,차대차 - 추돌,안전운전불이행,서리/결빙,맑음,교차로 - 교차로부근,승용,남,66세,상해없음,승용,남,67세,경상
2017030700100124,2017년 3월 7일 08시,화요일,전라북도 익산시 왕궁면,경상사고,0,0,2,0,차대차 - 정면충돌,중앙선침범,적설,흐림,단일로 - 기타,승용,남,32세,경상,화물,남,40세,경상
2017030700100125,2017년 3월 7일 08시,화요일,전라북도 익산시 목천동,중상사고,0,1,0,0,차대차 - 정면충돌,중앙선침범,서리/결빙,흐림,단일로 - 기타,화물,남,24세,상해없음,승용,여,25세,중상
2017030700100126,2017년 3월 7일 08시,화요일,전라북도 완주군 소양면,중상사고,0,1,4,0,차대차 - 정면충돌,중앙선침범,적설,흐림,단일로 - 기타,승용,남,54세,상해없음,승용,여,36세,경상
2017030700100162,2017년 3월 7일 09시,화요일,전라북도 전주시 완산구 효자동2가,중상사고,0,1,1,0,차대차 - 정면충돌,안전운전불이행,젖음/습기,눈,교차로 - 교차로안,승용,남,48세,상해없음,승용,남,66세,경상
2017030700100163,2017년 3월 7일 09시,화요일,전라북도 정읍시 시기동,경상사고,0,0,1,0,차대사람 - 차도통행중,안전운전불이행,젖음/습기,맑음,교차로 - 교차로안,승용,남,65세,상해없음,보행자,여,74세,경상
2017030700100216,2017년 3월 7일 11시,화요일,전라북도 익산시 용안면,사망사고,1,0,0,0,차대차 - 측면충돌,안전거리미확보,젖음/습기,맑음,단일로 - 기타,자전거,남,70세,사망,승용,남,49세,상해없음
2017030700100310,2017년 3월 7일 15시,화요일,전라북도 익산시 용제동,경상사고,0,0,1,0,차대차 - 측면충돌,신호위반,건조,맑음,교차로 - 교차로안,승용,남,37세,상해없음,승용,남,51세,경상
2017030700100333,2017년 3월 7일 16시,화요일,전라북도 김제시 용지면,사망사고,1,0,0,0,차량단독 - 전도전복 - 전도,안전운전불이행,건조,맑음,단일로 - 기타,화물,남,67세,사망,,,,
2017030700100372,2017년 3월 7일 17시,화요일,전라북도 익산시 월성동,중상사고,0,1,3,0,차대차 - 추돌,안전운전불이행,건조,맑음,교차로 - 교차로부근,승용,남,43세,상해없음,승용,남,54세,경상
2017030700100373,2017년 3월 7일 17시,화요일,전라북도 익산시 어양동,경상사고,0,0,1,0,차대차 - 기타,안전운전불이행,건조,맑음,단일로 - 기타,승용,남,44세,상해없음,자전거,남,35세,경상
2017030700100435,2017년 3월 7일 19시,화요일,전라북도 익산시 남중동,경상사고,0,0,1,0,차대사람 - 횡단중,안전운전불이행,건조,맑음,단일로 - 기타,승용,여,57세,상해없음,보행자,남,58세,경상
2017030700100502,2017년 3월 7일 21시,화요일,전라북도 전주시 완산구 서신동,경상사고,0,0,1,0,차대차 - 측면충돌,교차로운행방법위반,건조,맑음,교차로 - 교차로안,승용,남,53세,상해없음,승용,여,45세,경상
2017030700100530,2017년 3월 7일 22시,화요일,전라북도 군산시 경암동,경상사고,0,0,1,0,차대차 - 정면충돌,직진우회전진행방해,건조,맑음,교차로 - 교차로안,화물,남,23세,상해없음,승용,남,58세,경상
2017030700100558,2017년 3월 7일 23시,화요일,전라북도 군산시 소룡동,경상사고,0,0,1,0,차대차 - 추돌,안전운전불이행,건조,맑음,교차로 - 교차로안,승용,남,24세,상해없음,승용,남,44세,경상
2017030800100047,2017년 3월 8일 02시,수요일,전라북도 군산시 수송동,중상사고,0,1,1,0,차대차 - 정면충돌,신호위반,건조,맑음,교차로 - 교차로안,승용,남,30세,경상,승용,남,48세,중상