사고번호,사고일시,요일,시군구,사고내용,사망자수,중상자수,경상자수,부상신고자수,사고유형,법규위반,노면상태,기상상태,도로형태,가해운전자 차종,가해운전자 성별,가해운전자 연령,가해운전자 상해정도,피해운전자 차종,피해운전자 성별,피해운전자 연령,피해운전자 상해정도
2017030800100061,2017년 3월 8일 04시,수요일,전라북도 전주시 덕진구 인후동1가,경상사고,0,0,1,0,차대차 - 추돌,안전운전불이행,건조,흐림,단일로 - 기타,승용,남,35세,기타불명,승용,남,49세,경상
2017030800100077,2017년 3월 8일 06시,수요일,전라북도 군산시 옥산면,중상사고,0,1,0,0,차대차 - 정면충돌,안전운전불이행,서리/결빙,눈,단일로 - 교량,화물,남,70세,중상,화물,남,41세,상해없음
2017030800100100,2017년 3월 8일 07시,수요일,전라북도 군산시 개정동,경상사고,0,0,1,0,차대차 - 기타,안전운전불이행,건조,맑음,단일로 - 기타,기타불명,기타불명,미분류,기타불명,화물,남,49세,경상
2017030800100125,2017년 3월 8일 08시,수요일,전라북도 군산시 소룡동,경상사고,0,0,5,0,차대차 - 추돌,안전운전불이행,젖음/습기,흐림,단일로 - 기타,승용,여,48세,상해없음,승용,남,62세,경상
2017030800100126,2017년 3월 8일 08시,수요일,전라북도 익산시 부송동,경상사고,0,0,1,0,차대사람 - 횡단중,안전운전불이행,건조,맑음,단일로 - 기타,승용,남,43세,상해없음,보행자,남,7세,경상
2017030800100127,2017년 3월 8일 08시,수요일,전라북도 정읍시 수성동,경상사고,0,0,1,0,차대차 - 측면충돌,직진우회전진행방해,젖음/습기,눈,교차로 - 교차로안,승용,여,28세,상해없음,승용,여,37세,경상
2017030800100155,2017년 3월 8일 09시,수요일,전라북도 군산시 지곡동,경상사고,0,0,1,0,차대차 - 측면충돌,신호위반,건조,맑음,교차로 - 교차로안,승용,남,76세,상해없음,승용,여,50세,경상
2017030800100156,2017년 3월 8일 09시,수요일,전라북도 완주군 봉동읍,경상사고,0,0,2,0,차대차 - 기타,중앙선침범,건조,맑음,교차로 - 교차로부근,승용,남,29세,상해없음,화물,남,39세,경상
2017030800100181,2017년 3월 8일 10시,수요일,전라북도 군산시 임피면,경상사고,0,0,2,0,차대차 - 추돌,안전거리미확보,건조,맑음,단일로 - 기타,승용,여,35세,상해없음,승용,남,66세,경상
2017030800100182,2017년 3월 8일 10시,수요일,전라북도 익산시 신용동,경상사고,0,0,1,0,차대차 - 추돌,안전운전불이행,건조,맑음,단일로 - 기타,승용,여,47세,상해없음,승용,여,54세,경상
2017030800100224,2017년 3월 8일 12시,수요일,전라북도 전주시 덕진구 인후동2가,경상사고,0,0,2,0,차대차 - 측면충돌,직진우회전진행방해,건조,맑음,교차로 - 교차로안,승용,여,59세,상해없음,승용,남,70세,경상
2017030800100225,2017년 3월 8일 12시,수요일,전라북도 전주시 덕진구 송천동1가,경상사고,0,0,1,0,차대차 - 측면충돌,교차로운행방법위반,건조,맑음,교차로 - 교차로안,승용,여,46세,상해없음,승합,남,58세,상해없음
2017030800100263,2017년 3월 8일 14시,수요일,전라북도 남원시 노암동,경상사고,0,0,1,0,차대차 - 기타,중앙선침범,건조,맑음,단일로 - 기타,화물,남,72세,상해없음,승용,여,61세,상해없음
2017030800100284,2017년 3월 8일 15시,수요일,전라북도 전주시 덕진구 금암동,경상사고,0,0,2,0,차대차 - 측면충돌,안전운전불이행,건조,맑음,교차로 - 교차로부근,승합,남,62세,상해없음,승용,남,23세,경상
2017030800100313,2017년 3월 8일 16시,수요일,전라북도 군산시 수송동,경상사고,0,0,1,0,차대차 - 측면충돌,직진우회전진행방해,건조,맑음,교차로 - 교차로안,승합,남,61세,상해없음,승용,남,52세,상해없음
2017030800100314,2017년 3월 8일 16시,수요일,전라북도 부안군 동진면,경상사고,0,0,2,0,차대차 - 측면충돌,교차로운행방법위반,건조,맑음,교차로 - 교차로안,승용,여,35세,경상,화물,남,54세,경상
2017030800100382,2017년 3월 8일 18시,수요일,전라북도 부안군 부안읍,사망사고,1,0,0,0,차량단독 - 전도전복 - 전도,안전운전불이행,건조,맑음,단일로 - 기타,원동기,남,18세,사망,,,,
2017030800100405,2017년 3월 8일 19시,수요일,전라북도 전주시 덕진구 인후동1가,중상사고,0,1,0,0,차대사람 - 기타,안전운전불이행,건조,맑음,교차로 - 교차로부근,승용,여,37세,상해없음,보행자,여,73세,중상
2017030800100463,2017년 3월 8일 21시,수요일,전라북도 전주시 덕진구 인후동1가,경상사고,0,0,1,0,차대사람 - 횡단중,안전운전불이행,건조,맑음,단일로 - 기타,승용,여,31세,상해없음,보행자,남,68세,경상
2017030900100079,2017년 3월 9일 06시,목요일,전라북도 정읍시 연지동,경상사고,0,0,1,0,차대차 - 측면충돌,안전운전불이행,건조,맑음,교차로 - 교차로안,승용,여,62세,경상,화물,남,58세,상해없음
2017030900100093,2017년 3월 9일 07시,목요일,전라북도 고창군 고수면,경상사고,0,0,1,0,차대차 - 정면충돌,신호위반,건조,맑음,교차로 - 교차로안,승용,여,67세,상해없음,화물,남,62세,경상
2017030900100138,2017년 3월 9일 08시,목요일,전라북도 군산시 소룡동,경상사고,0,0,1,0,차대사람 - 길가장자리구역통행중,안전운전불이행,건조,맑음,단일로 - 기타,승용,여,38세,상해없음,보행자,여,43세,경상
2017030900100139,2017년 3월 9일 08시,목요일,전라북도 익산시 여산면,경상사고,0,0,1,0,차대차 - 측면충돌,안전운전불이행,건조,맑음,단일로 - 기타,승합,남,55세,상해없음,사륜오토바이(ATV),여,57세,경상
2017030900100140,2017년 3월 9일 08시,목요일,전라북도 익산시 춘포면,경상사고,0,0,2,0,차대차 - 측면충돌,신호위반,건조,맑음,교차로 - 교차로안,승용,여,62세,상해없음,승용,여,49세,경상
2017030900100179,2017년 3월 9일 09시,목요일,전라북도 김제시 금구면,경상사고,0,0,1,0,차대차 - 측면충돌,불법유턴,건조,맑음,단일로 - 기타,승용,여,66세,상해없음,승용,남,48세,경상
2017030900100355,2017년 3월 9일 16시,목요일,전라북도 전주시 완산구 효자동2가,중상사고,0,1,0,0,차대차 - 측면충돌,안전운전불이행,건조,맑음,교차로 - 교차로부근,승용,여,22세,상해없음,이륜,남,43세,중상
2017030900100356,2017년 3월 9일 16시,목요일,전라북도 진안군 부귀면,중상사고,0,2,2,0,차대차 - 측면충돌,안전운전불이행,건조,맑음,교차로 - 교차로부근,승용,여,25세,경상,승합,남,55세,경상
2017030900100388,2017년 3월 9일 17시,목요일,전라북도 전주시 덕진구 인후동1가,경상사고,0,0,1,0,차대차 - 추돌,안전거리미확보,건조,맑음,단일로 - 기타,승용,남,70세,상해없음,화물,남,23세,경상
2017030900100389,2017년 3월 9일 17시,목요일,전라북도 정읍시 북면,경상사고,0,0,2,0,차대차 - 정면충돌,중앙선침범,건조,맑음,단일로 - 기타,승용,남,60세,상해없음,승용,여,39세,경상
2017030900100390,2017년 3월 9일 17시,목요일,전라북도 김제시 백구면,중상사고,0,1,0,0,차대차 - 측면충돌,과속,건조,맑음,단일로 - 기타,화물,남,47세,상해없음,자전거,여,69세,중상
2017030900100391,2017년 3월 9일 17시,목요일,전라북도 임실군 관촌면,중상사고,0,1,0,0,차대차 - 측면충돌,안전운전불이행,건조,맑음,단일로 - 기타,화물,남,68세,상해없음,건설기계,남,55세,상해없음
2017030900100428,2017년 3월 9일 18시,목요일,전라북도 전주시 덕진구 우아동3가,경상사고,0,0,1,0,차대차 - 측면충돌,신호위반,건조,맑음,교차로 - 교차로안,승용,남,35세,상해없음,원동기,남,21세,경상
2017030900100429,2017년 3월 9일 18시,목요일,전라북도 정읍시 수성동,경상사고,0,0,1,0,차대차 - 측면충돌,안전운전불이행,건조,맑음,교차로 - 교차로안,승용,남,48세,상해없음,승용,남,32세,경상
2017030900100463,2017년 3월 9일 19시,목요일,전라북도 군산시 수송동,경상사고,0,0,1,0,차대차 - 측면충돌,신호위반,건조,맑음,교차로 - 교차로안,승용,남,62세,상해없음,원동기,남,19세,경상
2017030900100487,2017년 3월 9일 20시,목요일,전라북도 정읍시 상동,사망사고,1,0,0,0,차대사람 - 횡단중,안전운전불이행,건조,맑음,단일로 - 기타,승용,남,42세,상해없음,보행자,남,74세,사망
2017030900100512,2017년 3월 9일 21시,목요일,전라북도 군산시 월명동,경상사고,0,0,1,0,차대차 - 측면충돌,신호위반,건조,맑음,교차로 - 교차로안,승합,남,40세,상해없음,승합,남,60세,경상
2017031000100059,2017년 3월 10일 04시,금요일,전라북도 전주시 완산구 서서학동,경상사고,0,0,2,0,차대차 - 정면충돌,중앙선침범,건조,맑음,단일로 - 기타,승용,남,61세,경상,화물,남,51세,경상
2017031000100090,2017년 3월 10일 07시,금요일,전라북도 김제시 요촌동,경상사고,0,0,1,0,차대차 - 측면충돌,신호위반,건조,맑음,교차로 - 교차로안,승용,남,28세,상해없음,승용,여,58세,경상
2017031000100172,2017년 3월 10일 09시,금요일,전라북도 전주시 완산구 효자동2가,중상사고,0,1,0,0,차대차 - 측면충돌,안전거리미확보,건조,맑음,단일로 - 기타,승용,여,55세,상해없음,화물,남,42세,중상
2017031000100173,2017년 3월 10일 09시,금요일,전라북도 군산시 나운동,중상사고,0,1,0,0,차대사람 - 횡단중,보행자보호의무위반,건조,맑음,교차로 - 교차로안,승용,남,63세,상해없음,보행자,남,77세,중상
2017031000100203,2017년 3월 10일 10시,금요일,전라북도 전주시 덕진구 송천동2가,경상사고,0,0,2,0,차대차 - 측면충돌,안전거리미확보,건조,맑음,단일로 - 기타,건설기계,남,47세,상해없음,승용,여,40세,경상
2017031000100333,2017년 3월 10일 15시,금요일,전라북도 부안군 부안읍,중상사고,0,1,0,0,차대차 - 추돌,안전운전불이행,건조,맑음,교차로 - 교차로안,자전거,남,86세,중상,승용,남,35세,상해없음
2017031000100408,2017년 3월 10일 17시,금요일,전라북도 완주군 고산면,경상사고,0,0,2,0,차대차 - 측면충돌,교차로운행방법위반,건조,맑음,교차로 - 교차로안,승용,남,20세,경상,승용,남,70세,경상
2017031000100450,2017년 3월 10일 18시,금요일,전라북도 전주시 덕진구 송천동1가,경상사고,0,0,1,0,차대사람 - 기타,안전운전불이행,건조,맑음,단일로 - 기타,승용,남,52세,상해없음,보행자,남,45세,경상
2017031000100451,2017년 3월 10일 18시,금요일,전라북도 전주시 덕진구 금암동,경상사고,0,0,1,0,차대차 - 측면충돌,안전운전불이행,건조,맑음,단일로 - 기타,승용,여,47세,상해없음,승용,남,63세,상해없음
2017031000100452,2017년 3월 10일 18시,금요일,전라북도 남원시 월락동,중상사고,0,1,0,0,차대차 - 측면충돌,안전운전불이행,건조,맑음,단일로 - 기타,화물,남,66세,상해없음,자전거,남,6세,중상
2017031000100453,2017년 3월 10일 18시,금요일,전라북도 임실군 임실읍,사망사고,1,0,0,0,차대차 - 측면충돌,안전운전불이행,건조,맑음,단일로 - 기타,특수,남,41세,상해없음,승용,남,49세,사망
2017031000100490,2017년 3월 10일 19시,금요일,전라북도 전주시 덕진구 송천동1가,경상사고,0,0,1,0,차대차 - 측면충돌,안전운전불이행,건조,맑음,교차로 - 교차로안,승용,여,53세,상해없음,승용,남,46세,경상
2017031000100555,2017년 3월 10일 21시,금요일,전라북도 전주시 완산구 서노송동,사망사고,1,0,0,0,차대사람 - 기타,안전운전불이행,건조,맑음,단일로 - 기타,승합,남,44세,상해없음,보행자,남,71세,사망
2017031000100587,2017년 3월 10일 22시,금요일,전라북도 김제시 공덕면,사망사고,1,0,0,0,차량단독 - 공작물충돌,안전운전불이행,건조,맑음,단일로 - 기타,원동기,남,73세,사망,,,,
2017031000100616,2017년 3월 10일 23시,금요일,전라북도 전주시 덕진구 덕진동1가,경상사고,0,0,1,0,차대사람 - 길가장자리구역통행중,안전운전불이행,건조,맑음,단일로 - 기타,승용,남,24세,상해없음,보행자,여,22세,경상
2017031100100028,2017년 3월 11일 00시,토요일,전라북도 익산시 모현동1가,경상사고,0,0,2,0,차대차 - 측면충돌,안전운전불이행,건조,맑음,교차로 - 교차로안,승합,남,45세,상해없음,승용,남,36세,경상
2017031100100063,2017년 3월 11일 02시,토요일,전라북도 익산시 어양동,경상사고,0,0,3,0,차대차 - 측면충돌,안전운전불이행,건조,맑음,교차로 - 교차로안,승용,남,50세,상해없음,승용,남,52세,경상
2017031100100072,2017년 3월 11일 03시,토요일,전라북도 남원시 향교동,경상사고,0,0,1,0,차량단독 - 공작물충돌,안전운전불이행,건조,맑음,기타 - 기타,승용,남,55세,상해없음,,,,
2017031100100073,2017년 3월 11일 03시,토요일,전라북도 고창군 고수면,사망사고,1,0,0,0,차대사람 - 기타,안전운전불이행,건조,맑음,단일로 - 기타,화물,남,60세,상해없음,보행자,남,46세,사망
2017031100100154,2017년 3월 11일 09시,토요일,전라북도 군산시 문화동,부상신고사고,0,0,0,1,차대차 - 측면충돌,안전운전불이행,건조,맑음,단일로 - 기타,기타불명,기타불명,미분류,기타불명,자전거,남,16세,부상신고
2017031100100155,2017년 3월 11일 09시,토요일,전라북도 군산시 대야면,경상사고,0,0,4,0,차대차 - 정면충돌,중앙선침범,건조,맑음,단일로 - 기타,승용,남,56세,상해없음,승용,남,41세,경상
2017031100100176,2017년 3월 11일 10시,토요일,전라북도 임실군 운암면,중상사고,0,1,0,0,차대차 - 기타,차로위반,건조,맑음,단일로 - 기타,승용,남,64세,상해없음,승합,여,68세,중상
2017031100100205,2017년 3월 11일 11시,토요일,전라북도 익산시 동산동,경상사고,0,0,1,0,차대사람 - 횡단중,안전운전불이행,건조,맑음,단일로 - 기타,승용,여,34세,상해없음,보행자,남,7세,경상
2017031100100301,2017년 3월 11일 14시,토요일,전라북도 전주시 완산구 경원동1가,경상사고,0,0,1,0,차대사람 - 기타,안전운전불이행,건조,맑음,주차장 - 주차장,승용,여,22세,상해없음,보행자,여,10세,경상
2017031100100302,2017년 3월 11일 14시,토요일,전라북도 전주시 덕진구 인후동2가,중상사고,0,1,0,0,차대차 - 기타,안전운전불이행,건조,맑음,단일로 - 기타,승용,남,18세,상해없음,이륜,남,47세,중상
2017031100100303,2017년 3월 11일 14시,토요일,전라북도 군산시 경장동,경상사고,0,0,1,0,차대차 - 측면충돌,교차로운행방법위반,건조,맑음,교차로 - 교차로안,승용,남,51세,상해없음,승용,남,69세,경상
2017031100100349,2017년 3월 11일 15시,토요일,전라북도 익산시 남중동,경상사고,0,0,1,0,차대차 - 측면충돌,안전거리미확보,건조,맑음,단일로 - 기타,승용,여,27세,상해없음,승용,여,39세,경상
2017031100100408,2017년 3월 11일 17시,토요일,전라북도 전주시 덕진구 진북동,경상사고,0,0,5,0,차대차 - 측면충돌,신호위반,건조,맑음,교차로 - 교차로안,승용,남,56세,상해없음,승용,남,42세,경상
2017031100100470,2017년 3월 11일 19시,토요일,전라북도 군산시 오식도동,중상사고,0,1,0,0,차대차 - 기타,안전운전불이행,건조,맑음,교차로 - 교차로부근,승용,남,22세,상해없음,승용,남,45세,중상
2017031100100471,2017년 3월 11일 19시,토요일,전라북도 임실군 오수면,중상사고,0,1,0,0,차대차 - 정면충돌,교차로운행방법위반,건조,맑음,교차로 - 교차로안,승용,남,28세,상해없음,자전거,여,58세,중상
2017031100100528,2017년 3월 11일 21시,토요일,전라북도 임실군 오수면,중상사고,0,1,0,0,차량단독 - 전도전복,안전운전불이행,건조,맑음,단일로 - 기타,이륜,남,54세,중상,미분류,미분류,미분류,미분류
2017031100100548,2017년 3월 11일 22시,토요일,전라북도 전주시 덕진구 인후동1가,경상사고,0,0,4,0,차대차 - 측면충돌,직진우회전진행방해,건조,맑음,교차로 - 교차로안,승용,남,56세,상해없음,승용,남,37세,경상
2017031100100549,2017년 3월 11일 22시,토요일,전라북도 전주시 덕진구 덕진동2가,중상사고,0,2,2,0,차대차 - 측면충돌,교차로운행방법위반,건조,맑음,교차로 - 교차로안,승용,남,73세,상해없음,화물,여,52세,중상
2017031100100550,2017년 3월 11일 22시,토요일,전라북도 익산시 영등동,경상사고,0,0,1,0,차대사람 - 횡단중,안전운전불이행,건조,맑음,교차로 - 교차로안,승용,여,48세,상해없음,보행자,남,7세,경상
2017031100100568,2017년 3월 11일 23시,토요일,전라북도 전주시 완산구 삼천동1가,경상사고,0,0,4,0,차대차 - 측면충돌,신호위반,건조,맑음,교차로 - 교차로안,승용,남,72세,상해없음,승용,남,25세,경상
2017031200100018,2017년 3월 12일 00시,일요일,전라북도 전주시 완산구 효자동3가,중상사고,0,1,0,0,차대사람 - 기타,안전운전불이행,건조,맑음,교차로 - 교차로안,승용,남,33세,기타불명,보행자,남,42세,중상
2017031200100031,2017년 3월 12일 01시,일요일,전라북도 전주시 덕진구 덕진동1가,경상사고,0,0,1,0,차대사람 - 길가장자리구역통행중,안전운전불이행,건조,맑음,단일로 - 기타,승용,남,26세,상해없음,보행자,남,34세,경상
2017031200100053,2017년 3월 12일 03시,일요일,전라북도 전주시 완산구 효자동3가,중상사고,0,2,1,0,차대차 - 측면충돌,신호위반,건조,맑음,교차로 - 교차로안,승용,남,30세,상해없음,승용,남,56세,경상
2017031200100062,2017년 3월 12일 04시,일요일,전라북도 익산시 신흥동,경상사고,0,0,1,0,차대차 - 정면충돌,신호위반,건조,맑음,교차로 - 교차로안,승용,남,29세,상해없음,승용,남,46세,경상
2017031200100119,2017년 3월 12일 09시,일요일,전라북도 익산시 남중동,중상사고,0,1,0,0,차대사람 - 횡단중,보행자보호의무위반,건조,맑음,교차로 - 교차로횡단보도내,승용,여,73세,상해없음,보행자,여,67세,중상
2017031200100132,2017년 3월 12일 10시,일요일,전라북도 군산시 나운동,경상사고,0,0,1,0,차대차 - 기타,안전운전불이행,건조,맑음,교차로 - 교차로부근,승용,남,63세,상해없음,자전거,남,11세,경상
2017031200100153,2017년 3월 12일 11시,일요일,전라북도 전주시 완산구 효자동1가,경상사고,0,0,1,0,차대차 - 기타,직진우회전진행방해,건조,맑음,교차로 - 교차로안,승용,여,54세,상해없음,승용,여,56세,경상
2017031200100191,2017년 3월 12일 13시,일요일,전라북도 군산시 나운동,중상사고,0,1,1,0,차대차 - 정면충돌,안전운전불이행,건조,맑음,교차로 - 교차로안,승용,여,67세,중상,승용,남,31세,경상
2017031200100290,2017년 3월 12일 17시,일요일,전라북도 익산시 신동,중상사고,0,1,0,0,차대차 - 추돌,중앙선침범,건조,맑음,단일로 - 기타,승용,남,63세,상해없음,원동기,남,29세,중상
2017031200100320,2017년 3월 12일 18시,일요일,전라북도 전주시 덕진구 덕진동2가,경상사고,0,0,2,1,차대차 - 추돌,안전거리미확보,건조,맑음,교차로 - 교차로부근,승용,남,67세,상해없음,승용,남,35세,경상
2017031200100321,2017년 3월 12일 18시,일요일,전라북도 남원시 도통동,경상사고,0,0,1,0,차대차 - 기타,안전운전불이행,건조,맑음,교차로 - 교차로부근,승용,여,51세,상해없음,이륜,남,55세,경상
2017031200100324,2017년 3월 12일 18시,일요일,전라북도 익산시 여산면,경상사고,0,0,1,0,차대차 - 측면충돌,안전운전불이행,건조,맑음,단일로 - 기타,승용,남,58세,상해없음,승용,남,43세,경상
2017031200100358,2017년 3월 12일 19시,일요일,전라북도 정읍시 신태인읍,경상사고,0,0,3,0,차대차 - 측면충돌,안전거리미확보,건조,맑음,단일로 - 기타,승용,남,47세,경상,승용,남,35세,경상
2017031200100359,2017년 3월 12일 19시,일요일,전라북도 남원시 향교동,중상사고,0,1,0,0,차대사람 - 횡단중,보행자보호의무위반,건조,맑음,교차로 - 교차로횡단보도내,승용,여,24세,상해없음,보행자,남,17세,중상
2017031200100360,2017년 3월 12일 19시,일요일,전라북도 장수군 계남면,중상사고,0,1,0,0,차대사람 - 차도통행중,안전운전불이행,건조,맑음,단일로 - 기타,승용,여,58세,상해없음,보행자,남,56세,중상
2017031200100361,2017년 3월 12일 19시,일요일,전라북도 완주군 이서면,중상사고,0,1,0,0,차대사람 - 횡단중,신호위반,건조,맑음,단일로 - 기타,승용,여,44세,상해없음,보행자,남,37세,중상
2017031200100383,2017년 3월 12일 20시,일요일,전라북도 군산시 조촌동,경상사고,0,0,2,0,차대차 - 측면충돌,직진우회전진행방해,건조,맑음,교차로 - 교차로안,승용,여,50세,상해없음,승용,남,28세,경상
2017031200100409,2017년 3월 12일 21시,일요일,전라북도 전주시 완산구 서신동,경상사고,0,0,1,0,차대차 - 기타,안전운전불이행,건조,맑음,교차로 - 교차로안,승용,남,41세,상해없음,자전거,여,57세,경상
2017031200100410,2017년 3월 12일 21시,일요일,전라북도 김제시 검산동,경상사고,0,0,2,0,차대차 - 추돌,안전운전불이행,건조,맑음,단일로 - 기타,승용,여,56세,상해없음,승용,여,48세,경상
2017031300100055,2017년 3월 13일 06시,월요일,전라북도 익산시 송학동,중상사고,0,1,0,0,차대차 - 측면충돌,신호위반,젖음/습기,안개,교차로 - 교차로안,승용,남,32세,상해없음,승용,남,37세,중상
2017031300100056,2017년 3월 13일 06시,월요일,전라북도 부안군 부안읍,경상사고,0,0,1,0,차대차 - 측면충돌,안전운전불이행,젖음/습기,안개,교차로 - 교차로안,화물,남,53세,상해없음,승용,남,69세,경상
2017031300100079,2017년 3월 13일 07시,월요일,전라북도 김제시 순동,경상사고,0,0,1,0,차대차 - 추돌,안전운전불이행,젖음/습기,안개,단일로 - 교량,화물,남,47세,상해없음,화물,남,62세,상해없음
2017031300100165,2017년 3월 13일 09시,월요일,전라북도 익산시 어양동,경상사고,0,0,1,0,차대차 - 측면충돌,신호위반,건조,맑음,교차로 - 교차로안,승용,남,18세,상해없음,화물,남,35세,경상
2017031300100166,2017년 3월 13일 09시,월요일,전라북도 정읍시 북면,경상사고,0,0,3,0,차대차 - 추돌,안전운전불이행,건조,맑음,교차로 - 교차로부근,승용,여,51세,상해없음,화물,남,60세,경상
2017031300100221,2017년 3월 13일 11시,월요일,전라북도 군산시 경암동,중상사고,0,2,0,0,차대차 - 측면충돌,신호위반,건조,맑음,교차로 - 교차로부근,원동기,남,81세,중상,승용,여,37세,상해없음
2017031300100244,2017년 3월 13일 12시,월요일,전라북도 군산시 장재동,경상사고,0,0,1,0,차대사람 - 횡단중,신호위반,건조,맑음,교차로 - 교차로횡단보도내,승용,남,44세,상해없음,보행자,남,75세,경상
2017031300100245,2017년 3월 13일 12시,월요일,전라북도 정읍시 시기동,경상사고,0,0,1,0,차대차 - 측면충돌,직진우회전진행방해,건조,맑음,교차로 - 교차로안,자전거,남,60세,경상,승용,남,31세,상해없음
2017031300100264,2017년 3월 13일 13시,월요일,전라북도 군산시 소룡동,경상사고,0,0,1,0,차대차 - 측면충돌,중앙선침범,건조,맑음,단일로 - 기타,승용,남,20세,상해없음,승용,남,71세,경상
2017031300100290,2017년 3월 13일 14시,월요일,전라북도 익산시 모현동1가,경상사고,0,0,1,0,차량단독 - 기타,안전운전불이행,건조,맑음,기타 - 기타,승용,여,45세,경상,,,,
2017031300100320,2017년 3월 13일 15시,월요일,전라북도 군산시 경암동,중상사고,0,1,0,0,차대차 - 측면충돌,신호위반,건조,맑음,교차로 - 교차로안,승용,여,56세,상해없음,원동기,남,71세,중상
2017031300100389,2017년 3월 13일 17시,월요일,전라북도 고창군 성내면,경상사고,0,0,1,0,차량단독 - 전도전복,안전운전불이행,건조,맑음,단일로 - 기타,원동기,남,78세,경상,미분류,미분류,미분류,미분류
2017031300100447,2017년 3월 13일 19시,월요일,전라북도 전주시 완산구 서노송동,경상사고,0,0,3,0,차대차 - 추돌,안전거리미확보,건조,맑음,단일로 - 기타,승용,남,60세,상해없음,승용,남,49세,경상
2017031300100448,2017년 3월 13일 19시,월요일,전라북도 군산시 소룡동,중상사고,0,1,0,0,차대사람 - 횡단중,신호위반,건조,맑음,교차로 - 교차로횡단보도내,승용,남,44세,상해없음,보행자,남,48세,중상
2017031300100472,2017년 3월 13일 20시,월요일,전라북도 남원시 고죽동,경상사고,0,0,2,0,차대차 - 정면충돌,신호위반,건조,맑음,교차로 - 교차로안,승용,여,29세,경상,승용,남,52세,상해없음
2017031300100498,2017년 3월 13일 21시,월요일,전라북도 남원시 천거동,경상사고,0,0,2,0,차대차 - 추돌,안전운전불이행,건조,맑음,단일로 - 기타,승용,남,53세,상해없음,승용,남,27세,경상
2017031400100019,2017년 3월 14일 00시,화요일,전라북도 완주군 봉동읍,경상사고,0,0,1,0,차대차 - 기타,안전운전불이행,건조,맑음,단일로 - 기타,승용,남,22세,상해없음,승용,남,22세,경상
2017031400100110,2017년 3월 14일 08시,화요일,전라북도 전주시 완산구 다가동3가,경상사고,0,0,1,0,차대사람 - 횡단중,안전운전불이행,건조,맑음,단일로 - 기타,승용,남,40세,상해없음,보행자,여,12세,경상
2017031400100111,2017년 3월 14일 08시,화요일,전라북도 군산시 미원동,중상사고,0,1,1,0,차대차 - 추돌,안전거리미확보,건조,맑음,단일로 - 기타,승용,여,38세,상해없음,승용,남,52세,중상
2017031400100148,2017년 3월 14일 09시,화요일,전라북도 정읍시 연지동,경상사고,0,0,1,0,차대차 - 측면충돌,중앙선침범,건조,맑음,단일로 - 기타,화물,남,32세,경상,화물,남,34세,상해없음
2017031400100194,2017년 3월 14일 11시,화요일,전라북도 군산시 나운동,경상사고,0,0,1,0,차대차 - 측면충돌,차로위반,건조,맑음,단일로 - 기타,승용,여,37세,경상,승용,남,54세,상해없음
2017031400100195,2017년 3월 14일 11시,화요일,전라북도 순창군 순창읍,중상사고,0,1,0,0,차대차 - 측면충돌,직진우회전진행방해,건조,맑음,교차로 - 교차로안,원동기,남,70세,중상,화물,남,62세,상해없음
2017031400100220,2017년 3월 14일 12시,화요일,전라북도 전주시 완산구 서신동,경상사고,0,0,1,0,차대사람 - 횡단중,안전운전불이행,건조,맑음,단일로 - 기타,승용,여,47세,상해없음,보행자,여,70세,경상
2017031400100221,2017년 3월 14일 12시,화요일,전라북도 전주시 완산구 효자동3가,중상사고,0,1,4,0,차대차 - 측면충돌,신호위반,건조,맑음,교차로 - 교차로안,승용,남,57세,경상,승용,남,26세,경상
2017031400100222,2017년 3월 14일 12시,화요일,전라북도 익산시 모현동1가,경상사고,0,0,1,0,차대차 - 측면충돌,신호위반,건조,맑음,교차로 - 교차로안,화물,남,35세,상해없음,승용,여,43세,경상
2017031400100282,2017년 3월 14일 14시,화요일,전라북도 정읍시 연지동,경상사고,0,0,1,0,차대차 - 기타,안전운전불이행,건조,맑음,교차로 - 교차로안,자전거,남,81세,경상,승용,남,74세,상해없음
2017031400100310,2017년 3월 14일 15시,화요일,전라북도 전주시 덕진구 팔복동2가,중상사고,0,1,0,0,차대차 - 측면충돌,안전운전불이행,건조,맑음,교차로 - 교차로안,승용,여,53세,상해없음,이륜,남,47세,중상
2017031400100311,2017년 3월 14일 15시,화요일,전라북도 정읍시 시기동,경상사고,0,0,2,0,차대차 - 측면충돌,직진우회전진행방해,건조,맑음,교차로 - 교차로안,승용,남,72세,경상,승용,남,26세,경상
2017031400100339,2017년 3월 14일 16시,화요일,전라북도 부안군 변산면,중상사고,0,1,0,0,차량단독 - 전도전복 - 전도,안전운전불이행,건조,맑음,단일로 - 기타,승용,여,60세,중상,,,,
2017031400100379,2017년 3월 14일 17시,화요일,전라북도 김제시 요촌동,경상사고,0,0,1,0,차대차 - 측면충돌,직진우회전진행방해,건조,맑음,교차로 - 교차로안,승용,남,53세,상해없음,승용,남,18세,경상
2017031400100380,2017년 3월 14일 17시,화요일,전라북도 완주군 봉동읍,중상사고,0,1,0,0,차대사람 - 기타,안전운전불이행,건조,맑음,교차로 - 교차로부근,승용,남,41세,상해없음,보행자,여,74세,중상
2017031400100409,2017년 3월 14일 18시,화요일,전라북도 전주시 덕진구 덕진동1가,중상사고,0,1,0,0,차대차 - 측면충돌,안전운전불이행,건조,맑음,단일로 - 기타,승용,남,25세,상해없음,자전거,여,42세,중상