사고번호,사고일시,요일,시군구,사고내용,사망자수,중상자수,경상자수,부상신고자수,사고유형,법규위반,노면상태,기상상태,도로형태,가해운전자 차종,가해운전자 성별,가해운전자 연령,가해운전자 상해정도,피해운전자 차종,피해운전자 성별,피해운전자 연령,피해운전자 상해정도
2017031400100469,2017년 3월 14일 20시,화요일,전라북도 군산시 중동,경상사고,0,0,4,0,차대차 - 측면충돌,안전거리미확보,건조,기타,교차로 - 교차로안,승용,여,34세,경상,승용,남,47세,경상
2017031400100494,2017년 3월 14일 21시,화요일,전라북도 정읍시 상동,경상사고,0,0,1,0,차대차 - 추돌,안전운전불이행,건조,맑음,단일로 - 기타,이륜,남,20세,경상,화물,남,58세,상해없음
2017031400100495,2017년 3월 14일 21시,화요일,전라북도 완주군 봉동읍,중상사고,0,1,2,0,차대차 - 측면충돌,직진우회전진행방해,건조,맑음,교차로 - 교차로안,승용,남,56세,경상,승용,남,44세,경상
2017031400100496,2017년 3월 14일 21시,화요일,전라북도 완주군 이서면,경상사고,0,0,1,0,차대차 - 측면충돌,직진우회전진행방해,건조,맑음,교차로 - 교차로안,승용,여,43세,경상,화물,남,46세,상해없음
2017031400100525,2017년 3월 14일 22시,화요일,전라북도 정읍시 수성동,경상사고,0,0,1,0,차대차 - 측면충돌,교차로운행방법위반,건조,맑음,교차로 - 교차로안,이륜,남,24세,경상,승용,남,50세,상해없음
2017031500100026,2017년 3월 15일 00시,수요일,전라북도 군산시 서흥남동,경상사고,0,0,2,0,차대차 - 정면충돌,신호위반,건조,맑음,교차로 - 교차로안,승용,남,25세,상해없음,승용,남,66세,경상
2017031500100092,2017년 3월 15일 07시,수요일,전라북도 전주시 덕진구 금암동,경상사고,0,0,1,0,차대차 - 기타,안전운전불이행,건조,맑음,교차로 - 교차로부근,승용,여,44세,상해없음,자전거,남,77세,경상
2017031500100093,2017년 3월 15일 07시,수요일,전라북도 고창군 고수면,중상사고,0,1,0,0,차대차 - 추돌,안전운전불이행,건조,맑음,단일로 - 기타,화물,남,54세,상해없음,농기계,남,48세,중상
2017031500100128,2017년 3월 15일 08시,수요일,전라북도 군산시 옥구읍,경상사고,0,0,1,0,차대차 - 정면충돌,안전거리미확보,건조,맑음,단일로 - 기타,승용,남,76세,상해없음,이륜,남,74세,경상
2017031500100171,2017년 3월 15일 09시,수요일,전라북도 익산시 오산면,경상사고,0,0,2,0,차대차 - 후진중충돌,안전운전불이행,건조,맑음,교차로 - 교차로안,화물,남,55세,상해없음,승합,남,34세,경상
2017031500100212,2017년 3월 15일 10시,수요일,전라북도 군산시 조촌동,중상사고,0,1,0,0,차대사람 - 횡단중,기타,건조,맑음,교차로 - 교차로부근,승용,남,74세,상해없음,보행자,여,34세,중상
2017031500100213,2017년 3월 15일 10시,수요일,전라북도 남원시 월락동,중상사고,0,1,0,0,차대차 - 측면충돌,교차로운행방법위반,건조,맑음,교차로 - 교차로안,화물,남,54세,상해없음,이륜,남,77세,중상
2017031500100266,2017년 3월 15일 12시,수요일,전라북도 전주시 완산구 중화산동2가,경상사고,0,0,1,0,차대차 - 측면충돌,안전운전불이행,건조,맑음,단일로 - 기타,승용,남,57세,상해없음,이륜,남,34세,경상
2017031500100267,2017년 3월 15일 12시,수요일,전라북도 전주시 덕진구 우아동3가,중상사고,0,1,0,0,차대차 - 측면충돌,안전거리미확보,건조,맑음,단일로 - 기타,승용,남,64세,상해없음,승용,남,51세,중상
2017031500100268,2017년 3월 15일 12시,수요일,전라북도 정읍시 연지동,경상사고,0,0,2,0,차대차 - 측면충돌,신호위반,건조,맑음,교차로 - 교차로안,사륜오토바이(ATV),남,82세,경상,승용,여,62세,경상
2017031500100298,2017년 3월 15일 13시,수요일,전라북도 전주시 완산구 효자동2가,경상사고,0,0,2,0,차대차 - 측면충돌,신호위반,건조,맑음,교차로 - 교차로안,승용,여,47세,경상,승용,여,27세,경상
2017031500100299,2017년 3월 15일 13시,수요일,전라북도 정읍시 수성동,경상사고,0,0,1,0,차대사람 - 차도통행중,안전운전불이행,건조,맑음,단일로 - 기타,승용,남,72세,상해없음,보행자,여,54세,경상
2017031500100328,2017년 3월 15일 14시,수요일,전라북도 정읍시 쌍암동,경상사고,0,0,1,0,차대차 - 측면충돌,안전운전불이행,건조,맑음,단일로 - 기타,사륜오토바이(ATV),남,79세,경상,화물,남,70세,상해없음
2017031500100360,2017년 3월 15일 15시,수요일,전라북도 군산시 장재동,경상사고,0,0,1,0,차대차 - 측면충돌,안전운전불이행,건조,맑음,교차로 - 교차로안,자전거,남,16세,경상,승용,남,73세,상해없음
2017031500100361,2017년 3월 15일 15시,수요일,전라북도 김제시 청하면,중상사고,0,1,2,0,차대차 - 추돌,안전운전불이행,건조,맑음,단일로 - 기타,화물,남,52세,상해없음,화물,남,43세,경상
2017031500100362,2017년 3월 15일 15시,수요일,전라북도 김제시 요촌동,중상사고,0,1,0,0,차대차 - 기타,중앙선침범,건조,맑음,단일로 - 기타,승용,남,51세,상해없음,원동기,남,79세,중상
2017031500100420,2017년 3월 15일 17시,수요일,전라북도 군산시 개정동,경상사고,0,0,2,0,차대차 - 정면충돌,안전운전불이행,건조,맑음,교차로 - 교차로안,사륜오토바이(ATV),남,67세,경상,승용,여,49세,경상
2017031500100421,2017년 3월 15일 17시,수요일,전라북도 익산시 영등동,경상사고,0,0,1,0,차대차 - 추돌,안전거리미확보,건조,맑음,단일로 - 기타,화물,남,41세,상해없음,승용,여,70세,경상
2017031500100422,2017년 3월 15일 17시,수요일,전라북도 정읍시 삼산동,경상사고,0,0,1,0,차대차 - 측면충돌,안전운전불이행,건조,맑음,단일로 - 기타,화물,남,68세,상해없음,이륜,남,77세,경상
2017031500100468,2017년 3월 15일 18시,수요일,전라북도 전주시 완산구 평화동2가,중상사고,0,1,0,0,차대사람 - 횡단중,보행자보호의무위반,건조,맑음,교차로 - 교차로안,승용,남,37세,상해없음,보행자,여,57세,중상
2017031500100469,2017년 3월 15일 18시,수요일,전라북도 정읍시 신태인읍,중상사고,0,1,0,0,차대차 - 측면충돌,불법유턴,건조,맑음,교차로 - 교차로부근,자전거,남,84세,중상,승용,남,48세,상해없음
2017031500100514,2017년 3월 15일 19시,수요일,전라북도 정읍시 용계동,중상사고,0,1,0,0,차대사람 - 횡단중,안전운전불이행,건조,맑음,교차로 - 교차로안,화물,남,56세,상해없음,보행자,여,75세,중상
2017031500100542,2017년 3월 15일 20시,수요일,전라북도 전주시 덕진구 금암동,경상사고,0,0,1,0,차대차 - 측면충돌,신호위반,건조,흐림,교차로 - 교차로부근,이륜,남,16세,경상,기타불명,기타불명,미분류,기타불명
2017031500100564,2017년 3월 15일 21시,수요일,전라북도 전주시 덕진구 인후동1가,경상사고,0,0,1,0,차대차 - 측면충돌,안전거리미확보,건조,맑음,교차로 - 교차로부근,승용,남,57세,상해없음,이륜,남,16세,경상
2017031500100565,2017년 3월 15일 21시,수요일,전라북도 익산시 삼기면,중상사고,0,1,0,0,차대사람 - 횡단중,안전운전불이행,건조,맑음,단일로 - 기타,승용,여,26세,상해없음,보행자,여,82세,중상
2017031500100591,2017년 3월 15일 22시,수요일,전라북도 순창군 구림면,사망사고,1,0,0,0,차대차 - 추돌,안전운전불이행,건조,맑음,단일로 - 기타,화물,남,54세,상해없음,자전거,남,53세,사망
2017031600100070,2017년 3월 16일 06시,목요일,전라북도 군산시 중앙로1가,중상사고,0,1,0,0,차대사람 - 횡단중,안전운전불이행,건조,맑음,단일로 - 기타,승용,남,36세,상해없음,보행자,여,60세,중상
2017031600100071,2017년 3월 16일 06시,목요일,전라북도 정읍시 태인면,중상사고,0,1,0,0,차대차 - 정면충돌,중앙선침범,건조,맑음,미분류 - 미분류,승용,여,22세,상해없음,자전거,남,63세,중상
2017031600100088,2017년 3월 16일 07시,목요일,전라북도 전주시 완산구 상림동,경상사고,0,0,1,0,차대차 - 추돌,안전거리미확보,건조,맑음,단일로 - 기타,승합,남,69세,상해없음,승용,남,43세,경상
2017031600100089,2017년 3월 16일 07시,목요일,전라북도 군산시 나운동,경상사고,0,0,1,0,차대차 - 정면충돌,안전운전불이행,건조,맑음,교차로 - 교차로부근,승용,남,30세,상해없음,승용,남,29세,경상
2017031600100151,2017년 3월 16일 09시,목요일,전라북도 전주시 완산구 중화산동2가,경상사고,0,0,1,0,차대차 - 정면충돌,안전운전불이행,건조,맑음,단일로 - 기타,승용,여,48세,상해없음,승용,남,35세,경상
2017031600100176,2017년 3월 16일 10시,목요일,전라북도 군산시 임피면,경상사고,0,0,1,0,차대차 - 추돌,안전운전불이행,건조,맑음,단일로 - 기타,승용,여,42세,상해없음,승용,여,55세,경상
2017031600100177,2017년 3월 16일 10시,목요일,전라북도 군산시 미장동,경상사고,0,0,4,0,차대차 - 측면충돌,안전운전불이행,건조,맑음,교차로 - 교차로안,승용,여,24세,기타불명,승용,남,57세,경상
2017031600100178,2017년 3월 16일 10시,목요일,전라북도 완주군 고산면,경상사고,0,0,1,0,차대사람 - 횡단중,안전운전불이행,건조,맑음,교차로 - 교차로부근,승용,여,54세,상해없음,보행자,여,80세,경상
2017031600100209,2017년 3월 16일 11시,목요일,전라북도 군산시 수송동,경상사고,0,0,1,0,차대차 - 측면충돌,신호위반,건조,맑음,교차로 - 교차로안,승용,남,72세,상해없음,승용,남,42세,경상
2017031600100210,2017년 3월 16일 11시,목요일,전라북도 김제시 백구면,경상사고,0,0,1,0,차대차 - 측면충돌,안전운전불이행,건조,맑음,단일로 - 기타,화물,남,52세,상해없음,승용,남,57세,경상
2017031600100211,2017년 3월 16일 11시,목요일,전라북도 완주군 봉동읍,경상사고,0,0,1,0,차대차 - 측면충돌,안전거리미확보,건조,맑음,단일로 - 기타,승합,남,52세,상해없음,건설기계,남,65세,경상
2017031600100236,2017년 3월 16일 12시,목요일,전라북도 정읍시 감곡면,중상사고,0,1,0,0,차대차 - 정면충돌,교차로운행방법위반,건조,맑음,교차로 - 교차로안,화물,남,70세,상해없음,원동기,여,68세,중상
2017031600100261,2017년 3월 16일 13시,목요일,전라북도 전주시 덕진구 인후동2가,경상사고,0,0,3,0,차대차 - 추돌,안전운전불이행,건조,맑음,단일로 - 기타,승용,남,55세,상해없음,승용,남,35세,경상
2017031600100262,2017년 3월 16일 13시,목요일,전라북도 군산시 미원동,경상사고,0,0,1,0,차대사람 - 차도통행중,안전운전불이행,건조,맑음,단일로 - 기타,자전거,남,65세,상해없음,보행자,여,52세,경상
2017031600100263,2017년 3월 16일 13시,목요일,전라북도 김제시 복죽동,중상사고,0,1,0,0,차대차 - 측면충돌,안전운전불이행,건조,맑음,단일로 - 기타,승용,남,55세,상해없음,원동기,남,50세,중상
2017031600100264,2017년 3월 16일 13시,목요일,전라북도 완주군 상관면,사망사고,1,0,0,0,차대차 - 추돌,안전운전불이행,건조,맑음,단일로 - 기타,화물,남,54세,상해없음,화물,남,70세,사망
2017031600100380,2017년 3월 16일 17시,목요일,전라북도 전주시 덕진구 인후동1가,경상사고,0,0,3,0,차대차 - 측면충돌,신호위반,건조,맑음,교차로 - 교차로안,승용,여,46세,상해없음,승합,남,24세,경상
2017031600100424,2017년 3월 16일 18시,목요일,전라북도 진안군 마령면,중상사고,0,1,3,0,차대차 - 측면충돌,신호위반,건조,맑음,교차로 - 교차로안,승합,남,54세,경상,화물,남,57세,경상
2017031600100506,2017년 3월 16일 21시,목요일,전라북도 군산시 사정동,경상사고,0,0,1,0,차대차 - 측면충돌,안전운전불이행,건조,맑음,교차로 - 교차로안,승용,남,27세,상해없음,자전거,남,13세,경상
2017031600100507,2017년 3월 16일 21시,목요일,전라북도 익산시 인화동2가,경상사고,0,0,1,0,차대사람 - 횡단중,신호위반,건조,맑음,교차로 - 교차로부근,승용,남,59세,기타불명,보행자,여,43세,경상
2017031600100508,2017년 3월 16일 21시,목요일,전라북도 정읍시 상동,경상사고,0,0,1,0,차대차 - 추돌,안전운전불이행,건조,맑음,단일로 - 기타,승용,남,39세,상해없음,원동기,남,19세,경상
2017031600100535,2017년 3월 16일 22시,목요일,전라북도 전주시 완산구 서신동,경상사고,0,0,1,0,차대차 - 측면충돌,안전거리미확보,건조,맑음,교차로 - 교차로안,승용,남,58세,상해없음,승용,여,44세,경상
2017031600100536,2017년 3월 16일 22시,목요일,전라북도 전주시 완산구 다가동2가,경상사고,0,0,1,0,차대차 - 측면충돌,신호위반,건조,맑음,교차로 - 교차로안,승용,여,25세,상해없음,승용,남,59세,경상
2017031600100557,2017년 3월 16일 23시,목요일,전라북도 전주시 완산구 효자동3가,중상사고,0,1,0,0,차대차 - 측면충돌,안전운전불이행,건조,맑음,단일로 - 기타,승용,남,43세,상해없음,승용,남,36세,중상
2017031600100558,2017년 3월 16일 23시,목요일,전라북도 전주시 완산구 효자동3가,경상사고,0,0,2,0,차대차 - 추돌,안전운전불이행,건조,맑음,교차로 - 교차로안,승용,남,50세,상해없음,승용,여,37세,경상
2017031700100130,2017년 3월 17일 08시,금요일,전라북도 군산시 옥산면,경상사고,0,0,3,0,차대차 - 기타,직진우회전진행방해,건조,맑음,교차로 - 교차로안,승용,남,62세,경상,승용,여,41세,경상
2017031700100131,2017년 3월 17일 08시,금요일,전라북도 익산시 어양동,경상사고,0,0,2,0,차대차 - 추돌,안전운전불이행,건조,맑음,단일로 - 기타,승용,여,57세,상해없음,승용,남,43세,경상
2017031700100132,2017년 3월 17일 08시,금요일,전라북도 익산시 팔봉동,경상사고,0,0,3,0,차대차 - 측면충돌,신호위반,건조,맑음,교차로 - 교차로안,승용,여,41세,상해없음,승용,여,42세,경상
2017031700100133,2017년 3월 17일 08시,금요일,전라북도 고창군 고창읍,경상사고,0,0,1,0,차대차 - 정면충돌,중앙선침범,건조,맑음,교차로 - 교차로안,승용,남,64세,상해없음,승용,여,57세,경상
2017031700100171,2017년 3월 17일 09시,금요일,전라북도 정읍시 태인면,중상사고,0,1,0,0,차대차 - 측면충돌,중앙선침범,건조,맑음,단일로 - 기타,화물,남,44세,상해없음,건설기계,남,49세,중상
2017031700100194,2017년 3월 17일 10시,금요일,전라북도 부안군 부안읍,경상사고,0,0,1,0,차대사람 - 횡단중,안전운전불이행,건조,맑음,교차로 - 교차로부근,승합,남,23세,상해없음,보행자,여,37세,경상
2017031700100220,2017년 3월 17일 11시,금요일,전라북도 군산시 수송동,경상사고,0,0,1,0,차대차 - 측면충돌,안전운전불이행,건조,맑음,교차로 - 교차로부근,승용,여,61세,상해없음,자전거,남,78세,경상
2017031700100221,2017년 3월 17일 11시,금요일,전라북도 익산시 모현동2가,경상사고,0,0,1,0,차대차 - 측면충돌,신호위반,건조,맑음,교차로 - 교차로횡단보도내,승용,남,70세,상해없음,자전거,여,68세,경상
2017031700100312,2017년 3월 17일 14시,금요일,전라북도 전주시 덕진구 동산동,중상사고,0,1,0,0,차대차 - 기타,기타,건조,맑음,교차로 - 교차로부근,승합,남,40세,상해없음,승용,남,29세,상해없음
2017031700100313,2017년 3월 17일 14시,금요일,전라북도 김제시 금구면,중상사고,0,1,0,0,차대차 - 측면충돌,신호위반,건조,맑음,교차로 - 교차로안,승용,남,38세,상해없음,승용,여,53세,중상
2017031700100345,2017년 3월 17일 15시,금요일,전라북도 익산시 부송동,경상사고,0,0,1,0,차대사람 - 횡단중,안전운전불이행,건조,맑음,단일로 - 기타,승용,여,56세,상해없음,보행자,여,7세,경상
2017031700100412,2017년 3월 17일 17시,금요일,전라북도 전주시 덕진구 인후동1가,경상사고,0,0,1,0,차대차 - 측면충돌,직진우회전진행방해,건조,맑음,교차로 - 교차로안,승용,남,30세,상해없음,이륜,남,36세,경상
2017031700100445,2017년 3월 17일 18시,금요일,전라북도 전주시 완산구 효자동3가,중상사고,0,1,0,0,차대차 - 측면충돌,기타,건조,맑음,단일로 - 기타,승용,남,40세,상해없음,이륜,남,17세,중상
2017031700100446,2017년 3월 17일 18시,금요일,전라북도 군산시 소룡동,경상사고,0,0,1,0,차대차 - 측면충돌,교차로운행방법위반,건조,맑음,교차로 - 교차로안,승용,기타불명,미분류,기타불명,승용,남,69세,경상
2017031700100486,2017년 3월 17일 19시,금요일,전라북도 전주시 완산구 효자동1가,경상사고,0,0,1,0,차대차 - 추돌,안전운전불이행,건조,맑음,단일로 - 기타,승용,남,72세,상해없음,화물,남,36세,경상
2017031700100487,2017년 3월 17일 19시,금요일,전라북도 군산시 중앙로2가,경상사고,0,0,1,0,차대차 - 기타,중앙선침범,건조,맑음,단일로 - 기타,승용,여,56세,상해없음,화물,남,46세,경상
2017031700100532,2017년 3월 17일 20시,금요일,전라북도 전주시 덕진구 덕진동2가,경상사고,0,0,2,0,차대차 - 측면충돌,안전운전불이행,건조,맑음,교차로 - 교차로안,승용,남,48세,상해없음,승용,여,30세,경상
2017031700100565,2017년 3월 17일 21시,금요일,전라북도 전주시 덕진구 진북동,중상사고,0,1,0,0,차대차 - 측면충돌,안전운전불이행,건조,맑음,단일로 - 기타,승용,여,40세,상해없음,원동기,남,63세,중상
2017031700100566,2017년 3월 17일 21시,금요일,전라북도 군산시 나운동,중상사고,0,1,0,0,차대사람 - 횡단중,안전운전불이행,건조,맑음,기타 - 기타,승용,여,46세,상해없음,보행자,여,23세,중상
2017031700100567,2017년 3월 17일 21시,금요일,전라북도 익산시 남중동,중상사고,0,1,1,0,차대사람 - 횡단중,보행자보호의무위반,건조,맑음,교차로 - 교차로횡단보도내,원동기,남,31세,상해없음,보행자,남,69세,중상
2017031800100033,2017년 3월 18일 00시,토요일,전라북도 전주시 덕진구 산정동,경상사고,0,0,1,0,차대차 - 측면충돌,신호위반,건조,맑음,교차로 - 교차로안,승용,남,33세,상해없음,승용,여,54세,경상
2017031800100034,2017년 3월 18일 00시,토요일,전라북도 군산시 조촌동,경상사고,0,0,3,0,차대차 - 측면충돌,교차로운행방법위반,건조,맑음,교차로 - 교차로안,승용,남,51세,상해없음,승용,남,45세,경상
2017031800100067,2017년 3월 18일 02시,토요일,전라북도 익산시 신동,경상사고,0,0,1,0,차대차 - 측면충돌,직진우회전진행방해,건조,맑음,교차로 - 교차로안,승용,남,25세,상해없음,승용,남,41세,경상
2017031800100099,2017년 3월 18일 05시,토요일,전라북도 전주시 완산구 효자동3가,중상사고,0,3,0,0,차대차 - 측면충돌,신호위반,건조,맑음,교차로 - 교차로안,승용,남,51세,중상,승용,남,29세,중상
2017031800100115,2017년 3월 18일 06시,토요일,전라북도 전주시 덕진구 산정동,경상사고,0,0,1,0,차대차 - 측면충돌,안전운전불이행,건조,맑음,교차로 - 교차로안,승용,남,27세,상해없음,승용,여,51세,경상
2017031800100125,2017년 3월 18일 07시,토요일,전라북도 전주시 덕진구 전미동1가,경상사고,0,0,4,0,차대차 - 측면충돌,안전거리미확보,건조,맑음,단일로 - 기타,건설기계,남,50세,상해없음,승용,여,48세,경상
2017031800100144,2017년 3월 18일 08시,토요일,전라북도 남원시 죽항동,중상사고,0,1,0,0,차대사람 - 횡단중,안전운전불이행,건조,맑음,교차로 - 교차로부근,승용,남,60세,상해없음,보행자,여,62세,중상
2017031800100167,2017년 3월 18일 09시,토요일,전라북도 익산시 여산면,경상사고,0,0,1,0,차대사람 - 기타,안전운전불이행,건조,맑음,단일로 - 기타,승용,남,55세,상해없음,보행자,남,30세,경상
2017031800100229,2017년 3월 18일 11시,토요일,전라북도 부안군 변산면,중상사고,0,1,0,0,차대차 - 측면충돌,교차로운행방법위반,건조,맑음,교차로 - 교차로안,승합,남,26세,상해없음,이륜,남,41세,중상
2017031800100256,2017년 3월 18일 12시,토요일,전라북도 진안군 진안읍,중상사고,0,2,4,0,차대차 - 추돌,안전거리미확보,건조,맑음,교차로 - 교차로안,승합,남,55세,경상,승용,여,36세,중상
2017031800100391,2017년 3월 18일 16시,토요일,전라북도 완주군 봉동읍,중상사고,0,1,0,0,차대사람 - 횡단중,보행자보호의무위반,건조,맑음,교차로 - 교차로횡단보도내,승용,남,40세,상해없음,보행자,여,53세,중상
2017031800100392,2017년 3월 18일 16시,토요일,전라북도 완주군 봉동읍,중상사고,0,2,0,0,차대차 - 측면충돌,교차로운행방법위반,건조,맑음,교차로 - 교차로안,승용,남,64세,상해없음,화물,남,39세,중상
2017031800100426,2017년 3월 18일 17시,토요일,전라북도 군산시 나운동,경상사고,0,0,1,0,차대사람 - 차도통행중,안전운전불이행,건조,맑음,단일로 - 기타,승용,남,18세,상해없음,보행자,여,12세,경상
2017031800100497,2017년 3월 18일 19시,토요일,전라북도 완주군 용진읍,경상사고,0,0,2,0,차대차 - 정면충돌,안전운전불이행,건조,맑음,교차로 - 교차로안,승용,남,48세,경상,승용,남,29세,경상
2017031800100536,2017년 3월 18일 20시,토요일,전라북도 전주시 덕진구 덕진동1가,중상사고,0,1,0,0,차대차 - 측면충돌,신호위반,건조,맑음,교차로 - 교차로횡단보도내,화물,남,47세,상해없음,이륜,남,30세,중상
2017031800100561,2017년 3월 18일 21시,토요일,전라북도 전주시 완산구 중화산동2가,경상사고,0,0,1,0,차대사람 - 기타,안전운전불이행,건조,맑음,교차로 - 교차로안,승용,남,23세,상해없음,보행자,남,36세,경상
2017031800100562,2017년 3월 18일 21시,토요일,전라북도 완주군 구이면,중상사고,0,2,0,0,차대차 - 추돌,안전운전불이행,건조,맑음,단일로 - 기타,승용,남,54세,중상,화물,남,45세,중상
2017031800100582,2017년 3월 18일 22시,토요일,전라북도 정읍시 수성동,경상사고,0,0,2,0,차대차 - 측면충돌,안전거리미확보,건조,맑음,교차로 - 교차로부근,승용,남,49세,상해없음,승용,남,71세,경상
2017031800100598,2017년 3월 18일 23시,토요일,전라북도 전주시 덕진구 진북동,경상사고,0,0,1,0,차대차 - 측면충돌,신호위반,건조,맑음,교차로 - 교차로안,승용,남,50세,상해없음,승용,남,25세,경상
2017031900100033,2017년 3월 19일 00시,일요일,전라북도 전주시 덕진구 덕진동1가,경상사고,0,0,2,0,차대차 - 측면충돌,신호위반,건조,맑음,교차로 - 교차로안,승용,남,58세,상해없음,승용,남,46세,경상
2017031900100078,2017년 3월 19일 03시,일요일,전라북도 군산시 나운동,경상사고,0,0,1,0,차대사람 - 횡단중,안전운전불이행,건조,맑음,단일로 - 기타,승용,남,60세,상해없음,보행자,남,52세,경상
2017031900100178,2017년 3월 19일 11시,일요일,전라북도 부안군 상서면,경상사고,0,0,1,0,차대차 - 추돌,안전운전불이행,건조,맑음,단일로 - 기타,이륜,여,39세,경상,이륜,남,44세,상해없음
2017031900100179,2017년 3월 19일 11시,일요일,전라북도 진안군 진안읍,경상사고,0,0,1,0,차대차 - 기타,안전운전불이행,건조,맑음,단일로 - 기타,승용,여,41세,상해없음,승용,남,54세,상해없음
2017031900100204,2017년 3월 19일 12시,일요일,전라북도 전주시 덕진구 금암동,경상사고,0,0,2,0,차대차 - 측면충돌,안전거리미확보,건조,맑음,교차로 - 교차로안,승용,남,25세,상해없음,승용,남,26세,경상
2017031900100205,2017년 3월 19일 12시,일요일,전라북도 김제시 만경읍,중상사고,0,1,1,0,차대차 - 측면충돌,교차로운행방법위반,건조,맑음,교차로 - 교차로안,승용,여,47세,상해없음,원동기,남,76세,중상
2017031900100228,2017년 3월 19일 13시,일요일,전라북도 전주시 완산구 용복동,경상사고,0,0,3,0,차대차 - 측면충돌,안전운전불이행,건조,맑음,교차로 - 교차로안,승용,남,45세,경상,승용,남,43세,경상
2017031900100229,2017년 3월 19일 13시,일요일,전라북도 전주시 덕진구 호성동1가,경상사고,0,0,1,0,차량단독 - 기타,안전운전불이행,건조,맑음,단일로 - 기타,승합,남,46세,상해없음,,,,
2017031900100256,2017년 3월 19일 14시,일요일,전라북도 군산시 임피면,사망사고,1,0,1,0,차량단독 - 전도전복 - 전도,안전운전불이행,건조,맑음,단일로 - 기타,승용,남,26세,경상,,,,
2017031900100257,2017년 3월 19일 14시,일요일,전라북도 고창군 부안면,중상사고,0,1,0,0,차대차 - 추돌,안전운전불이행,건조,맑음,단일로 - 기타,승용,남,24세,상해없음,농기계,남,80세,중상
2017031900100287,2017년 3월 19일 15시,일요일,전라북도 익산시 동산동,경상사고,0,0,1,0,차대차 - 측면충돌,안전운전불이행,건조,맑음,단일로 - 기타,승용,여,55세,상해없음,자전거,남,67세,경상
2017031900100288,2017년 3월 19일 15시,일요일,전라북도 김제시 황산면,경상사고,0,0,2,0,차대차 - 측면충돌,직진우회전진행방해,건조,맑음,교차로 - 교차로안,승용,남,36세,상해없음,승용,여,41세,경상
2017031900100337,2017년 3월 19일 17시,일요일,전라북도 정읍시 수성동,경상사고,0,0,1,0,차대차 - 추돌,교차로운행방법위반,건조,맑음,교차로 - 교차로안,승용,남,51세,상해없음,원동기,남,19세,경상
2017031900100362,2017년 3월 19일 18시,일요일,전라북도 전주시 덕진구 진북동,경상사고,0,0,2,0,차대차 - 추돌,안전거리미확보,건조,맑음,단일로 - 기타,승용,남,58세,상해없음,승용,남,29세,경상
2017031900100393,2017년 3월 19일 19시,일요일,전라북도 전주시 덕진구 호성동2가,경상사고,0,0,1,0,차대사람 - 횡단중,보행자보호의무위반,건조,맑음,교차로 - 교차로횡단보도내,승용,남,55세,상해없음,보행자,여,73세,경상
2017031900100425,2017년 3월 19일 20시,일요일,전라북도 완주군 삼례읍,중상사고,0,1,0,0,차대사람 - 횡단중,안전운전불이행,건조,맑음,단일로 - 기타,승용,남,42세,상해없음,보행자,남,54세,중상
2017031900100455,2017년 3월 19일 21시,일요일,전라북도 익산시 마동,경상사고,0,0,1,0,차대차 - 측면충돌,직진우회전진행방해,건조,맑음,교차로 - 교차로안,승용,남,56세,상해없음,승용,남,43세,경상
2017032000100029,2017년 3월 20일 02시,월요일,전라북도 전주시 완산구 중화산동2가,경상사고,0,0,1,0,차대차 - 측면충돌,신호위반,건조,맑음,교차로 - 교차로안,승용,기타불명,미분류,기타불명,승용,남,43세,경상
2017032000100038,2017년 3월 20일 04시,월요일,전라북도 전주시 완산구 평화동1가,경상사고,0,0,1,0,차대차 - 추돌,안전운전불이행,건조,맑음,교차로 - 교차로부근,승용,남,23세,기타불명,승용,여,67세,경상
2017032000100101,2017년 3월 20일 08시,월요일,전라북도 군산시 나운동,경상사고,0,0,1,0,차대차 - 측면충돌,직진우회전진행방해,건조,맑음,교차로 - 교차로안,승합,남,68세,기타불명,승용,여,31세,경상
2017032000100102,2017년 3월 20일 08시,월요일,전라북도 고창군 고창읍,경상사고,0,0,3,0,차대차 - 측면충돌,신호위반,건조,맑음,교차로 - 교차로안,승용,여,48세,경상,승용,여,66세,경상
2017032000100131,2017년 3월 20일 09시,월요일,전라북도 전주시 덕진구 인후동1가,경상사고,0,0,1,0,차대사람 - 보도통행중,보행자보호의무위반,건조,맑음,단일로 - 기타,화물,남,40세,상해없음,보행자,여,39세,경상
2017032000100152,2017년 3월 20일 10시,월요일,전라북도 전주시 완산구 서신동,경상사고,0,0,1,0,차대차 - 추돌,안전운전불이행,건조,맑음,단일로 - 기타,승용,여,65세,상해없음,승용,여,40세,경상
2017032000100153,2017년 3월 20일 10시,월요일,전라북도 완주군 봉동읍,중상사고,0,1,1,0,차대차 - 측면충돌,신호위반,건조,맑음,교차로 - 교차로안,승용,여,66세,상해없음,사륜오토바이(ATV),남,55세,중상
2017032000100174,2017년 3월 20일 11시,월요일,전라북도 정읍시 연지동,중상사고,0,1,0,0,차대차 - 측면충돌,안전운전불이행,건조,맑음,단일로 - 기타,화물,남,79세,상해없음,자전거,남,83세,중상
2017032000100258,2017년 3월 20일 14시,월요일,전라북도 익산시 영등동,경상사고,0,0,1,0,차대차 - 측면충돌,차로위반,건조,맑음,교차로 - 교차로부근,승용,남,51세,상해없음,승용,여,60세,경상