사고번호,사고일시,요일,시군구,사고내용,사망자수,중상자수,경상자수,부상신고자수,사고유형,법규위반,노면상태,기상상태,도로형태,가해운전자 차종,가해운전자 성별,가해운전자 연령,가해운전자 상해정도,피해운전자 차종,피해운전자 성별,피해운전자 연령,피해운전자 상해정도
2017032000100259,2017년 3월 20일 14시,월요일,전라북도 무주군 무주읍,경상사고,0,0,1,0,차대차 - 측면충돌,안전거리미확보,건조,맑음,단일로 - 기타,승용,여,54세,상해없음,특수,남,27세,상해없음
2017032000100287,2017년 3월 20일 15시,월요일,전라북도 익산시 모현동1가,경상사고,0,0,1,0,차대차 - 정면충돌,안전운전불이행,건조,맑음,교차로 - 교차로안,승용,남,48세,상해없음,원동기,남,60세,경상
2017032000100288,2017년 3월 20일 15시,월요일,전라북도 김제시 요촌동,경상사고,0,0,1,0,차대사람 - 길가장자리구역통행중,안전운전불이행,건조,맑음,교차로 - 교차로안,승용,남,60세,상해없음,보행자,여,55세,경상
2017032000100315,2017년 3월 20일 16시,월요일,전라북도 군산시 나운동,경상사고,0,0,1,0,차대사람 - 횡단중,안전운전불이행,젖음/습기,비,교차로 - 교차로부근,승용,남,60세,상해없음,보행자,남,56세,경상
2017032000100344,2017년 3월 20일 17시,월요일,전라북도 부안군 진서면,경상사고,0,0,3,0,차대차 - 측면충돌,안전운전불이행,젖음/습기,비,교차로 - 교차로부근,승용,남,70세,경상,승용,남,54세,경상
2017032000100391,2017년 3월 20일 18시,월요일,전라북도 전주시 덕진구 송천동2가,경상사고,0,0,1,0,차대사람 - 횡단중,안전운전불이행,젖음/습기,비,단일로 - 기타,이륜,남,19세,상해없음,보행자,여,37세,경상
2017032000100392,2017년 3월 20일 18시,월요일,전라북도 전주시 덕진구 호성동1가,경상사고,0,0,1,0,차대차 - 추돌,안전운전불이행,젖음/습기,비,단일로 - 기타,승용,남,49세,상해없음,승용,여,39세,경상
2017032000100431,2017년 3월 20일 19시,월요일,전라북도 익산시 신동,경상사고,0,0,1,0,차대사람 - 횡단중,보행자보호의무위반,건조,맑음,교차로 - 교차로횡단보도내,승용,남,30세,상해없음,보행자,남,59세,경상
2017032000100474,2017년 3월 20일 20시,월요일,전라북도 전주시 완산구 평화동2가,중상사고,0,1,0,0,차대사람 - 횡단중,안전운전불이행,젖음/습기,비,교차로 - 교차로안,화물,남,66세,상해없음,보행자,여,58세,중상
2017032000100475,2017년 3월 20일 20시,월요일,전라북도 전주시 완산구 중화산동1가,경상사고,0,0,1,0,차대사람 - 차도통행중,안전운전불이행,젖음/습기,비,교차로 - 교차로안,승용,남,44세,상해없음,보행자,여,58세,경상
2017032000100476,2017년 3월 20일 20시,월요일,전라북도 전주시 완산구 삼천동1가,중상사고,0,1,0,0,차대사람 - 횡단중,보행자보호의무위반,젖음/습기,비,교차로 - 교차로횡단보도내,승용,남,68세,상해없음,보행자,여,20세,중상
2017032000100477,2017년 3월 20일 20시,월요일,전라북도 익산시 영등동,중상사고,0,1,1,0,차대사람 - 횡단중,안전운전불이행,건조,맑음,단일로 - 기타,승용,남,46세,상해없음,보행자,여,20세,경상
2017032000100478,2017년 3월 20일 20시,월요일,전라북도 정읍시 산외면,사망사고,1,0,0,0,차대사람 - 횡단중,안전운전불이행,젖음/습기,비,단일로 - 기타,화물,남,45세,상해없음,보행자,남,58세,사망
2017032000100479,2017년 3월 20일 20시,월요일,전라북도 정읍시 상동,경상사고,0,0,1,0,차대사람 - 횡단중,신호위반,젖음/습기,비,교차로 - 교차로안,승용,여,49세,상해없음,보행자,여,17세,경상
2017032000100506,2017년 3월 20일 21시,월요일,전라북도 전주시 덕진구 인후동1가,경상사고,0,0,1,0,차대차 - 추돌,안전운전불이행,젖음/습기,비,단일로 - 기타,승용,남,40세,상해없음,이륜,남,24세,경상
2017032000100531,2017년 3월 20일 22시,월요일,전라북도 전주시 덕진구 송천동1가,경상사고,0,0,2,0,차대차 - 측면충돌,신호위반,젖음/습기,비,교차로 - 교차로안,승용,남,18세,상해없음,승용,남,45세,경상
2017032000100532,2017년 3월 20일 22시,월요일,전라북도 군산시 나운동,경상사고,0,0,1,0,차대차 - 기타,안전운전불이행,젖음/습기,비,단일로 - 기타,승용,여,51세,상해없음,승용,남,57세,상해없음
2017032000100556,2017년 3월 20일 23시,월요일,전라북도 전주시 완산구 평화동1가,경상사고,0,0,1,0,차대사람 - 차도통행중,안전운전불이행,젖음/습기,비,단일로 - 기타,승용,여,36세,상해없음,보행자,남,22세,경상
2017032000100557,2017년 3월 20일 23시,월요일,전라북도 전주시 덕진구 반월동,중상사고,0,1,0,1,차대차 - 추돌,안전운전불이행,젖음/습기,비,단일로 - 기타,승용,남,59세,상해없음,화물,남,39세,부상신고
2017032100100087,2017년 3월 21일 06시,화요일,전라북도 전주시 덕진구 송천동2가,경상사고,0,0,2,0,차대차 - 측면충돌,신호위반,건조,맑음,교차로 - 교차로안,승용,남,33세,상해없음,승용,남,37세,경상
2017032100100088,2017년 3월 21일 06시,화요일,전라북도 익산시 남중동,경상사고,0,0,1,0,차대차 - 측면충돌,안전운전불이행,건조,맑음,교차로 - 교차로안,화물,남,57세,상해없음,자전거,남,23세,경상
2017032100100111,2017년 3월 21일 07시,화요일,전라북도 군산시 미룡동,경상사고,0,0,1,0,차량단독 - 전도전복,안전운전불이행,건조,맑음,교차로 - 교차로부근,승합,남,49세,상해없음,미분류,미분류,미분류,미분류
2017032100100141,2017년 3월 21일 08시,화요일,전라북도 군산시 옥산면,중상사고,0,1,0,0,차대차 - 측면충돌,안전운전불이행,건조,맑음,단일로 - 기타,화물,남,49세,상해없음,승용,남,44세,중상
2017032100100142,2017년 3월 21일 08시,화요일,전라북도 익산시 동산동,경상사고,0,0,2,0,차대차 - 정면충돌,안전운전불이행,건조,맑음,단일로 - 기타,승용,남,35세,상해없음,이륜,남,27세,경상
2017032100100179,2017년 3월 21일 09시,화요일,전라북도 전주시 덕진구 용정동,경상사고,0,0,1,0,차대차 - 추돌,안전운전불이행,건조,맑음,기타 - 기타,화물,남,74세,상해없음,승용,남,47세,경상
2017032100100205,2017년 3월 21일 10시,화요일,전라북도 남원시 송동면,중상사고,0,1,0,0,차대사람 - 횡단중,안전운전불이행,건조,맑음,교차로 - 교차로부근,화물,남,46세,상해없음,보행자,남,77세,중상
2017032100100252,2017년 3월 21일 12시,화요일,전라북도 장수군 장수읍,경상사고,0,0,1,0,차량단독 - 기타,안전운전불이행,건조,맑음,교차로 - 교차로안,승용,남,71세,상해없음,,,,
2017032100100356,2017년 3월 21일 16시,화요일,전라북도 정읍시 수성동,경상사고,0,0,3,0,차대차 - 추돌,안전거리미확보,건조,맑음,단일로 - 기타,이륜,남,62세,경상,승용,여,61세,경상
2017032100100425,2017년 3월 21일 18시,화요일,전라북도 전주시 완산구 삼천동1가,경상사고,0,0,2,0,차대차 - 추돌,안전운전불이행,건조,맑음,단일로 - 기타,승용,남,41세,상해없음,승용,여,48세,경상
2017032100100426,2017년 3월 21일 18시,화요일,전라북도 군산시 수송동,경상사고,0,0,1,0,차대차 - 측면충돌,안전운전불이행,건조,맑음,교차로 - 교차로안,승용,여,34세,상해없음,원동기,여,49세,경상
2017032100100427,2017년 3월 21일 18시,화요일,전라북도 완주군 봉동읍,중상사고,0,1,0,0,차대차 - 측면충돌,신호위반,건조,맑음,교차로 - 교차로안,승용,여,76세,상해없음,화물,남,33세,중상
2017032100100459,2017년 3월 21일 19시,화요일,전라북도 군산시 신영동,경상사고,0,0,1,0,차대차 - 기타,안전운전불이행,건조,맑음,교차로 - 교차로부근,기타불명,기타불명,미분류,기타불명,자전거,남,28세,경상
2017032100100460,2017년 3월 21일 19시,화요일,전라북도 정읍시 연지동,중상사고,0,1,0,0,차대사람 - 횡단중,안전운전불이행,건조,맑음,교차로 - 교차로안,승용,남,53세,상해없음,보행자,남,53세,중상
2017032100100461,2017년 3월 21일 19시,화요일,전라북도 김제시 오정동,중상사고,0,1,0,0,차대차 - 측면충돌,직진우회전진행방해,건조,맑음,교차로 - 교차로안,승용,남,24세,상해없음,승용,남,35세,중상
2017032100100536,2017년 3월 21일 22시,화요일,전라북도 군산시 명산동,경상사고,0,0,2,0,차대차 - 측면충돌,안전운전불이행,건조,맑음,교차로 - 교차로안,승용,여,46세,상해없음,이륜,남,23세,경상
2017032200100028,2017년 3월 22일 01시,수요일,전라북도 정읍시 상동,중상사고,0,1,0,0,차대사람 - 차도통행중,안전운전불이행,건조,맑음,단일로 - 기타,승용,남,50세,상해없음,보행자,남,55세,중상
2017032200100036,2017년 3월 22일 02시,수요일,전라북도 전주시 완산구 중노송동,중상사고,0,1,0,0,차량단독 - 주/정차차량 충돌,안전운전불이행,건조,맑음,단일로 - 기타,원동기,남,48세,중상,,,,
2017032200100086,2017년 3월 22일 07시,수요일,전라북도 부안군 진서면,중상사고,0,1,0,0,차량단독 - 전도전복 - 전도,안전운전불이행,건조,맑음,단일로 - 기타,승용,남,78세,중상,,,,
2017032200100121,2017년 3월 22일 08시,수요일,전라북도 전주시 완산구 전동3가,경상사고,0,0,1,0,차대사람 - 횡단중,안전운전불이행,건조,맑음,단일로 - 기타,승용,남,65세,기타불명,보행자,여,68세,경상
2017032200100122,2017년 3월 22일 08시,수요일,전라북도 부안군 부안읍,경상사고,0,0,1,0,차대사람 - 횡단중,안전운전불이행,건조,맑음,단일로 - 기타,기타불명,기타불명,미분류,기타불명,보행자,남,20세,경상
2017032200100155,2017년 3월 22일 09시,수요일,전라북도 정읍시 연지동,경상사고,0,0,1,0,차대차 - 측면충돌,신호위반,건조,맑음,교차로 - 교차로안,승용,여,58세,상해없음,승용,여,45세,경상
2017032200100156,2017년 3월 22일 09시,수요일,전라북도 진안군 부귀면,사망사고,1,0,0,0,차대사람 - 횡단중,안전운전불이행,건조,맑음,교차로 - 교차로안,승용,남,71세,상해없음,보행자,여,77세,사망
2017032200100189,2017년 3월 22일 10시,수요일,전라북도 김제시 백구면,경상사고,0,0,1,0,차대차 - 추돌,안전운전불이행,건조,맑음,단일로 - 기타,승용,남,47세,상해없음,화물,남,64세,상해없음
2017032200100211,2017년 3월 22일 11시,수요일,전라북도 전주시 덕진구 송천동2가,중상사고,0,1,0,0,차대차 - 측면충돌,신호위반,건조,맑음,교차로 - 교차로안,건설기계,남,41세,상해없음,화물,남,24세,중상
2017032200100263,2017년 3월 22일 13시,수요일,전라북도 정읍시 연지동,경상사고,0,0,1,0,차대차 - 측면충돌,직진우회전진행방해,건조,맑음,교차로 - 교차로안,이륜,남,70세,경상,승용,남,18세,상해없음
2017032200100287,2017년 3월 22일 14시,수요일,전라북도 전주시 덕진구 송천동1가,경상사고,0,0,1,0,차대사람 - 횡단중,보행자보호의무위반,건조,맑음,교차로 - 교차로안,승용,남,45세,상해없음,보행자,남,11세,경상
2017032200100311,2017년 3월 22일 15시,수요일,전라북도 익산시 남중동,경상사고,0,0,1,0,차대차 - 측면충돌,안전운전불이행,건조,맑음,교차로 - 교차로부근,승용,남,64세,상해없음,자전거,남,79세,경상
2017032200100375,2017년 3월 22일 17시,수요일,전라북도 전주시 완산구 삼천동1가,경상사고,0,0,1,0,차대사람 - 횡단중,안전운전불이행,건조,맑음,교차로 - 교차로부근,승용,남,50세,상해없음,보행자,남,6세,경상
2017032200100376,2017년 3월 22일 17시,수요일,전라북도 전주시 완산구 효자동2가,경상사고,0,0,1,0,차대차 - 기타,안전운전불이행,건조,맑음,단일로 - 기타,승용,남,58세,상해없음,승용,여,57세,경상
2017032200100415,2017년 3월 22일 18시,수요일,전라북도 전주시 덕진구 금암동,경상사고,0,0,1,0,차대차 - 추돌,직진우회전진행방해,건조,맑음,교차로 - 교차로안,화물,남,61세,상해없음,화물,남,57세,경상
2017032200100486,2017년 3월 22일 20시,수요일,전라북도 익산시 황등면,경상사고,0,0,1,0,차대차 - 측면충돌,불법유턴,건조,맑음,교차로 - 교차로안,승용,남,54세,상해없음,승용,남,33세,경상
2017032200100511,2017년 3월 22일 21시,수요일,전라북도 전주시 완산구 효자동3가,경상사고,0,0,1,0,차대사람 - 횡단중,안전운전불이행,건조,맑음,교차로 - 교차로안,화물,남,46세,상해없음,보행자,남,30세,경상
2017032200100569,2017년 3월 22일 23시,수요일,전라북도 진안군 진안읍,경상사고,0,0,1,0,차량단독 - 공작물충돌,안전운전불이행,건조,맑음,교차로 - 교차로부근,화물,남,52세,경상,,,,
2017032300100026,2017년 3월 23일 00시,목요일,전라북도 전주시 완산구 효자동3가,경상사고,0,0,2,0,차대차 - 추돌,안전운전불이행,건조,맑음,교차로 - 교차로부근,승용,남,26세,상해없음,승용,남,37세,경상
2017032300100093,2017년 3월 23일 07시,목요일,전라북도 전주시 완산구 중화산동2가,중상사고,0,1,1,0,차대차 - 정면충돌,신호위반,건조,맑음,교차로 - 교차로안,승용,남,27세,상해없음,승용,남,45세,중상
2017032300100140,2017년 3월 23일 09시,목요일,전라북도 남원시 도통동,경상사고,0,0,1,0,차대차 - 측면충돌,신호위반,건조,맑음,교차로 - 교차로안,승용,여,43세,상해없음,승용,여,37세,경상
2017032300100171,2017년 3월 23일 10시,목요일,전라북도 익산시 오산면,경상사고,0,0,1,0,차대차 - 추돌,안전운전불이행,건조,맑음,단일로 - 기타,화물,남,26세,상해없음,화물,남,73세,경상
2017032300100172,2017년 3월 23일 10시,목요일,전라북도 익산시 삼기면,경상사고,0,0,2,0,차대차 - 정면충돌,신호위반,건조,맑음,교차로 - 교차로안,승합,남,53세,상해없음,승용,남,58세,경상
2017032300100228,2017년 3월 23일 12시,목요일,전라북도 전주시 덕진구 송천동1가,경상사고,0,0,1,0,차대사람 - 횡단중,보행자보호의무위반,건조,맑음,교차로 - 교차로횡단보도내,승용,남,43세,상해없음,보행자,여,57세,경상
2017032300100246,2017년 3월 23일 13시,목요일,전라북도 완주군 운주면,경상사고,0,0,1,0,차대차 - 측면충돌,중앙선침범,건조,맑음,교차로 - 교차로부근,화물,남,27세,상해없음,승용,여,54세,경상
2017032300100272,2017년 3월 23일 14시,목요일,전라북도 군산시 미장동,경상사고,0,0,1,0,차대차 - 측면충돌,중앙선침범,건조,맑음,교차로 - 교차로안,자전거,남,69세,경상,승합,남,70세,상해없음
2017032300100301,2017년 3월 23일 15시,목요일,전라북도 전주시 덕진구 산정동,경상사고,0,0,1,0,차대차 - 측면충돌,직진우회전진행방해,건조,맑음,교차로 - 교차로안,승용,남,40세,상해없음,승용,여,42세,경상
2017032300100302,2017년 3월 23일 15시,목요일,전라북도 부안군 변산면,경상사고,0,0,4,0,차대차 - 추돌,안전운전불이행,건조,맑음,교차로 - 교차로부근,승용,남,26세,상해없음,승용,남,27세,경상
2017032300100338,2017년 3월 23일 16시,목요일,전라북도 전주시 덕진구 금암동,경상사고,0,0,1,0,차대차 - 측면충돌,직진우회전진행방해,건조,맑음,교차로 - 교차로안,승용,남,36세,상해없음,승용,여,52세,경상
2017032300100375,2017년 3월 23일 17시,목요일,전라북도 군산시 나운동,경상사고,0,0,1,0,차대차 - 추돌,안전운전불이행,건조,맑음,교차로 - 교차로안,승용,여,57세,상해없음,이륜,여,70세,경상
2017032300100376,2017년 3월 23일 17시,목요일,전라북도 군산시 지곡동,경상사고,0,0,1,0,차대차 - 기타,직진우회전진행방해,건조,맑음,교차로 - 교차로안,승용,남,32세,상해없음,승용,남,56세,경상
2017032300100411,2017년 3월 23일 18시,목요일,전라북도 익산시 부송동,중상사고,0,1,0,0,차대사람 - 횡단중,안전운전불이행,건조,맑음,단일로 - 기타,승용,남,65세,상해없음,보행자,여,42세,중상
2017032300100451,2017년 3월 23일 19시,목요일,전라북도 전주시 완산구 서노송동,중상사고,0,2,0,0,차대차 - 측면충돌,교차로운행방법위반,건조,맑음,교차로 - 교차로안,승용,남,24세,상해없음,원동기,남,75세,중상
2017032300100528,2017년 3월 23일 21시,목요일,전라북도 익산시 남중동,경상사고,0,0,1,0,차대차 - 기타,직진우회전진행방해,건조,맑음,교차로 - 교차로안,승용,여,59세,상해없음,자전거,남,15세,경상
2017032300100585,2017년 3월 23일 23시,목요일,전라북도 부안군 부안읍,경상사고,0,0,1,0,차대사람 - 기타,안전운전불이행,건조,맑음,기타 - 기타,승용,남,48세,상해없음,보행자,남,39세,경상
2017032400100031,2017년 3월 24일 00시,금요일,전라북도 전주시 덕진구 덕진동1가,경상사고,0,0,1,0,차량단독 - 전도전복,안전운전불이행,건조,흐림,교차로 - 교차로부근,자전거,남,55세,경상,미분류,미분류,미분류,미분류
2017032400100074,2017년 3월 24일 03시,금요일,전라북도 익산시 영등동,경상사고,0,0,1,0,차대차 - 측면충돌,직진우회전진행방해,건조,맑음,교차로 - 교차로안,승용,남,36세,상해없음,승용,여,54세,경상
2017032400100110,2017년 3월 24일 07시,금요일,전라북도 익산시 남중동,중상사고,0,1,0,0,차대사람 - 횡단중,과속,건조,맑음,단일로 - 기타,승용,남,33세,상해없음,보행자,여,17세,중상
2017032400100168,2017년 3월 24일 09시,금요일,전라북도 전주시 완산구 서신동,경상사고,0,0,1,0,차대차 - 측면충돌,불법유턴,건조,맑음,교차로 - 교차로안,승용,남,55세,상해없음,이륜,남,41세,경상
2017032400100194,2017년 3월 24일 10시,금요일,전라북도 부안군 부안읍,경상사고,0,0,1,0,차대차 - 추돌,신호위반,건조,맑음,교차로 - 교차로안,이륜,남,72세,경상,승용,남,57세,상해없음
2017032400100222,2017년 3월 24일 11시,금요일,전라북도 익산시 어양동,경상사고,0,0,1,0,차대차 - 측면충돌,안전운전불이행,건조,맑음,교차로 - 교차로횡단보도내,승용,여,33세,상해없음,자전거,남,66세,경상
2017032400100223,2017년 3월 24일 11시,금요일,전라북도 김제시 만경읍,중상사고,0,2,1,0,차대차 - 측면충돌,신호위반,건조,맑음,교차로 - 교차로안,화물,남,34세,중상,화물,남,70세,경상
2017032400100309,2017년 3월 24일 14시,금요일,전라북도 전주시 덕진구 금암동,경상사고,0,0,1,0,차대차 - 측면충돌,중앙선침범,건조,맑음,교차로 - 교차로부근,승용,남,70세,상해없음,승용,남,53세,경상
2017032400100310,2017년 3월 24일 14시,금요일,전라북도 군산시 옥구읍,경상사고,0,0,2,0,차대차 - 추돌,안전거리미확보,건조,맑음,단일로 - 기타,화물,남,24세,상해없음,승용,남,21세,경상
2017032400100345,2017년 3월 24일 15시,금요일,전라북도 군산시 수송동,경상사고,0,0,1,0,차대차 - 측면충돌,안전운전불이행,건조,맑음,교차로 - 교차로안,승용,여,24세,상해없음,승용,남,57세,경상
2017032400100377,2017년 3월 24일 16시,금요일,전라북도 군산시 수송동,경상사고,0,0,1,0,차대차 - 측면충돌,신호위반,건조,맑음,교차로 - 교차로안,승용,여,27세,상해없음,승용,남,43세,경상
2017032400100410,2017년 3월 24일 17시,금요일,전라북도 전주시 덕진구 전미동2가,중상사고,0,1,1,0,차대차 - 측면충돌,신호위반,건조,맑음,교차로 - 교차로안,승용,남,40세,경상,승용,남,35세,중상
2017032400100450,2017년 3월 24일 18시,금요일,전라북도 전주시 덕진구 전미동2가,경상사고,0,0,1,0,차대차 - 측면충돌,직진우회전진행방해,건조,맑음,교차로 - 교차로안,승용,남,40세,상해없음,승용,남,48세,경상
2017032400100532,2017년 3월 24일 20시,금요일,전라북도 정읍시 감곡면,경상사고,0,0,3,0,차대차 - 측면충돌,안전운전불이행,건조,맑음,단일로 - 기타,승용,남,35세,상해없음,승용,남,56세,경상
2017032400100568,2017년 3월 24일 21시,금요일,전라북도 고창군 고창읍,중상사고,0,1,0,0,차대차 - 기타,안전운전불이행,건조,맑음,교차로 - 교차로안,원동기,남,39세,상해없음,자전거,여,62세,중상
2017032400100613,2017년 3월 24일 22시,금요일,전라북도 전주시 완산구 서신동,경상사고,0,0,1,0,차대차 - 추돌,불법유턴,건조,맑음,교차로 - 교차로부근,승용,남,35세,상해없음,이륜,남,43세,경상
2017032400100614,2017년 3월 24일 22시,금요일,전라북도 전주시 덕진구 팔복동1가,중상사고,0,1,1,0,차대차 - 추돌,안전운전불이행,건조,맑음,교차로 - 교차로부근,화물,남,55세,상해없음,승용,여,46세,경상
2017032400100644,2017년 3월 24일 23시,금요일,전라북도 전주시 완산구 서완산동1가,경상사고,0,0,3,0,차대차 - 측면충돌,안전운전불이행,건조,맑음,교차로 - 교차로안,승용,남,63세,상해없음,승합,남,39세,경상
2017032400100645,2017년 3월 24일 23시,금요일,전라북도 정읍시 수성동,경상사고,0,0,1,0,차대차 - 측면충돌,불법유턴,건조,맑음,단일로 - 기타,승용,여,43세,상해없음,이륜,남,19세,경상
2017032500100047,2017년 3월 25일 01시,토요일,전라북도 정읍시 이평면,중상사고,0,1,0,0,차량단독 - 전도전복,안전운전불이행,건조,맑음,단일로 - 기타,승용,여,50세,중상,미분류,미분류,미분류,미분류
2017032500100061,2017년 3월 25일 02시,토요일,전라북도 익산시 영등동,경상사고,0,0,1,0,차대차 - 기타,안전운전불이행,건조,맑음,단일로 - 기타,승용,남,44세,상해없음,승용,남,31세,경상
2017032500100100,2017년 3월 25일 05시,토요일,전라북도 익산시 망성면,경상사고,0,0,2,0,차대차 - 측면충돌,직진우회전진행방해,건조,맑음,교차로 - 교차로안,승용,남,69세,상해없음,승용,여,55세,경상
2017032500100213,2017년 3월 25일 11시,토요일,전라북도 정읍시 수성동,경상사고,0,0,2,0,차대차 - 정면충돌,직진우회전진행방해,젖음/습기,비,교차로 - 교차로안,화물,남,67세,상해없음,승용,남,36세,상해없음
2017032500100268,2017년 3월 25일 13시,토요일,전라북도 익산시 목천동,중상사고,0,1,0,0,차대차 - 기타,안전운전불이행,건조,맑음,교차로 - 교차로부근,화물,남,52세,상해없음,화물,남,36세,중상
2017032500100269,2017년 3월 25일 13시,토요일,전라북도 장수군 계북면,중상사고,0,1,0,0,차대차 - 추돌,안전운전불이행,젖음/습기,비,단일로 - 기타,화물,남,50세,상해없음,화물,남,51세,중상
2017032500100329,2017년 3월 25일 15시,토요일,전라북도 전주시 덕진구 진북동,경상사고,0,0,2,0,차대차 - 추돌,안전운전불이행,건조,맑음,단일로 - 터널,승용,남,60세,상해없음,승용,여,50세,경상
2017032500100330,2017년 3월 25일 15시,토요일,전라북도 군산시 나운동,경상사고,0,0,1,0,차대사람 - 횡단중,보행자보호의무위반,건조,맑음,교차로 - 교차로부근,승용,남,66세,상해없음,보행자,남,55세,경상
2017032500100331,2017년 3월 25일 15시,토요일,전라북도 부안군 상서면,경상사고,0,0,1,0,차대차 - 측면충돌,기타,건조,맑음,교차로 - 교차로안,원동기,남,56세,경상,화물,남,57세,상해없음
2017032500100350,2017년 3월 25일 16시,토요일,전라북도 전주시 덕진구 금암동,중상사고,0,1,0,0,차대차 - 기타,직진우회전진행방해,건조,맑음,교차로 - 교차로부근,승용,남,21세,상해없음,이륜,남,40세,중상
2017032500100351,2017년 3월 25일 16시,토요일,전라북도 정읍시 상동,경상사고,0,0,1,0,차대차 - 추돌,안전운전불이행,건조,맑음,교차로 - 교차로안,승용,남,35세,상해없음,승용,남,19세,경상
2017032500100372,2017년 3월 25일 17시,토요일,전라북도 전주시 덕진구 송천동1가,경상사고,0,0,2,0,차대차 - 기타,안전운전불이행,건조,맑음,단일로 - 기타,승용,여,36세,상해없음,승용,남,43세,경상
2017032500100373,2017년 3월 25일 17시,토요일,전라북도 군산시 나운동,경상사고,0,0,1,0,차대차 - 측면충돌,안전거리미확보,건조,맑음,기타 - 기타,승용,남,49세,상해없음,승용,남,34세,경상
2017032500100374,2017년 3월 25일 17시,토요일,전라북도 부안군 변산면,부상신고사고,0,0,0,1,차대차 - 정면충돌,안전운전불이행,건조,맑음,단일로 - 기타,승용,남,38세,부상신고,승용,남,56세,상해없음
2017032500100375,2017년 3월 25일 17시,토요일,전라북도 부안군 주산면,중상사고,0,2,0,0,차대차 - 추돌,안전운전불이행,건조,맑음,단일로 - 기타,승용,남,62세,상해없음,화물,남,51세,중상
2017032500100402,2017년 3월 25일 18시,토요일,전라북도 전주시 완산구 효자동3가,경상사고,0,0,2,0,차대차 - 추돌,안전거리미확보,건조,맑음,단일로 - 기타,승용,남,46세,상해없음,승용,여,26세,경상
2017032500100484,2017년 3월 25일 20시,토요일,전라북도 군산시 미장동,중상사고,0,1,1,0,차대차 - 기타,신호위반,건조,맑음,교차로 - 교차로부근,승용,남,58세,경상,승용,남,36세,중상
2017032500100485,2017년 3월 25일 20시,토요일,전라북도 김제시 만경읍,중상사고,0,1,2,0,차대차 - 측면충돌,중앙선침범,건조,맑음,단일로 - 기타,화물,남,64세,상해없음,승용,남,62세,경상
2017032500100554,2017년 3월 25일 22시,토요일,전라북도 군산시 수송동,중상사고,0,1,2,0,차대차 - 정면충돌,신호위반,건조,맑음,교차로 - 교차로안,승용,여,44세,상해없음,승용,남,45세,경상
2017032500100588,2017년 3월 25일 23시,토요일,전라북도 전주시 완산구 중화산동2가,경상사고,0,0,1,0,차대사람 - 횡단중,안전운전불이행,건조,맑음,단일로 - 기타,승용,남,29세,상해없음,보행자,남,27세,경상
2017032500100589,2017년 3월 25일 23시,토요일,전라북도 익산시 부송동,경상사고,0,0,2,0,차대차 - 정면충돌,안전운전불이행,건조,맑음,단일로 - 기타,승용,남,55세,상해없음,승용,여,24세,경상
2017032600100056,2017년 3월 26일 03시,일요일,전라북도 전주시 완산구 중노송동,경상사고,0,0,2,0,차대차 - 정면충돌,안전운전불이행,건조,맑음,교차로 - 교차로부근,승용,남,58세,상해없음,승용,남,51세,경상
2017032600100057,2017년 3월 26일 03시,일요일,전라북도 익산시 임상동,경상사고,0,0,3,0,차대차 - 측면충돌,교차로운행방법위반,건조,맑음,교차로 - 교차로부근,승용,남,70세,경상,승용,남,36세,경상
2017032600100066,2017년 3월 26일 04시,일요일,전라북도 전주시 덕진구 인후동1가,경상사고,0,0,1,0,차대차 - 측면충돌,신호위반,건조,맑음,교차로 - 교차로안,승용,남,56세,상해없음,승용,여,56세,경상
2017032600100115,2017년 3월 26일 09시,일요일,전라북도 군산시 나운동,경상사고,0,0,1,0,차대차 - 기타,안전운전불이행,건조,맑음,단일로 - 기타,화물,남,33세,상해없음,승용,여,48세,경상
2017032600100192,2017년 3월 26일 13시,일요일,전라북도 고창군 흥덕면,중상사고,0,1,2,0,차대차 - 측면충돌,차로위반,건조,맑음,단일로 - 기타,승용,남,54세,상해없음,승용,여,36세,경상
2017032600100215,2017년 3월 26일 14시,일요일,전라북도 김제시 금산면,경상사고,0,0,1,0,차대차 - 측면충돌,직진우회전진행방해,건조,맑음,교차로 - 교차로안,승용,여,44세,상해없음,이륜,남,79세,경상
2017032600100239,2017년 3월 26일 15시,일요일,전라북도 전주시 완산구 동서학동,중상사고,0,1,0,0,차대사람 - 횡단중,안전운전불이행,건조,맑음,교차로 - 교차로안,화물,남,56세,상해없음,보행자,남,75세,중상
2017032600100240,2017년 3월 26일 15시,일요일,전라북도 남원시 대강면,경상사고,0,0,2,0,차대차 - 측면충돌,중앙선침범,건조,맑음,기타 - 기타,화물,남,72세,기타불명,승용,여,23세,경상
2017032600100261,2017년 3월 26일 16시,일요일,전라북도 군산시 비응도동,경상사고,0,0,2,0,차대차 - 추돌,안전거리미확보,건조,맑음,단일로 - 기타,승용,남,24세,상해없음,승용,남,31세,경상
2017032600100332,2017년 3월 26일 19시,일요일,전라북도 김제시 공덕면,경상사고,0,0,1,0,차대차 - 기타,중앙선침범,건조,맑음,교차로 - 교차로부근,승용,남,22세,상해없음,승용,남,54세,경상
2017032600100354,2017년 3월 26일 20시,일요일,전라북도 김제시 백산면,중상사고,0,2,2,0,차대차 - 측면충돌,안전운전불이행,건조,맑음,단일로 - 기타,승용,남,55세,상해없음,승용,남,42세,중상