사고번호,사고일시,요일,시군구,사고내용,사망자수,중상자수,경상자수,부상신고자수,사고유형,법규위반,노면상태,기상상태,도로형태,가해운전자 차종,가해운전자 성별,가해운전자 연령,가해운전자 상해정도,피해운전자 차종,피해운전자 성별,피해운전자 연령,피해운전자 상해정도
2017032600100392,2017년 3월 26일 21시,일요일,전라북도 전주시 덕진구 우아동3가,경상사고,0,0,1,0,차대차 - 측면충돌,직진우회전진행방해,건조,맑음,교차로 - 교차로안,승용,남,23세,상해없음,이륜,남,40세,경상
2017032600100412,2017년 3월 26일 22시,일요일,전라북도 전주시 덕진구 덕진동2가,사망사고,1,0,0,0,차대사람 - 기타,중앙선침범,건조,맑음,단일로 - 기타,승합,남,37세,상해없음,보행자,남,64세,사망
2017032700100040,2017년 3월 27일 03시,월요일,전라북도 익산시 어양동,경상사고,0,0,1,0,차량단독 - 전도전복 - 전도,안전운전불이행,건조,맑음,단일로 - 기타,승용,여,45세,상해없음,,,,
2017032700100079,2017년 3월 27일 07시,월요일,전라북도 군산시 대명동,중상사고,0,1,0,0,차대사람 - 횡단중,안전운전불이행,건조,맑음,단일로 - 기타,승용,남,61세,상해없음,보행자,여,80세,중상
2017032700100135,2017년 3월 27일 09시,월요일,전라북도 전주시 완산구 태평동,경상사고,0,0,1,0,차대사람 - 횡단중,안전운전불이행,건조,맑음,단일로 - 기타,화물,남,52세,상해없음,보행자,여,67세,경상
2017032700100136,2017년 3월 27일 09시,월요일,전라북도 고창군 고창읍,경상사고,0,0,1,0,차대사람 - 차도통행중,안전운전불이행,건조,맑음,교차로 - 교차로부근,화물,남,61세,상해없음,보행자,여,71세,경상
2017032700100158,2017년 3월 27일 10시,월요일,전라북도 전주시 덕진구 덕진동2가,경상사고,0,0,2,0,차대차 - 측면충돌,직진우회전진행방해,건조,흐림,교차로 - 교차로안,승용,남,54세,상해없음,승용,남,69세,경상
2017032700100159,2017년 3월 27일 10시,월요일,전라북도 익산시 황등면,중상사고,0,1,0,0,차대차 - 측면충돌,직진우회전진행방해,건조,맑음,교차로 - 교차로안,화물,남,54세,상해없음,승용,남,74세,중상
2017032700100160,2017년 3월 27일 10시,월요일,전라북도 순창군 순창읍,경상사고,0,0,2,0,차대차 - 측면충돌,과속,건조,맑음,교차로 - 교차로안,승용,남,60세,경상,승용,여,69세,경상
2017032700100204,2017년 3월 27일 12시,월요일,전라북도 전주시 덕진구 덕진동1가,경상사고,0,0,1,0,차대사람 - 기타,안전운전불이행,건조,맑음,교차로 - 교차로부근,승용,남,37세,상해없음,보행자,여,24세,경상
2017032700100205,2017년 3월 27일 12시,월요일,전라북도 군산시 중앙로2가,경상사고,0,0,1,0,차대사람 - 차도통행중,안전운전불이행,건조,맑음,단일로 - 기타,화물,남,65세,상해없음,보행자,여,72세,경상
2017032700100206,2017년 3월 27일 12시,월요일,전라북도 남원시 아영면,중상사고,0,2,0,0,차대차 - 기타,중앙선침범,건조,맑음,단일로 - 기타,화물,여,56세,상해없음,화물,남,55세,중상
2017032700100263,2017년 3월 27일 14시,월요일,전라북도 김제시 상동동,중상사고,0,1,1,0,차대차 - 추돌,안전운전불이행,건조,맑음,단일로 - 기타,화물,남,65세,상해없음,승용,남,43세,경상
2017032700100328,2017년 3월 27일 16시,월요일,전라북도 군산시 개정면,경상사고,0,0,1,0,차대차 - 기타,안전운전불이행,건조,맑음,교차로 - 교차로부근,승용,남,49세,상해없음,이륜,남,30세,경상
2017032700100329,2017년 3월 27일 16시,월요일,전라북도 익산시 어양동,경상사고,0,0,1,0,차대차 - 측면충돌,신호위반,건조,맑음,교차로 - 교차로횡단보도내,승용,여,44세,상해없음,자전거,여,73세,경상
2017032700100330,2017년 3월 27일 16시,월요일,전라북도 남원시 산내면,중상사고,0,1,0,0,차대차 - 정면충돌,중앙선침범,건조,맑음,단일로 - 기타,승용,남,43세,상해없음,화물,남,55세,중상
2017032700100370,2017년 3월 27일 17시,월요일,전라북도 익산시 황등면,중상사고,0,1,0,0,차대차 - 측면충돌,안전운전불이행,건조,맑음,교차로 - 교차로안,화물,남,58세,상해없음,이륜,남,51세,중상
2017032700100406,2017년 3월 27일 18시,월요일,전라북도 전주시 완산구 효자동3가,경상사고,0,0,1,0,차대차 - 측면충돌,안전거리미확보,건조,맑음,단일로 - 기타,승용,남,59세,상해없음,승용,남,48세,경상
2017032700100432,2017년 3월 27일 19시,월요일,전라북도 전주시 완산구 효자동1가,부상신고사고,0,0,0,2,차대차 - 기타,안전거리미확보,건조,맑음,단일로 - 기타,승용,여,56세,상해없음,승용,남,25세,부상신고
2017032700100433,2017년 3월 27일 19시,월요일,전라북도 전주시 덕진구 금암동,경상사고,0,0,1,0,차대사람 - 길가장자리구역통행중,안전운전불이행,건조,맑음,단일로 - 기타,승용,여,22세,상해없음,보행자,남,24세,경상
2017032700100434,2017년 3월 27일 19시,월요일,전라북도 군산시 미장동,경상사고,0,0,1,0,차대차 - 기타,안전운전불이행,건조,맑음,교차로 - 교차로부근,승용,남,51세,상해없음,승용,남,25세,경상
2017032700100435,2017년 3월 27일 19시,월요일,전라북도 정읍시 과교동,사망사고,1,0,0,0,차대차 - 추돌,중앙선침범,건조,맑음,교차로 - 교차로부근,자전거,남,58세,사망,화물,남,70세,상해없음
2017032700100465,2017년 3월 27일 20시,월요일,전라북도 전주시 완산구 원당동,사망사고,1,0,0,0,차량단독 - 전도전복,안전운전불이행,건조,맑음,교차로 - 교차로부근,화물,남,59세,사망,미분류,미분류,미분류,미분류
2017032700100466,2017년 3월 27일 20시,월요일,전라북도 군산시 금암동,경상사고,0,0,1,0,차대차 - 기타,안전운전불이행,건조,맑음,교차로 - 교차로안,승용,남,59세,상해없음,승용,남,63세,경상
2017032700100486,2017년 3월 27일 21시,월요일,전라북도 김제시 검산동,경상사고,0,0,1,0,차대차 - 추돌,안전운전불이행,건조,맑음,단일로 - 기타,승용,남,39세,상해없음,승용,남,41세,상해없음
2017032700100508,2017년 3월 27일 22시,월요일,전라북도 전주시 덕진구 인후동2가,경상사고,0,0,1,0,차대차 - 측면충돌,안전운전불이행,건조,맑음,단일로 - 기타,승용,남,27세,상해없음,승용,여,28세,경상
2017032800100022,2017년 3월 28일 00시,화요일,전라북도 전주시 덕진구 덕진동1가,경상사고,0,0,2,0,차대차 - 추돌,안전운전불이행,건조,맑음,단일로 - 기타,승용,남,36세,상해없음,승용,남,58세,경상
2017032800100062,2017년 3월 28일 05시,화요일,전라북도 군산시 오식도동,경상사고,0,0,1,0,차대차 - 기타,직진우회전진행방해,건조,맑음,교차로 - 교차로안,화물,남,56세,상해없음,승용,남,49세,경상
2017032800100063,2017년 3월 28일 05시,화요일,전라북도 남원시 쌍교동,사망사고,1,0,0,0,차대차 - 측면충돌,과속,건조,맑음,교차로 - 교차로안,승용,남,47세,상해없음,자전거,남,70세,사망
2017032800100090,2017년 3월 28일 07시,화요일,전라북도 전주시 완산구 용복동,중상사고,0,1,0,0,차대차 - 추돌,안전거리미확보,건조,맑음,단일로 - 기타,승용,남,48세,상해없음,승용,여,30세,중상
2017032800100181,2017년 3월 28일 10시,화요일,전라북도 임실군 관촌면,경상사고,0,0,2,0,차대차 - 기타,안전운전불이행,건조,맑음,교차로 - 교차로부근,승용,남,70세,상해없음,승용,남,60세,경상
2017032800100182,2017년 3월 28일 10시,화요일,전라북도 임실군 오수면,경상사고,0,0,1,0,차대차 - 측면충돌,교차로운행방법위반,건조,맑음,교차로 - 교차로안,건설기계,남,50세,상해없음,이륜,남,83세,경상
2017032800100210,2017년 3월 28일 11시,화요일,전라북도 전주시 완산구 효자동1가,경상사고,0,0,2,0,차대차 - 측면충돌,안전운전불이행,건조,맑음,단일로 - 기타,화물,남,55세,상해없음,승용,여,21세,경상
2017032800100211,2017년 3월 28일 11시,화요일,전라북도 익산시 신동,경상사고,0,0,5,0,차대차 - 추돌,안전운전불이행,젖음/습기,비,교차로 - 교차로부근,특수,남,60세,상해없음,승합,남,43세,경상
2017032800100212,2017년 3월 28일 11시,화요일,전라북도 남원시 주생면,중상사고,0,1,1,0,차대차 - 측면충돌,중앙선침범,건조,맑음,단일로 - 기타,화물,남,56세,중상,화물,남,50세,경상
2017032800100257,2017년 3월 28일 13시,화요일,전라북도 익산시 신동,경상사고,0,0,1,0,차대사람 - 횡단중,안전운전불이행,건조,맑음,교차로 - 교차로부근,승용,남,65세,상해없음,보행자,남,83세,경상
2017032800100258,2017년 3월 28일 13시,화요일,전라북도 김제시 성덕면,경상사고,0,0,1,0,차대사람 - 횡단중,안전운전불이행,건조,맑음,단일로 - 기타,화물,남,64세,상해없음,보행자,여,82세,경상
2017032800100276,2017년 3월 28일 14시,화요일,전라북도 익산시 동산동,경상사고,0,0,3,0,차대차 - 측면충돌,차로위반,건조,맑음,단일로 - 기타,승용,남,52세,상해없음,승용,남,35세,경상
2017032800100324,2017년 3월 28일 16시,화요일,전라북도 전주시 완산구 경원동3가,중상사고,0,2,0,0,차대사람 - 횡단중,보행자보호의무위반,건조,맑음,단일로 - 기타,승용,여,29세,상해없음,보행자,여,43세,중상
2017032800100325,2017년 3월 28일 16시,화요일,전라북도 부안군 줄포면,경상사고,0,0,2,0,차대차 - 측면충돌,직진우회전진행방해,건조,맑음,교차로 - 교차로안,원동기,여,61세,경상,원동기,남,75세,경상
2017032800100358,2017년 3월 28일 17시,화요일,전라북도 정읍시 정우면,중상사고,0,1,0,0,차대사람 - 기타,기타,건조,맑음,단일로 - 기타,화물,남,61세,상해없음,보행자,여,77세,중상
2017032800100359,2017년 3월 28일 17시,화요일,전라북도 완주군 화산면,경상사고,0,0,1,0,차대차 - 측면충돌,교차로운행방법위반,건조,맑음,교차로 - 교차로안,화물,남,55세,상해없음,승용,남,67세,경상
2017032800100430,2017년 3월 28일 19시,화요일,전라북도 정읍시 상동,경상사고,0,0,1,0,차대사람 - 횡단중,보행자보호의무위반,건조,맑음,교차로 - 교차로횡단보도내,승용,남,59세,상해없음,보행자,남,6세,경상
2017032800100431,2017년 3월 28일 19시,화요일,전라북도 정읍시 태인면,사망사고,1,0,0,0,차대사람 - 횡단중,안전운전불이행,건조,맑음,단일로 - 기타,승용,여,50세,상해없음,보행자,여,76세,사망
2017032800100469,2017년 3월 28일 20시,화요일,전라북도 전주시 덕진구 인후동2가,경상사고,0,0,1,0,차대차 - 측면충돌,직진우회전진행방해,건조,흐림,단일로 - 기타,승용,남,62세,상해없음,이륜,남,27세,경상
2017032800100494,2017년 3월 28일 21시,화요일,전라북도 군산시 개사동,경상사고,0,0,1,0,차대사람 - 횡단중,안전운전불이행,젖음/습기,비,교차로 - 교차로부근,승용,남,51세,상해없음,보행자,여,17세,경상
2017032800100495,2017년 3월 28일 21시,화요일,전라북도 고창군 고창읍,경상사고,0,0,1,0,차대차 - 측면충돌,직진우회전진행방해,젖음/습기,비,교차로 - 교차로안,승용,여,53세,상해없음,승용,남,52세,경상
2017032800100524,2017년 3월 28일 22시,화요일,전라북도 전주시 완산구 경원동1가,중상사고,0,1,0,0,차대사람 - 횡단중,신호위반,젖음/습기,비,교차로 - 교차로안,승용,남,54세,상해없음,보행자,여,45세,중상
2017032800100525,2017년 3월 28일 22시,화요일,전라북도 익산시 부송동,중상사고,0,1,0,0,차대차 - 측면충돌,차로위반,젖음/습기,비,단일로 - 기타,승용,남,70세,상해없음,이륜,남,36세,중상
2017032800100526,2017년 3월 28일 22시,화요일,전라북도 익산시 신동,중상사고,0,1,0,0,차대차 - 측면충돌,안전운전불이행,젖음/습기,흐림,교차로 - 교차로안,승용,여,47세,상해없음,원동기,남,60세,중상
2017032800100540,2017년 3월 28일 23시,화요일,전라북도 군산시 소룡동,경상사고,0,0,1,0,차대차 - 추돌,안전운전불이행,젖음/습기,비,단일로 - 기타,화물,남,34세,상해없음,승용,남,55세,경상
2017032800100541,2017년 3월 28일 23시,화요일,전라북도 군산시 나운동,경상사고,0,0,1,0,차대차 - 측면충돌,직진우회전진행방해,젖음/습기,비,교차로 - 교차로안,승용,남,33세,상해없음,승용,남,55세,경상
2017032900100020,2017년 3월 29일 00시,수요일,전라북도 군산시 나운동,경상사고,0,0,1,0,차대사람 - 횡단중,보행자보호의무위반,젖음/습기,비,교차로 - 교차로횡단보도내,승용,여,59세,상해없음,보행자,여,58세,경상
2017032900100099,2017년 3월 29일 07시,수요일,전라북도 군산시 옥서면,경상사고,0,0,2,0,차대차 - 측면충돌,직진우회전진행방해,건조,맑음,교차로 - 교차로안,승용,여,30세,경상,승용,남,29세,경상
2017032900100100,2017년 3월 29일 07시,수요일,전라북도 익산시 금강동,경상사고,0,0,1,0,차대차 - 측면충돌,안전운전불이행,건조,맑음,교차로 - 교차로안,승용,남,30세,상해없음,승용,여,42세,경상
2017032900100101,2017년 3월 29일 07시,수요일,전라북도 정읍시 소성면,경상사고,0,0,1,0,차대차 - 측면충돌,차로위반,건조,맑음,단일로 - 기타,승용,남,52세,상해없음,승용,남,50세,경상
2017032900100126,2017년 3월 29일 08시,수요일,전라북도 전주시 덕진구 진북동,중상사고,0,1,0,0,차대차 - 측면충돌,안전운전불이행,건조,맑음,기타 - 기타,승용,남,28세,상해없음,자전거,남,17세,중상
2017032900100162,2017년 3월 29일 09시,수요일,전라북도 군산시 미룡동,중상사고,0,1,0,0,차대차 - 측면충돌,안전운전불이행,건조,맑음,교차로 - 교차로부근,화물,남,40세,상해없음,자전거,남,24세,중상
2017032900100163,2017년 3월 29일 09시,수요일,전라북도 김제시 요촌동,경상사고,0,0,3,0,차대차 - 측면충돌,직진우회전진행방해,건조,맑음,교차로 - 교차로안,승용,여,43세,경상,승용,남,58세,경상
2017032900100211,2017년 3월 29일 11시,수요일,전라북도 전주시 덕진구 금암동,중상사고,0,1,0,0,차대사람 - 횡단중,보행자보호의무위반,건조,맑음,단일로 - 기타,이륜,남,64세,상해없음,보행자,남,59세,중상
2017032900100252,2017년 3월 29일 13시,수요일,전라북도 전주시 완산구 중화산동2가,중상사고,0,1,0,0,차대차 - 측면충돌,안전운전불이행,건조,맑음,교차로 - 교차로안,승용,남,52세,상해없음,승용,여,43세,중상
2017032900100275,2017년 3월 29일 14시,수요일,전라북도 전주시 완산구 경원동3가,중상사고,0,1,0,0,차대사람 - 횡단중,보행자보호의무위반,건조,맑음,교차로 - 교차로횡단보도내,승용,여,60세,상해없음,보행자,여,65세,중상
2017032900100299,2017년 3월 29일 15시,수요일,전라북도 익산시 황등면,경상사고,0,0,1,0,차대사람 - 길가장자리구역통행중,안전운전불이행,건조,맑음,단일로 - 기타,승용,남,69세,상해없음,보행자,여,43세,경상
2017032900100331,2017년 3월 29일 16시,수요일,전라북도 익산시 송학동,경상사고,0,0,1,0,차대차 - 측면충돌,신호위반,건조,맑음,교차로 - 교차로안,승용,여,58세,상해없음,승용,남,67세,경상
2017032900100366,2017년 3월 29일 17시,수요일,전라북도 전주시 완산구 중화산동2가,경상사고,0,0,1,0,차대차 - 측면충돌,신호위반,건조,맑음,교차로 - 교차로안,승용,여,34세,상해없음,승용,남,48세,경상
2017032900100367,2017년 3월 29일 17시,수요일,전라북도 익산시 부송동,경상사고,0,0,1,0,차대차 - 측면충돌,안전운전불이행,건조,맑음,교차로 - 교차로부근,승용,남,57세,상해없음,자전거,여,13세,경상
2017032900100368,2017년 3월 29일 17시,수요일,전라북도 정읍시 북면,중상사고,0,1,1,0,차대차 - 측면충돌,안전운전불이행,건조,맑음,교차로 - 교차로안,승합,남,41세,경상,화물,남,50세,중상
2017032900100392,2017년 3월 29일 18시,수요일,전라북도 남원시 도통동,경상사고,0,0,2,0,차대차 - 측면충돌,중앙선침범,건조,맑음,단일로 - 기타,승용,여,58세,상해없음,승용,여,27세,경상
2017032900100503,2017년 3월 29일 21시,수요일,전라북도 부안군 상서면,경상사고,0,0,4,0,차대차 - 정면충돌,중앙선침범,건조,흐림,단일로 - 기타,승용,남,32세,경상,승용,여,45세,경상
2017032900100532,2017년 3월 29일 22시,수요일,전라북도 전주시 덕진구 금암동,중상사고,0,1,1,0,차대차 - 측면충돌,안전운전불이행,젖음/습기,맑음,교차로 - 교차로안,승용,남,54세,상해없음,승용,남,55세,중상
2017032900100552,2017년 3월 29일 23시,수요일,전라북도 전주시 완산구 효자동3가,중상사고,0,1,0,0,차대사람 - 횡단중,안전운전불이행,건조,맑음,교차로 - 교차로부근,승용,남,58세,상해없음,보행자,남,40세,중상
2017033000100023,2017년 3월 30일 00시,목요일,전라북도 전주시 완산구 서서학동,경상사고,0,0,1,0,차대차 - 측면충돌,신호위반,건조,맑음,교차로 - 교차로안,승용,남,60세,상해없음,승용,남,38세,경상
2017033000100040,2017년 3월 30일 01시,목요일,전라북도 전주시 완산구 효자동3가,경상사고,0,0,2,0,차대차 - 기타,교차로운행방법위반,건조,맑음,교차로 - 교차로안,승용,남,50세,상해없음,승용,남,37세,경상
2017033000100104,2017년 3월 30일 07시,목요일,전라북도 전주시 덕진구 금암동,경상사고,0,0,3,0,차대차 - 추돌,안전운전불이행,건조,맑음,단일로 - 기타,승용,남,64세,상해없음,승용,여,40세,경상
2017033000100136,2017년 3월 30일 08시,목요일,전라북도 군산시 중앙로2가,경상사고,0,0,1,0,차대사람 - 횡단중,보행자보호의무위반,건조,맑음,교차로 - 교차로부근,승용,남,60세,상해없음,보행자,여,12세,경상
2017033000100137,2017년 3월 30일 08시,목요일,전라북도 군산시 경장동,경상사고,0,0,1,0,차대차 - 후진중충돌,안전운전불이행,건조,맑음,단일로 - 기타,승용,여,62세,상해없음,승용,남,51세,경상
2017033000100167,2017년 3월 30일 09시,목요일,전라북도 고창군 고창읍,경상사고,0,0,2,0,차대차 - 측면충돌,안전운전불이행,건조,맑음,교차로 - 교차로안,화물,남,50세,경상,승용,여,24세,경상
2017033000100206,2017년 3월 30일 11시,목요일,전라북도 김제시 백구면,경상사고,0,0,2,0,차대차 - 측면충돌,직진우회전진행방해,건조,맑음,교차로 - 교차로안,화물,남,57세,상해없음,승용,남,53세,경상
2017033000100313,2017년 3월 30일 15시,목요일,전라북도 군산시 비응도동,경상사고,0,0,3,0,차대차 - 측면충돌,신호위반,건조,흐림,교차로 - 교차로안,승용,남,41세,상해없음,승용,여,57세,경상
2017033000100314,2017년 3월 30일 15시,목요일,전라북도 익산시 마동,중상사고,0,1,2,0,차대차 - 측면충돌,안전운전불이행,건조,맑음,단일로 - 기타,승용,남,63세,상해없음,승용,남,40세,경상
2017033000100383,2017년 3월 30일 17시,목요일,전라북도 군산시 소룡동,경상사고,0,0,2,0,차대차 - 측면충돌,신호위반,건조,맑음,교차로 - 교차로안,화물,남,40세,상해없음,승용,남,46세,경상
2017033000100384,2017년 3월 30일 17시,목요일,전라북도 군산시 옥산면,경상사고,0,0,1,0,차대차 - 추돌,안전운전불이행,건조,맑음,단일로 - 기타,승용,남,32세,상해없음,승용,여,33세,경상
2017033000100421,2017년 3월 30일 18시,목요일,전라북도 전주시 완산구 효자동3가,중상사고,0,1,0,0,차대사람 - 기타,안전운전불이행,건조,맑음,단일로 - 기타,이륜,남,47세,상해없음,보행자,여,49세,중상
2017033000100451,2017년 3월 30일 19시,목요일,전라북도 익산시 함라면,경상사고,0,0,1,0,차대차 - 추돌,안전운전불이행,건조,맑음,단일로 - 기타,승용,남,43세,상해없음,농기계,남,50세,경상
2017033000100452,2017년 3월 30일 19시,목요일,전라북도 익산시 모현동1가,경상사고,0,0,1,0,차대차 - 측면충돌,신호위반,건조,맑음,교차로 - 교차로안,승용,남,36세,상해없음,승용,남,43세,경상
2017033000100491,2017년 3월 30일 20시,목요일,전라북도 익산시 신동,경상사고,0,0,2,0,차대차 - 정면충돌,안전운전불이행,건조,맑음,교차로 - 교차로안,승용,남,41세,경상,승용,남,37세,경상
2017033000100514,2017년 3월 30일 21시,목요일,전라북도 전주시 덕진구 인후동1가,중상사고,0,1,2,0,차대차 - 측면충돌,신호위반,건조,맑음,교차로 - 교차로안,이륜,남,16세,상해없음,승용,여,39세,상해없음
2017033000100543,2017년 3월 30일 22시,목요일,전라북도 익산시 춘포면,경상사고,0,0,1,0,차대차 - 측면충돌,직진우회전진행방해,건조,맑음,교차로 - 교차로안,승용,남,32세,상해없음,승합,남,41세,경상
2017033000100564,2017년 3월 30일 23시,목요일,전라북도 전주시 완산구 중노송동,경상사고,0,0,5,0,차대차 - 측면충돌,안전거리미확보,건조,맑음,교차로 - 교차로안,화물,남,48세,상해없음,승용,남,64세,경상
2017033000100565,2017년 3월 30일 23시,목요일,전라북도 전주시 덕진구 인후동1가,경상사고,0,0,2,0,차대차 - 측면충돌,신호위반,건조,맑음,교차로 - 교차로안,승용,남,53세,상해없음,승용,남,31세,경상
2017033000100566,2017년 3월 30일 23시,목요일,전라북도 완주군 소양면,중상사고,0,1,0,0,차대차 - 측면충돌,중앙선침범,건조,맑음,단일로 - 기타,화물,남,61세,상해없음,승용,여,43세,중상
2017033100100016,2017년 3월 31일 00시,금요일,전라북도 전주시 완산구 중화산동1가,경상사고,0,0,2,0,차대차 - 추돌,안전운전불이행,건조,맑음,교차로 - 교차로부근,승용,남,56세,상해없음,승용,남,74세,경상
2017033100100017,2017년 3월 31일 00시,금요일,전라북도 익산시 신동,중상사고,0,1,1,0,차대차 - 측면충돌,과속,건조,맑음,단일로 - 기타,승용,남,23세,경상,원동기,남,28세,중상
2017033100100054,2017년 3월 31일 04시,금요일,전라북도 전주시 완산구 효자동2가,중상사고,0,1,0,0,차대사람 - 횡단중,신호위반,젖음/습기,비,교차로 - 교차로부근,승용,남,53세,상해없음,보행자,여,24세,중상
2017033100100076,2017년 3월 31일 06시,금요일,전라북도 전주시 완산구 서신동,경상사고,0,0,3,0,차대차 - 측면충돌,신호위반,젖음/습기,비,교차로 - 교차로안,승용,남,27세,상해없음,승용,남,41세,경상
2017033100100077,2017년 3월 31일 06시,금요일,전라북도 군산시 선양동,경상사고,0,0,2,0,차대차 - 정면충돌,직진우회전진행방해,젖음/습기,비,교차로 - 교차로안,승용,여,65세,경상,승용,남,64세,경상
2017033100100096,2017년 3월 31일 07시,금요일,전라북도 전주시 완산구 삼천동1가,경상사고,0,0,2,0,차대차 - 정면충돌,신호위반,건조,맑음,교차로 - 교차로부근,화물,남,55세,경상,승용,남,25세,경상
2017033100100097,2017년 3월 31일 07시,금요일,전라북도 김제시 검산동,중상사고,0,1,0,0,차대차 - 기타,직진우회전진행방해,젖음/습기,비,교차로 - 교차로안,화물,남,47세,상해없음,원동기,여,74세,중상
2017033100100135,2017년 3월 31일 08시,금요일,전라북도 전주시 완산구 삼천동1가,중상사고,0,1,0,0,차대차 - 측면충돌,직진우회전진행방해,건조,맑음,교차로 - 교차로안,승용,남,51세,상해없음,승합,남,46세,상해없음
2017033100100136,2017년 3월 31일 08시,금요일,전라북도 전주시 덕진구 송천동2가,경상사고,0,0,1,0,차대차 - 측면충돌,신호위반,젖음/습기,비,교차로 - 교차로안,승용,남,57세,상해없음,승용,남,30세,경상
2017033100100137,2017년 3월 31일 08시,금요일,전라북도 익산시 함열읍,경상사고,0,0,1,0,차대차 - 측면충돌,직진우회전진행방해,젖음/습기,흐림,교차로 - 교차로안,화물,남,79세,상해없음,승용,여,53세,경상
2017033100100138,2017년 3월 31일 08시,금요일,전라북도 정읍시 산외면,중상사고,0,1,0,0,차대차 - 측면충돌,신호위반,젖음/습기,비,교차로 - 교차로안,화물,남,60세,상해없음,승용,여,58세,중상
2017033100100139,2017년 3월 31일 08시,금요일,전라북도 부안군 보안면,중상사고,0,1,2,0,차대차 - 측면충돌,교차로운행방법위반,건조,맑음,교차로 - 교차로안,화물,여,63세,상해없음,승용,남,52세,중상
2017033100100184,2017년 3월 31일 09시,금요일,전라북도 전주시 완산구 중노송동,중상사고,0,1,0,0,차대사람 - 횡단중,안전운전불이행,건조,맑음,단일로 - 기타,승용,남,71세,상해없음,보행자,여,73세,중상
2017033100100185,2017년 3월 31일 09시,금요일,전라북도 군산시 금암동,경상사고,0,0,1,0,차대차 - 추돌,안전거리미확보,건조,맑음,교차로 - 교차로부근,화물,남,34세,상해없음,승용,여,62세,경상
2017033100100318,2017년 3월 31일 14시,금요일,전라북도 군산시 대명동,중상사고,0,1,0,0,차대차 - 정면충돌,안전운전불이행,건조,맑음,단일로 - 기타,승용,여,61세,상해없음,자전거,여,53세,중상
2017033100100319,2017년 3월 31일 14시,금요일,전라북도 익산시 덕기동,경상사고,0,0,1,0,차대차 - 추돌,안전운전불이행,건조,맑음,단일로 - 기타,승용,남,53세,상해없음,승용,남,36세,경상
2017033100100320,2017년 3월 31일 14시,금요일,전라북도 고창군 상하면,경상사고,0,0,1,0,차대차 - 측면충돌,직진우회전진행방해,건조,맑음,교차로 - 교차로안,화물,남,60세,상해없음,농기계,남,69세,경상
2017033100100340,2017년 3월 31일 15시,금요일,전라북도 익산시 모현동1가,경상사고,0,0,1,0,차대차 - 추돌,안전운전불이행,건조,맑음,교차로 - 교차로부근,승용,남,51세,상해없음,승용,여,38세,경상
2017033100100341,2017년 3월 31일 15시,금요일,전라북도 익산시 모현동1가,중상사고,0,1,0,0,차대차 - 측면충돌,불법유턴,건조,맑음,교차로 - 교차로부근,승용,남,51세,상해없음,원동기,여,56세,중상
2017033100100378,2017년 3월 31일 16시,금요일,전라북도 군산시 수송동,경상사고,0,0,1,0,차대사람 - 횡단중,보행자보호의무위반,건조,맑음,단일로 - 기타,승용,남,38세,상해없음,보행자,여,11세,경상
2017033100100379,2017년 3월 31일 16시,금요일,전라북도 정읍시 농소동,경상사고,0,0,1,0,차대차 - 추돌,안전운전불이행,건조,맑음,교차로 - 교차로부근,승용,남,65세,상해없음,승용,여,62세,경상
2017033100100380,2017년 3월 31일 16시,금요일,전라북도 정읍시 수성동,경상사고,0,0,1,0,차대차 - 측면충돌,직진우회전진행방해,건조,맑음,교차로 - 교차로안,승용,남,57세,상해없음,승용,여,63세,경상
2017033100100441,2017년 3월 31일 18시,금요일,전라북도 전주시 완산구 중화산동2가,경상사고,0,0,3,0,차대차 - 측면충돌,신호위반,건조,맑음,교차로 - 교차로안,승용,남,19세,상해없음,승용,남,66세,경상
2017033100100442,2017년 3월 31일 18시,금요일,전라북도 전주시 덕진구 인후동1가,경상사고,0,0,4,0,차대차 - 추돌,안전운전불이행,건조,맑음,교차로 - 교차로부근,승용,여,53세,상해없음,승용,남,65세,경상
2017033100100524,2017년 3월 31일 20시,금요일,전라북도 군산시 나운동,경상사고,0,0,4,0,차대차 - 기타,안전운전불이행,건조,맑음,단일로 - 지하차도(도로)내,승용,남,35세,상해없음,승합,남,55세,상해없음
2017033100100525,2017년 3월 31일 20시,금요일,전라북도 군산시 옥산면,중상사고,0,1,0,0,차대차 - 측면충돌,신호위반,건조,맑음,교차로 - 교차로안,승용,남,38세,상해없음,승용,여,53세,중상
2017033100100526,2017년 3월 31일 20시,금요일,전라북도 익산시 금마면,경상사고,0,0,1,0,차대차 - 측면충돌,신호위반,건조,맑음,교차로 - 교차로안,화물,남,48세,상해없음,승용,남,23세,경상
2017033100100560,2017년 3월 31일 21시,금요일,전라북도 익산시 남중동,경상사고,0,0,2,0,차대차 - 추돌,안전거리미확보,건조,맑음,교차로 - 교차로안,승용,남,29세,상해없음,승용,남,21세,경상
2017033100100561,2017년 3월 31일 21시,금요일,전라북도 익산시 어양동,경상사고,0,0,1,0,차대사람 - 횡단중,보행자보호의무위반,건조,맑음,교차로 - 교차로횡단보도내,승용,남,37세,상해없음,보행자,여,43세,경상