사고번호,사고일시,요일,시군구,사고내용,사망자수,중상자수,경상자수,부상신고자수,사고유형,법규위반,노면상태,기상상태,도로형태,가해운전자 차종,가해운전자 성별,가해운전자 연령,가해운전자 상해정도,피해운전자 차종,피해운전자 성별,피해운전자 연령,피해운전자 상해정도
2017041800100245,2017년 4월 18일 12시,화요일,전라북도 전주시 완산구 중인동,경상사고,0,0,1,0,차대차 - 측면충돌,안전운전불이행,건조,맑음,단일로 - 기타,건설기계,남,61세,상해없음,승용,남,40세,경상
2017041800100246,2017년 4월 18일 12시,화요일,전라북도 전주시 덕진구 진북동,중상사고,0,1,0,0,차대사람 - 횡단중,안전운전불이행,건조,맑음,단일로 - 기타,승용,남,63세,상해없음,보행자,남,71세,중상
2017041800100273,2017년 4월 18일 13시,화요일,전라북도 무주군 설천면,중상사고,0,1,5,0,차대차 - 측면충돌,안전운전불이행,건조,맑음,단일로 - 기타,승합,남,49세,상해없음,승용,남,58세,상해없음
2017041800100306,2017년 4월 18일 14시,화요일,전라북도 군산시 조촌동,중상사고,0,1,1,1,차대차 - 기타,직진우회전진행방해,젖음/습기,비,교차로 - 교차로안,승용,여,52세,경상,승용,남,78세,부상신고
2017041800100307,2017년 4월 18일 14시,화요일,전라북도 익산시 낭산면,경상사고,0,0,1,0,차대차 - 기타,직진우회전진행방해,건조,맑음,교차로 - 교차로안,승용,남,57세,상해없음,건설기계,남,45세,상해없음
2017041800100308,2017년 4월 18일 14시,화요일,전라북도 익산시 함라면,중상사고,0,1,0,0,차량단독 - 기타,기타,건조,맑음,교차로 - 교차로부근,승합,남,47세,상해없음,,,,
2017041800100379,2017년 4월 18일 16시,화요일,전라북도 익산시 영등동,경상사고,0,0,1,0,차대사람 - 횡단중,보행자보호의무위반,젖음/습기,비,교차로 - 교차로안,승용,남,59세,상해없음,보행자,남,14세,경상
2017041800100408,2017년 4월 18일 17시,화요일,전라북도 전주시 완산구 중노송동,중상사고,0,1,0,0,차대차 - 측면충돌,안전운전불이행,건조,맑음,교차로 - 교차로안,승용,남,37세,상해없음,이륜,남,21세,중상
2017041800100409,2017년 4월 18일 17시,화요일,전라북도 익산시 오산면,경상사고,0,0,10,0,차대차 - 기타,교차로운행방법위반,건조,맑음,교차로 - 교차로안,화물,남,54세,상해없음,승합,남,39세,경상
2017041800100446,2017년 4월 18일 18시,화요일,전라북도 군산시 개정동,경상사고,0,0,5,0,차대차 - 기타,안전운전불이행,건조,맑음,교차로 - 교차로안,화물,남,41세,상해없음,승용,남,57세,경상
2017041800100447,2017년 4월 18일 18시,화요일,전라북도 익산시 영등동,경상사고,0,0,1,0,차대차 - 측면충돌,안전운전불이행,건조,맑음,교차로 - 교차로안,승용,여,59세,상해없음,승용,남,65세,상해없음
2017041800100448,2017년 4월 18일 18시,화요일,전라북도 익산시 신흥동,경상사고,0,0,1,0,차대차 - 기타,중앙선침범,건조,맑음,교차로 - 교차로부근,화물,남,51세,상해없음,자전거,남,22세,경상
2017041800100498,2017년 4월 18일 19시,화요일,전라북도 익산시 어양동,경상사고,0,0,1,0,차대차 - 기타,안전운전불이행,건조,맑음,교차로 - 교차로안,승용,남,54세,상해없음,승용,남,37세,경상
2017041800100499,2017년 4월 18일 19시,화요일,전라북도 순창군 순창읍,경상사고,0,0,1,0,차대사람 - 횡단중,안전운전불이행,건조,맑음,단일로 - 기타,승용,여,30세,상해없음,보행자,남,3세,경상
2017041800100559,2017년 4월 18일 21시,화요일,전라북도 군산시 나운동,경상사고,0,0,1,0,차대차 - 기타,안전운전불이행,건조,맑음,단일로 - 기타,승용,남,60세,기타불명,이륜,남,20세,경상
2017041800100560,2017년 4월 18일 21시,화요일,전라북도 임실군 임실읍,경상사고,0,0,1,0,차대차 - 측면충돌,신호위반,건조,흐림,교차로 - 교차로안,승용,남,53세,상해없음,승용,남,48세,상해없음
2017041800100586,2017년 4월 18일 22시,화요일,전라북도 전주시 완산구 고사동,경상사고,0,0,1,0,차대사람 - 횡단중,안전운전불이행,건조,맑음,단일로 - 기타,승용,남,29세,상해없음,보행자,남,15세,경상
2017041800100604,2017년 4월 18일 23시,화요일,전라북도 전주시 덕진구 인후동1가,경상사고,0,0,1,0,차대차 - 측면충돌,안전운전불이행,건조,맑음,단일로 - 기타,화물,남,28세,기타불명,승용,남,43세,경상
2017041900100031,2017년 4월 19일 00시,수요일,전라북도 전주시 완산구 평화동1가,경상사고,0,0,1,0,차대차 - 추돌,안전거리미확보,건조,맑음,단일로 - 기타,승용,남,24세,상해없음,승합,남,64세,상해없음
2017041900100142,2017년 4월 19일 08시,수요일,전라북도 군산시 내흥동,경상사고,0,0,2,0,차대차 - 측면충돌,신호위반,건조,맑음,교차로 - 교차로안,승용,남,41세,경상,승용,남,55세,경상
2017041900100143,2017년 4월 19일 08시,수요일,전라북도 군산시 오식도동,경상사고,0,0,1,0,차대차 - 측면충돌,안전운전불이행,건조,흐림,단일로 - 기타,승용,남,48세,상해없음,승용,여,38세,경상
2017041900100144,2017년 4월 19일 08시,수요일,전라북도 정읍시 연지동,경상사고,0,0,1,0,차대차 - 측면충돌,불법유턴,건조,맑음,단일로 - 기타,자전거,남,70세,경상,승용,여,42세,상해없음
2017041900100145,2017년 4월 19일 08시,수요일,전라북도 남원시 왕정동,경상사고,0,0,1,0,차대차 - 추돌,안전운전불이행,건조,맑음,교차로 - 교차로부근,승용,남,28세,상해없음,화물,남,45세,경상
2017041900100192,2017년 4월 19일 09시,수요일,전라북도 남원시 도통동,경상사고,0,0,1,0,차대차 - 측면충돌,교차로운행방법위반,건조,맑음,교차로 - 교차로안,승용,여,34세,상해없음,자전거,여,28세,경상
2017041900100193,2017년 4월 19일 09시,수요일,전라북도 장수군 계남면,부상신고사고,0,0,0,1,차대차 - 측면충돌,교차로운행방법위반,건조,맑음,교차로 - 교차로안,원동기,남,68세,부상신고,승용,남,36세,상해없음
2017041900100255,2017년 4월 19일 11시,수요일,전라북도 익산시 왕궁면,중상사고,0,1,0,0,차대차 - 추돌,안전운전불이행,건조,맑음,단일로 - 기타,화물,남,53세,기타불명,승용,여,65세,중상
2017041900100256,2017년 4월 19일 11시,수요일,전라북도 김제시 금산면,중상사고,0,1,2,0,차대차 - 측면충돌,직진우회전진행방해,건조,맑음,교차로 - 교차로안,이륜,남,73세,중상,승합,남,55세,경상
2017041900100285,2017년 4월 19일 12시,수요일,전라북도 익산시 어양동,중상사고,0,1,0,0,차대차 - 측면충돌,안전운전불이행,건조,맑음,단일로 - 기타,승용,남,22세,상해없음,이륜,남,56세,중상
2017041900100343,2017년 4월 19일 14시,수요일,전라북도 전주시 완산구 고사동,경상사고,0,0,1,0,차대차 - 측면충돌,불법유턴,건조,맑음,단일로 - 기타,승용,여,32세,상해없음,원동기,남,24세,경상
2017041900100344,2017년 4월 19일 14시,수요일,전라북도 군산시 수송동,중상사고,0,1,0,0,차대차 - 추돌,안전운전불이행,건조,맑음,단일로 - 기타,승용,남,58세,상해없음,이륜,남,37세,중상
2017041900100345,2017년 4월 19일 14시,수요일,전라북도 군산시 사정동,경상사고,0,0,4,0,차대차 - 추돌,안전운전불이행,건조,맑음,단일로 - 기타,승용,남,50세,상해없음,승용,여,45세,경상
2017041900100346,2017년 4월 19일 14시,수요일,전라북도 군산시 나운동,경상사고,0,0,1,0,차대차 - 측면충돌,중앙선침범,건조,맑음,단일로 - 기타,화물,남,65세,상해없음,승용,남,58세,경상
2017041900100347,2017년 4월 19일 14시,수요일,전라북도 김제시 요촌동,경상사고,0,0,1,0,차대차 - 측면충돌,직진우회전진행방해,건조,맑음,교차로 - 교차로안,승용,여,56세,상해없음,이륜,남,54세,경상
2017041900100383,2017년 4월 19일 15시,수요일,전라북도 전주시 덕진구 호성동2가,경상사고,0,0,2,0,차대차 - 측면충돌,신호위반,건조,맑음,교차로 - 교차로안,승용,남,55세,상해없음,승합,남,47세,경상
2017041900100384,2017년 4월 19일 15시,수요일,전라북도 군산시 오룡동,경상사고,0,0,1,0,차대차 - 추돌,안전운전불이행,건조,맑음,단일로 - 기타,화물,남,18세,상해없음,자전거,남,12세,경상
2017041900100385,2017년 4월 19일 15시,수요일,전라북도 익산시 모현동2가,경상사고,0,0,1,0,차대차 - 측면충돌,안전운전불이행,건조,맑음,단일로 - 기타,승용,여,40세,상해없음,자전거,남,64세,경상
2017041900100421,2017년 4월 19일 16시,수요일,전라북도 남원시 운봉읍,경상사고,0,0,1,0,차대차 - 측면충돌,중앙선침범,건조,맑음,단일로 - 기타,화물,남,68세,상해없음,승용,여,56세,경상
2017041900100460,2017년 4월 19일 17시,수요일,전라북도 전주시 완산구 서신동,중상사고,0,1,0,0,차대사람 - 횡단중,안전운전불이행,건조,맑음,단일로 - 기타,승용,여,33세,상해없음,보행자,여,15세,중상
2017041900100461,2017년 4월 19일 17시,수요일,전라북도 전주시 덕진구 인후동1가,경상사고,0,0,2,0,차대차 - 측면충돌,안전운전불이행,건조,맑음,교차로 - 교차로안,승용,남,49세,상해없음,승용,여,37세,경상
2017041900100462,2017년 4월 19일 17시,수요일,전라북도 김제시 금구면,중상사고,0,1,2,0,차대차 - 추돌,안전운전불이행,건조,맑음,단일로 - 기타,화물,남,36세,상해없음,화물,남,50세,경상
2017041900100505,2017년 4월 19일 18시,수요일,전라북도 익산시 모현동2가,경상사고,0,0,1,0,차대차 - 측면충돌,안전운전불이행,건조,맑음,교차로 - 교차로안,승용,여,57세,경상,승용,남,27세,상해없음
2017041900100575,2017년 4월 19일 20시,수요일,전라북도 군산시 나운동,경상사고,0,0,4,0,차대차 - 추돌,안전운전불이행,건조,맑음,단일로 - 기타,화물,남,41세,기타불명,승용,여,52세,경상
2017041900100606,2017년 4월 19일 21시,수요일,전라북도 전주시 덕진구 송천동2가,경상사고,0,0,3,0,차대차 - 추돌,안전운전불이행,건조,맑음,교차로 - 교차로부근,승용,남,47세,상해없음,승용,남,34세,경상
2017041900100607,2017년 4월 19일 21시,수요일,전라북도 익산시 동산동,중상사고,0,1,0,0,차대사람 - 횡단중,과속,건조,맑음,교차로 - 교차로부근,승용,여,58세,상해없음,보행자,남,43세,중상
2017041900100642,2017년 4월 19일 22시,수요일,전라북도 전주시 완산구 효자동1가,중상사고,0,1,0,0,차대사람 - 횡단중,신호위반,건조,맑음,단일로 - 기타,승용,남,28세,상해없음,보행자,남,18세,중상
2017041900100643,2017년 4월 19일 22시,수요일,전라북도 군산시 나운동,경상사고,0,0,1,0,차대사람 - 횡단중,안전운전불이행,건조,맑음,단일로 - 기타,승용,남,24세,상해없음,보행자,여,28세,경상
2017041900100659,2017년 4월 19일 23시,수요일,전라북도 익산시 함열읍,경상사고,0,0,2,0,차대차 - 추돌,안전운전불이행,건조,맑음,단일로 - 기타,승용,남,48세,기타불명,승용,남,21세,경상
2017042000100022,2017년 4월 20일 00시,목요일,전라북도 군산시 나운동,경상사고,0,0,1,0,차대차 - 추돌,안전운전불이행,건조,맑음,교차로 - 교차로부근,승용,남,37세,상해없음,승용,남,62세,경상
2017042000100023,2017년 4월 20일 00시,목요일,전라북도 김제시 용지면,사망사고,1,0,1,0,차대사람 - 횡단중,과속,건조,맑음,교차로 - 교차로부근,승용,남,31세,상해없음,보행자,남,56세,사망
2017042000100024,2017년 4월 20일 00시,목요일,전라북도 남원시 하정동,경상사고,0,0,3,0,차대차 - 측면충돌,직진우회전진행방해,건조,맑음,교차로 - 교차로안,화물,남,53세,상해없음,승용,남,43세,경상
2017042000100039,2017년 4월 20일 01시,목요일,전라북도 전주시 덕진구 호성동2가,경상사고,0,0,1,0,차대차 - 추돌,안전거리미확보,건조,맑음,단일로 - 기타,승용,남,63세,상해없음,승용,여,60세,경상
2017042000100046,2017년 4월 20일 02시,목요일,전라북도 완주군 용진읍,사망사고,1,0,1,0,차대차 - 측면충돌,중앙선침범,건조,맑음,교차로 - 교차로안,승용,남,55세,사망,승합,남,47세,경상
2017042000100119,2017년 4월 20일 08시,목요일,전라북도 정읍시 수성동,경상사고,0,0,2,0,차대차 - 정면충돌,신호위반,건조,맑음,교차로 - 교차로안,승용,여,28세,경상,승합,남,47세,경상
2017042000100174,2017년 4월 20일 10시,목요일,전라북도 전주시 덕진구 진북동,경상사고,0,0,1,0,차대사람 - 횡단중,안전운전불이행,건조,흐림,단일로 - 기타,승용,남,57세,상해없음,보행자,남,52세,경상
2017042000100218,2017년 4월 20일 12시,목요일,전라북도 김제시 부량면,경상사고,0,0,1,0,차대차 - 측면충돌,안전운전불이행,건조,맑음,단일로 - 기타,화물,남,53세,상해없음,승용,여,36세,경상
2017042000100242,2017년 4월 20일 13시,목요일,전라북도 전주시 덕진구 금암동,중상사고,0,1,0,0,차대차 - 측면충돌,신호위반,젖음/습기,비,교차로 - 교차로안,승용,남,63세,상해없음,이륜,남,71세,중상
2017042000100266,2017년 4월 20일 14시,목요일,전라북도 전주시 덕진구 인후동1가,경상사고,0,0,1,0,차대차 - 추돌,안전운전불이행,건조,맑음,교차로 - 교차로부근,승용,남,59세,상해없음,승용,남,52세,경상
2017042000100293,2017년 4월 20일 15시,목요일,전라북도 고창군 고수면,경상사고,0,0,5,0,차대차 - 측면충돌,안전거리미확보,젖음/습기,비,단일로 - 기타,승용,남,60세,상해없음,승용,여,55세,경상
2017042000100294,2017년 4월 20일 15시,목요일,전라북도 부안군 부안읍,중상사고,0,1,0,0,차대사람 - 기타,신호위반,젖음/습기,비,교차로 - 교차로안,승용,남,70세,상해없음,보행자,여,61세,중상
2017042000100295,2017년 4월 20일 15시,목요일,전라북도 임실군 오수면,경상사고,0,0,1,0,차대차 - 측면충돌,교차로운행방법위반,건조,맑음,교차로 - 교차로안,건설기계,남,54세,상해없음,승용,여,49세,경상
2017042000100353,2017년 4월 20일 17시,목요일,전라북도 익산시 남중동,경상사고,0,0,1,0,차대사람 - 횡단중,보행자보호의무위반,건조,맑음,교차로 - 교차로횡단보도내,승용,여,43세,상해없음,보행자,남,69세,경상
2017042000100421,2017년 4월 20일 19시,목요일,전라북도 부안군 부안읍,경상사고,0,0,1,0,차량단독 - 전도전복 - 전도,안전운전불이행,젖음/습기,비,단일로 - 기타,이륜,남,42세,경상,,,,
2017042000100456,2017년 4월 20일 20시,목요일,전라북도 전주시 완산구 서신동,중상사고,0,1,0,0,차대사람 - 횡단중,보행자보호의무위반,건조,맑음,단일로 - 기타,승용,남,32세,상해없음,보행자,남,29세,중상
2017042000100484,2017년 4월 20일 21시,목요일,전라북도 익산시 영등동,경상사고,0,0,3,0,차대차 - 측면충돌,안전거리미확보,건조,맑음,단일로 - 기타,승용,여,24세,상해없음,승용,남,56세,경상
2017042000100485,2017년 4월 20일 21시,목요일,전라북도 익산시 신흥동,경상사고,0,0,3,0,차대차 - 측면충돌,안전운전불이행,건조,맑음,단일로 - 기타,승용,여,42세,상해없음,승용,여,54세,경상
2017042000100510,2017년 4월 20일 22시,목요일,전라북도 전주시 덕진구 덕진동1가,경상사고,0,0,1,0,차대차 - 기타,안전운전불이행,건조,맑음,단일로 - 기타,기타불명,기타불명,미분류,기타불명,승용,여,48세,경상
2017042100100076,2017년 4월 21일 06시,금요일,전라북도 정읍시 장명동,경상사고,0,0,1,0,차대차 - 기타,신호위반,건조,맑음,교차로 - 교차로안,승용,남,61세,상해없음,자전거,남,42세,경상
2017042100100137,2017년 4월 21일 08시,금요일,전라북도 정읍시 연지동,경상사고,0,0,2,0,차대차 - 측면충돌,신호위반,건조,맑음,교차로 - 교차로안,승용,남,59세,상해없음,승용,여,29세,경상
2017042100100138,2017년 4월 21일 08시,금요일,전라북도 정읍시 입암면,중상사고,0,1,0,0,차대차 - 측면충돌,기타,건조,맑음,교차로 - 교차로안,승용,남,73세,상해없음,이륜,남,76세,중상
2017042100100139,2017년 4월 21일 08시,금요일,전라북도 김제시 갈공동,경상사고,0,0,2,0,차대차 - 추돌,안전운전불이행,건조,맑음,단일로 - 기타,승합,남,46세,상해없음,승용,남,35세,경상
2017042100100216,2017년 4월 21일 10시,금요일,전라북도 완주군 삼례읍,중상사고,0,1,0,0,차대차 - 정면충돌,신호위반,건조,맑음,교차로 - 교차로안,승용,여,38세,상해없음,승용,남,62세,중상
2017042100100248,2017년 4월 21일 11시,금요일,전라북도 전주시 완산구 태평동,중상사고,0,1,0,0,차대사람 - 횡단중,안전운전불이행,건조,맑음,단일로 - 기타,승용,여,59세,상해없음,보행자,여,86세,중상
2017042100100249,2017년 4월 21일 11시,금요일,전라북도 전주시 덕진구 팔복동2가,중상사고,0,1,0,0,차대차 - 측면충돌,안전운전불이행,건조,맑음,교차로 - 교차로안,승합,남,55세,상해없음,승용,남,56세,상해없음
2017042100100250,2017년 4월 21일 11시,금요일,전라북도 익산시 남중동,경상사고,0,0,2,0,차대차 - 측면충돌,중앙선침범,건조,맑음,교차로 - 교차로부근,승용,남,53세,상해없음,승용,남,69세,경상
2017042100100251,2017년 4월 21일 11시,금요일,전라북도 부안군 동진면,사망사고,1,1,1,0,차대차 - 측면충돌,직진우회전진행방해,건조,맑음,교차로 - 교차로안,농기계,남,78세,중상,화물,남,66세,경상
2017042100100278,2017년 4월 21일 12시,금요일,전라북도 정읍시 북면,경상사고,0,0,1,0,차량단독 - 전도전복 - 전도,안전운전불이행,건조,맑음,단일로 - 기타,원동기,남,78세,경상,,,,
2017042100100279,2017년 4월 21일 12시,금요일,전라북도 임실군 관촌면,경상사고,0,0,2,0,차대차 - 측면충돌,교차로운행방법위반,건조,맑음,교차로 - 교차로안,승용,남,72세,상해없음,승용,남,70세,경상
2017042100100280,2017년 4월 21일 12시,금요일,전라북도 진안군 진안읍,경상사고,0,0,2,0,차대차 - 측면충돌,기타,건조,맑음,단일로 - 기타,승용,남,54세,상해없음,이륜,남,61세,경상
2017042100100305,2017년 4월 21일 13시,금요일,전라북도 정읍시 하북동,중상사고,0,1,0,0,차대차 - 정면충돌,신호위반,건조,맑음,교차로 - 교차로안,화물,남,46세,상해없음,화물,남,38세,중상
2017042100100306,2017년 4월 21일 13시,금요일,전라북도 고창군 아산면,중상사고,0,1,1,0,차대차 - 정면충돌,중앙선침범,건조,맑음,단일로 - 기타,화물,남,57세,상해없음,승용,남,68세,경상
2017042100100407,2017년 4월 21일 16시,금요일,전라북도 완주군 봉동읍,중상사고,0,1,0,0,차대차 - 추돌,안전운전불이행,건조,맑음,단일로 - 기타,승용,남,43세,상해없음,승용,여,32세,중상
2017042100100442,2017년 4월 21일 17시,금요일,전라북도 부안군 부안읍,경상사고,0,0,1,0,차량단독 - 전도전복 - 전도,안전운전불이행,건조,맑음,단일로 - 기타,승합,남,65세,경상,,,,
2017042100100481,2017년 4월 21일 18시,금요일,전라북도 군산시 수송동,경상사고,0,0,4,0,차대차 - 측면충돌,안전운전불이행,건조,맑음,교차로 - 교차로부근,승용,남,74세,상해없음,승용,여,40세,경상
2017042100100482,2017년 4월 21일 18시,금요일,전라북도 익산시 영등동,중상사고,0,1,0,0,차대차 - 측면충돌,안전운전불이행,건조,맑음,교차로 - 교차로안,승용,남,36세,상해없음,원동기,남,30세,중상
2017042100100483,2017년 4월 21일 18시,금요일,전라북도 남원시 송동면,중상사고,0,1,0,0,차대차 - 측면충돌,신호위반,건조,맑음,교차로 - 교차로안,승용,여,27세,상해없음,이륜,여,63세,중상
2017042100100514,2017년 4월 21일 19시,금요일,전라북도 정읍시 연지동,경상사고,0,0,2,0,차대차 - 측면충돌,직진우회전진행방해,건조,맑음,교차로 - 교차로안,승용,여,62세,경상,승용,여,53세,경상
2017042100100553,2017년 4월 21일 20시,금요일,전라북도 익산시 함라면,사망사고,1,0,0,0,차대사람 - 차도통행중,안전운전불이행,건조,맑음,교차로 - 교차로부근,승용,남,39세,상해없음,보행자,남,55세,사망
2017042100100576,2017년 4월 21일 21시,금요일,전라북도 전주시 덕진구 덕진동2가,경상사고,0,0,1,0,차대차 - 측면충돌,안전운전불이행,건조,맑음,교차로 - 교차로부근,승용,남,41세,상해없음,승용,남,32세,경상
2017042100100577,2017년 4월 21일 21시,금요일,전라북도 군산시 미룡동,경상사고,0,0,2,0,차대차 - 추돌,안전운전불이행,건조,맑음,단일로 - 기타,승용,남,55세,상해없음,승용,여,40세,경상
2017042100100578,2017년 4월 21일 21시,금요일,전라북도 정읍시 공평동,경상사고,0,0,1,0,차대차 - 추돌,안전거리미확보,건조,맑음,교차로 - 교차로안,화물,남,46세,상해없음,승용,남,50세,경상
2017042100100633,2017년 4월 21일 23시,금요일,전라북도 완주군 봉동읍,경상사고,0,0,1,0,차대차 - 추돌,안전운전불이행,건조,맑음,단일로 - 기타,승용,여,30세,상해없음,승용,여,43세,경상
2017042200100059,2017년 4월 22일 02시,토요일,전라북도 전주시 덕진구 우아동3가,경상사고,0,0,1,0,차대사람 - 기타,안전운전불이행,건조,맑음,단일로 - 기타,승합,남,27세,상해없음,보행자,여,48세,경상
2017042200100094,2017년 4월 22일 05시,토요일,전라북도 군산시 나운동,중상사고,0,1,0,0,차대차 - 추돌,안전운전불이행,젖음/습기,안개,단일로 - 기타,승용,남,68세,상해없음,자전거,남,78세,중상
2017042200100138,2017년 4월 22일 08시,토요일,전라북도 정읍시 시기동,경상사고,0,0,3,0,차대차 - 측면충돌,신호위반,기타,안개,교차로 - 교차로안,승용,여,40세,상해없음,승용,남,45세,경상
2017042200100160,2017년 4월 22일 09시,토요일,전라북도 군산시 사정동,경상사고,0,0,1,0,차대사람 - 기타,불법유턴,건조,맑음,교차로 - 교차로안,승용,여,46세,상해없음,보행자,여,66세,경상
2017042200100188,2017년 4월 22일 10시,토요일,전라북도 익산시 어양동,경상사고,0,0,1,0,차대차 - 측면충돌,신호위반,건조,맑음,교차로 - 교차로부근,화물,남,57세,상해없음,승용,남,36세,경상
2017042200100189,2017년 4월 22일 10시,토요일,전라북도 완주군 이서면,중상사고,0,1,0,0,차대차 - 추돌,안전운전불이행,건조,맑음,교차로 - 교차로부근,화물,남,57세,상해없음,원동기,남,82세,중상
2017042200100230,2017년 4월 22일 11시,토요일,전라북도 정읍시 연지동,경상사고,0,0,1,0,차대사람 - 횡단중,안전운전불이행,건조,맑음,단일로 - 기타,승용,남,55세,상해없음,보행자,여,61세,경상
2017042200100261,2017년 4월 22일 12시,토요일,전라북도 전주시 완산구 평화동2가,경상사고,0,0,1,0,차대사람 - 횡단중,안전운전불이행,건조,맑음,단일로 - 기타,승용,여,51세,상해없음,보행자,여,85세,경상
2017042200100262,2017년 4월 22일 12시,토요일,전라북도 익산시 석암동,경상사고,0,0,1,0,차대사람 - 기타,안전운전불이행,건조,맑음,단일로 - 기타,승용,남,66세,상해없음,보행자,여,75세,경상
2017042200100371,2017년 4월 22일 15시,토요일,전라북도 군산시 옥도면,중상사고,0,1,1,0,차대사람 - 횡단중,안전운전불이행,건조,맑음,단일로 - 기타,사륜오토바이(ATV),여,47세,상해없음,보행자,여,41세,경상
2017042200100438,2017년 4월 22일 17시,토요일,전라북도 정읍시 이평면,중상사고,0,3,0,0,차량단독 - 공작물충돌,안전운전불이행,건조,맑음,단일로 - 기타,화물,남,79세,중상,,,,
2017042200100498,2017년 4월 22일 19시,토요일,전라북도 전주시 완산구 평화동2가,중상사고,0,2,0,0,차대사람 - 횡단중,신호위반,건조,맑음,교차로 - 교차로안,승용,남,44세,상해없음,보행자,남,48세,중상
2017042200100499,2017년 4월 22일 19시,토요일,전라북도 익산시 목천동,경상사고,0,0,1,0,차대사람 - 차도통행중,안전운전불이행,건조,맑음,단일로 - 기타,화물,여,41세,상해없음,보행자,여,63세,경상
2017042200100500,2017년 4월 22일 19시,토요일,전라북도 고창군 고창읍,경상사고,0,0,1,0,차량단독 - 전도전복 - 전도,안전운전불이행,건조,맑음,단일로 - 기타,원동기,남,75세,경상,,,,
2017042200100568,2017년 4월 22일 21시,토요일,전라북도 전주시 덕진구 인후동1가,경상사고,0,0,1,0,차대차 - 측면충돌,신호위반,건조,맑음,교차로 - 교차로안,원동기,남,18세,상해없음,승용,남,27세,경상
2017042300100075,2017년 4월 23일 04시,일요일,전라북도 익산시 갈산동,경상사고,0,0,1,0,차대사람 - 기타,안전운전불이행,건조,맑음,단일로 - 기타,승용,남,51세,상해없음,보행자,남,30세,경상
2017042300100158,2017년 4월 23일 10시,일요일,전라북도 군산시 송풍동,중상사고,0,1,0,0,차대사람 - 기타,안전운전불이행,건조,맑음,단일로 - 기타,기타불명,기타불명,미분류,기타불명,보행자,여,59세,중상
2017042300100180,2017년 4월 23일 11시,일요일,전라북도 익산시 어양동,경상사고,0,0,1,0,차대차 - 측면충돌,안전거리미확보,건조,맑음,교차로 - 교차로안,승용,남,36세,상해없음,승용,남,25세,경상
2017042300100236,2017년 4월 23일 13시,일요일,전라북도 전주시 완산구 평화동2가,경상사고,0,0,1,0,차대사람 - 횡단중,안전거리미확보,건조,맑음,교차로 - 교차로안,승용,여,40세,상해없음,보행자,여,58세,경상
2017042300100237,2017년 4월 23일 13시,일요일,전라북도 익산시 남중동,경상사고,0,0,1,0,차대차 - 기타,차로위반,건조,맑음,교차로 - 교차로부근,승용,여,68세,상해없음,이륜,남,27세,경상
2017042300100238,2017년 4월 23일 13시,일요일,전라북도 부안군 보안면,중상사고,0,4,3,0,차대차 - 정면충돌,중앙선침범,건조,맑음,단일로 - 기타,승용,남,58세,중상,승용,남,54세,경상
2017042300100265,2017년 4월 23일 14시,일요일,전라북도 완주군 구이면,경상사고,0,0,1,0,차대차 - 후진중충돌,안전운전불이행,건조,맑음,단일로 - 기타,화물,남,50세,상해없음,자전거,남,44세,경상
2017042300100309,2017년 4월 23일 15시,일요일,전라북도 전주시 완산구 삼천동1가,경상사고,0,0,1,0,차대차 - 추돌,안전운전불이행,건조,맑음,교차로 - 교차로안,승용,남,49세,상해없음,승용,남,47세,경상
2017042300100310,2017년 4월 23일 15시,일요일,전라북도 전주시 완산구 서신동,경상사고,0,0,2,0,차대차 - 측면충돌,교차로운행방법위반,건조,맑음,교차로 - 교차로안,승용,여,38세,상해없음,승용,남,65세,경상
2017042300100311,2017년 4월 23일 15시,일요일,전라북도 전주시 덕진구 인후동2가,경상사고,0,0,1,0,차대사람 - 횡단중,안전운전불이행,건조,맑음,교차로 - 교차로안,화물,여,60세,상해없음,보행자,여,17세,경상
2017042300100312,2017년 4월 23일 15시,일요일,전라북도 부안군 변산면,중상사고,0,1,0,0,차대사람 - 횡단중,안전운전불이행,건조,맑음,단일로 - 기타,승용,남,35세,상해없음,보행자,남,6세,중상
2017042300100345,2017년 4월 23일 16시,일요일,전라북도 전주시 완산구 중화산동2가,경상사고,0,0,2,0,차대차 - 측면충돌,안전거리미확보,건조,맑음,교차로 - 교차로안,승용,남,53세,상해없음,승용,남,21세,상해없음
2017042300100418,2017년 4월 23일 18시,일요일,전라북도 전주시 덕진구 송천동1가,경상사고,0,0,2,0,차대차 - 측면충돌,신호위반,건조,맑음,교차로 - 교차로안,승용,여,23세,상해없음,승용,여,43세,경상
2017042300100419,2017년 4월 23일 18시,일요일,전라북도 부안군 부안읍,경상사고,0,0,3,0,차대차 - 추돌,안전운전불이행,건조,맑음,교차로 - 교차로부근,승용,여,35세,경상,승용,여,46세,경상
2017042300100420,2017년 4월 23일 18시,일요일,전라북도 임실군 관촌면,경상사고,0,0,1,0,차대차 - 측면충돌,안전운전불이행,건조,맑음,교차로 - 교차로안,이륜,남,67세,경상,승용,남,75세,상해없음
2017042300100537,2017년 4월 23일 23시,일요일,전라북도 전주시 완산구 색장동,중상사고,0,1,0,0,차대사람 - 기타,안전운전불이행,건조,맑음,단일로 - 기타,승용,남,21세,상해없음,보행자,남,81세,중상