사고번호,사고일시,요일,시군구,사고내용,사망자수,중상자수,경상자수,부상신고자수,사고유형,법규위반,노면상태,기상상태,도로형태,가해운전자 차종,가해운전자 성별,가해운전자 연령,가해운전자 상해정도,피해운전자 차종,피해운전자 성별,피해운전자 연령,피해운전자 상해정도
2017042900100226,2017년 4월 29일 10시,토요일,전라북도 김제시 요촌동,중상사고,0,1,0,0,차대사람 - 횡단중,안전운전불이행,건조,맑음,단일로 - 기타,화물,남,47세,상해없음,보행자,남,5세,중상
2017042900100249,2017년 4월 29일 11시,토요일,전라북도 전주시 완산구 효자동3가,경상사고,0,0,1,0,차대차 - 측면충돌,신호위반,건조,맑음,교차로 - 교차로안,승용,여,58세,상해없음,승용,남,28세,경상
2017042900100250,2017년 4월 29일 11시,토요일,전라북도 전주시 완산구 효자동3가,중상사고,0,2,0,0,차대차 - 기타,교차로운행방법위반,건조,맑음,교차로 - 교차로안,승용,남,54세,상해없음,승용,여,33세,중상
2017042900100251,2017년 4월 29일 11시,토요일,전라북도 군산시 임피면,경상사고,0,0,1,0,차대사람 - 기타,안전운전불이행,건조,맑음,단일로 - 기타,특수,남,29세,상해없음,보행자,여,69세,경상
2017042900100252,2017년 4월 29일 11시,토요일,전라북도 익산시 마동,중상사고,0,1,1,0,차대차 - 측면충돌,신호위반,건조,맑음,교차로 - 교차로부근,승용,남,80세,중상,화물,남,53세,경상
2017042900100253,2017년 4월 29일 11시,토요일,전라북도 부안군 부안읍,경상사고,0,0,1,0,차대차 - 측면충돌,안전운전불이행,건조,맑음,교차로 - 교차로안,승용,여,25세,상해없음,이륜,남,66세,경상
2017042900100332,2017년 4월 29일 13시,토요일,전라북도 전주시 완산구 중화산동2가,중상사고,0,1,0,0,차대사람 - 횡단중,보행자보호의무위반,건조,맑음,단일로 - 기타,승용,여,28세,상해없음,보행자,남,8세,중상
2017042900100333,2017년 4월 29일 13시,토요일,전라북도 김제시 백산면,경상사고,0,0,2,0,차대차 - 측면충돌,안전운전불이행,건조,맑음,단일로 - 기타,승용,남,57세,상해없음,승용,여,31세,경상
2017042900100367,2017년 4월 29일 14시,토요일,전라북도 전주시 완산구 평화동1가,경상사고,0,0,1,0,차대차 - 기타,직진우회전진행방해,건조,맑음,교차로 - 교차로안,승용,남,56세,상해없음,이륜,남,36세,경상
2017042900100368,2017년 4월 29일 14시,토요일,전라북도 전주시 완산구 효자동3가,경상사고,0,0,2,0,차대차 - 추돌,안전운전불이행,건조,맑음,단일로 - 기타,승용,남,57세,상해없음,승용,남,45세,경상
2017042900100405,2017년 4월 29일 15시,토요일,전라북도 전주시 완산구 서신동,경상사고,0,0,5,0,차대차 - 추돌,안전운전불이행,건조,맑음,교차로 - 교차로안,승용,남,61세,상해없음,승용,남,44세,경상
2017042900100406,2017년 4월 29일 15시,토요일,전라북도 전주시 완산구 교동,중상사고,0,1,0,0,차대차 - 측면충돌,신호위반,건조,맑음,단일로 - 기타,승용,여,45세,상해없음,이륜,남,75세,중상
2017042900100450,2017년 4월 29일 16시,토요일,전라북도 부안군 행안면,경상사고,0,0,2,0,차대사람 - 기타,안전운전불이행,건조,맑음,단일로 - 기타,사륜오토바이(ATV),남,70세,경상,보행자,여,58세,경상
2017042900100495,2017년 4월 29일 17시,토요일,전라북도 전주시 완산구 평화동1가,경상사고,0,0,1,0,차대사람 - 횡단중,보행자보호의무위반,건조,맑음,단일로 - 기타,승용,여,41세,상해없음,보행자,여,2세,경상
2017042900100500,2017년 4월 29일 17시,토요일,전라북도 정읍시 태인면,경상사고,0,0,1,0,차대차 - 기타,안전운전불이행,건조,맑음,단일로 - 기타,승용,남,81세,상해없음,승용,남,44세,경상
2017042900100544,2017년 4월 29일 18시,토요일,전라북도 익산시 함열읍,중상사고,0,1,1,0,차대차 - 추돌,안전운전불이행,건조,맑음,단일로 - 기타,승용,남,66세,상해없음,승용,여,58세,경상
2017042900100571,2017년 4월 29일 19시,토요일,전라북도 전주시 완산구 중화산동2가,사망사고,1,0,0,0,차대차 - 정면충돌,안전운전불이행,건조,맑음,교차로 - 교차로부근,화물,남,21세,상해없음,자전거,남,78세,사망
2017042900100572,2017년 4월 29일 19시,토요일,전라북도 남원시 도통동,중상사고,0,1,0,0,차대사람 - 횡단중,보행자보호의무위반,건조,맑음,교차로 - 교차로안,원동기,남,25세,상해없음,보행자,여,34세,중상
2017042900100636,2017년 4월 29일 21시,토요일,전라북도 전주시 완산구 서노송동,중상사고,0,1,2,0,차량단독 - 전도전복,안전운전불이행,건조,맑음,단일로 - 기타,이륜,남,30세,중상,미분류,미분류,미분류,미분류
2017042900100686,2017년 4월 29일 23시,토요일,전라북도 익산시 남중동,중상사고,0,1,2,0,차대차 - 측면충돌,신호위반,건조,맑음,교차로 - 교차로안,승용,여,28세,상해없음,승합,남,60세,경상
2017043000100026,2017년 4월 30일 00시,일요일,전라북도 남원시 대산면,중상사고,0,1,2,0,차대차 - 측면충돌,안전운전불이행,건조,맑음,단일로 - 기타,승용,남,45세,중상,승용,여,58세,상해없음
2017043000100040,2017년 4월 30일 01시,일요일,전라북도 전주시 덕진구 인후동2가,중상사고,0,1,1,0,차대차 - 측면충돌,신호위반,건조,맑음,교차로 - 교차로안,승용,남,23세,상해없음,승용,남,67세,경상
2017043000100107,2017년 4월 30일 08시,일요일,전라북도 정읍시 정우면,사망사고,1,1,2,0,차대차 - 정면충돌,중앙선침범,건조,맑음,기타 - 기타,승용,남,82세,사망,승용,남,46세,경상
2017043000100123,2017년 4월 30일 09시,일요일,전라북도 전주시 덕진구 송천동1가,중상사고,0,1,0,0,차대사람 - 기타,기타,건조,맑음,단일로 - 기타,승용,남,46세,상해없음,보행자,남,4세,중상
2017043000100124,2017년 4월 30일 09시,일요일,전라북도 군산시 대명동,부상신고사고,0,0,0,1,차대사람 - 횡단중,안전운전불이행,건조,맑음,단일로 - 기타,원동기,여,61세,상해없음,보행자,여,29세,부상신고
2017043000100146,2017년 4월 30일 10시,일요일,전라북도 전주시 완산구 서서학동,중상사고,0,1,0,0,차대차 - 측면충돌,안전거리미확보,건조,맑음,교차로 - 교차로부근,승용,여,26세,상해없음,승용,남,64세,중상
2017043000100147,2017년 4월 30일 10시,일요일,전라북도 전주시 덕진구 우아동3가,경상사고,0,0,3,0,차대차 - 측면충돌,안전운전불이행,건조,맑음,기타 - 기타,건설기계,남,47세,상해없음,승용,남,31세,경상
2017043000100148,2017년 4월 30일 10시,일요일,전라북도 김제시 신풍동,경상사고,0,0,2,0,차대차 - 측면충돌,직진우회전진행방해,건조,맑음,교차로 - 교차로안,승용,남,53세,상해없음,승용,여,49세,경상
2017043000100149,2017년 4월 30일 10시,일요일,전라북도 고창군 상하면,중상사고,0,3,2,0,차량단독 - 전도전복,안전운전불이행,건조,맑음,단일로 - 기타,승용,여,57세,중상,미분류,미분류,미분류,미분류
2017043000100228,2017년 4월 30일 13시,일요일,전라북도 군산시 대명동,경상사고,0,0,3,0,차대차 - 기타,직진우회전진행방해,건조,맑음,교차로 - 교차로부근,승용,남,59세,경상,승용,여,36세,경상
2017043000100256,2017년 4월 30일 14시,일요일,전라북도 전주시 완산구 교동,경상사고,0,0,2,0,차대사람 - 기타,안전운전불이행,건조,맑음,단일로 - 기타,원동기,여,29세,상해없음,보행자,여,33세,경상
2017043000100257,2017년 4월 30일 14시,일요일,전라북도 무주군 설천면,중상사고,0,1,0,0,차대차 - 측면충돌,안전운전불이행,건조,맑음,단일로 - 기타,승용,남,69세,상해없음,이륜,남,40세,중상
2017043000100292,2017년 4월 30일 15시,일요일,전라북도 부안군 진서면,경상사고,0,0,5,0,차대차 - 추돌,안전거리미확보,건조,맑음,교차로 - 교차로부근,승용,남,48세,상해없음,승용,남,51세,경상
2017043000100328,2017년 4월 30일 16시,일요일,전라북도 군산시 미룡동,경상사고,0,0,4,0,차대차 - 측면충돌,안전운전불이행,건조,맑음,교차로 - 교차로안,승용,남,50세,상해없음,승용,남,27세,경상
2017043000100363,2017년 4월 30일 17시,일요일,전라북도 전주시 덕진구 금상동,경상사고,0,0,3,0,차대차 - 추돌,안전운전불이행,건조,맑음,단일로 - 기타,승용,남,32세,상해없음,승합,여,46세,상해없음
2017043000100364,2017년 4월 30일 17시,일요일,전라북도 익산시 왕궁면,중상사고,0,1,0,0,차량단독 - 공작물충돌,안전운전불이행,건조,맑음,단일로 - 기타,승용,여,56세,상해없음,,,,
2017043000100384,2017년 4월 30일 18시,일요일,전라북도 정읍시 장명동,중상사고,0,1,1,0,차대차 - 측면충돌,중앙선침범,건조,맑음,단일로 - 기타,승용,남,23세,상해없음,원동기,남,84세,중상
2017043000100445,2017년 4월 30일 20시,일요일,전라북도 전주시 완산구 중화산동1가,경상사고,0,0,2,0,차대차 - 기타,안전운전불이행,건조,맑음,교차로 - 교차로안,승용,남,61세,상해없음,승용,남,23세,경상
2017043000100446,2017년 4월 30일 20시,일요일,전라북도 부안군 동진면,중상사고,0,3,2,0,차대차 - 측면충돌,신호위반,건조,맑음,교차로 - 교차로안,승용,여,51세,경상,승용,남,45세,중상
2017043000100485,2017년 4월 30일 22시,일요일,전라북도 전주시 덕진구 여의동,중상사고,0,1,2,0,차대차 - 추돌,안전운전불이행,젖음/습기,맑음,단일로 - 기타,승용,남,64세,상해없음,승용,남,62세,경상
2017050100100018,2017년 5월 1일 00시,월요일,전라북도 군산시 나운동,중상사고,0,1,0,0,차대사람 - 횡단중,안전운전불이행,건조,맑음,단일로 - 기타,승용,남,59세,상해없음,보행자,남,48세,중상
2017050100100078,2017년 5월 1일 07시,월요일,전라북도 정읍시 연지동,경상사고,0,0,1,0,차대차 - 측면충돌,신호위반,건조,맑음,교차로 - 교차로안,승용,남,36세,상해없음,승용,여,56세,경상
2017050100100101,2017년 5월 1일 08시,월요일,전라북도 군산시 수송동,경상사고,0,0,1,0,차대사람 - 횡단중,안전운전불이행,건조,맑음,교차로 - 교차로안,승용,여,40세,상해없음,보행자,남,57세,경상
2017050100100102,2017년 5월 1일 08시,월요일,전라북도 익산시 덕기동,경상사고,0,0,1,0,차대차 - 측면충돌,안전거리미확보,건조,맑음,단일로 - 기타,화물,남,42세,상해없음,승용,남,28세,경상
2017050100100103,2017년 5월 1일 08시,월요일,전라북도 김제시 청하면,중상사고,0,3,0,0,차대차 - 측면충돌,중앙선침범,건조,맑음,단일로 - 기타,화물,남,66세,상해없음,승합,남,71세,중상
2017050100100127,2017년 5월 1일 09시,월요일,전라북도 김제시 공덕면,사망사고,1,0,0,0,차대차 - 측면충돌,안전운전불이행,건조,맑음,교차로 - 교차로안,승용,남,32세,상해없음,이륜,남,78세,사망
2017050100100151,2017년 5월 1일 10시,월요일,전라북도 익산시 신동,경상사고,0,0,1,0,차대차 - 측면충돌,안전운전불이행,건조,맑음,교차로 - 교차로안,승용,남,37세,상해없음,자전거,남,77세,경상
2017050100100180,2017년 5월 1일 11시,월요일,전라북도 남원시 노암동,중상사고,0,1,0,0,차대차 - 추돌,안전운전불이행,건조,맑음,단일로 - 기타,승용,남,36세,상해없음,자전거,남,38세,중상
2017050100100212,2017년 5월 1일 12시,월요일,전라북도 전주시 덕진구 송천동2가,경상사고,0,0,2,0,차대차 - 추돌,안전거리미확보,건조,맑음,교차로 - 교차로부근,화물,남,65세,상해없음,승용,남,37세,경상
2017050100100213,2017년 5월 1일 12시,월요일,전라북도 익산시 모현동2가,중상사고,0,1,0,0,차대차 - 측면충돌,안전운전불이행,건조,맑음,단일로 - 기타,화물,남,30세,상해없음,자전거,남,76세,중상
2017050100100258,2017년 5월 1일 13시,월요일,전라북도 전주시 덕진구 금암동,경상사고,0,0,3,0,차대차 - 측면충돌,안전운전불이행,건조,맑음,교차로 - 교차로안,승용,남,74세,상해없음,승용,남,33세,경상
2017050100100259,2017년 5월 1일 13시,월요일,전라북도 완주군 삼례읍,중상사고,0,1,0,0,차량단독 - 전도전복,안전운전불이행,건조,맑음,단일로 - 기타,이륜,남,61세,중상,미분류,미분류,미분류,미분류
2017050100100283,2017년 5월 1일 14시,월요일,전라북도 전주시 덕진구 팔복동2가,경상사고,0,0,3,0,차대차 - 추돌,안전거리미확보,건조,맑음,교차로 - 교차로안,화물,남,55세,상해없음,화물,남,50세,경상
2017050100100284,2017년 5월 1일 14시,월요일,전라북도 고창군 무장면,중상사고,0,2,0,0,차대차 - 정면충돌,직진우회전진행방해,건조,맑음,교차로 - 교차로안,승용,남,76세,상해없음,승용,남,57세,상해없음
2017050100100327,2017년 5월 1일 15시,월요일,전라북도 전주시 덕진구 전미동1가,경상사고,0,0,1,0,차대차 - 측면충돌,신호위반,건조,맑음,교차로 - 교차로안,화물,남,39세,상해없음,승용,남,30세,경상
2017050100100328,2017년 5월 1일 15시,월요일,전라북도 정읍시 상동,경상사고,0,0,1,0,차대사람 - 횡단중,안전운전불이행,건조,맑음,단일로 - 기타,승용,남,70세,상해없음,보행자,여,14세,경상
2017050100100404,2017년 5월 1일 17시,월요일,전라북도 전주시 완산구 동서학동,중상사고,0,1,2,0,차대차 - 추돌,안전거리미확보,건조,맑음,단일로 - 기타,이륜,남,17세,상해없음,승용,남,55세,경상
2017050100100481,2017년 5월 1일 19시,월요일,전라북도 익산시 부송동,경상사고,0,0,1,0,차대사람 - 횡단중,안전운전불이행,건조,맑음,단일로 - 기타,승용,남,50세,상해없음,보행자,여,5세,경상
2017050100100538,2017년 5월 1일 21시,월요일,전라북도 익산시 동산동,경상사고,0,0,1,0,차대사람 - 횡단중,안전운전불이행,건조,맑음,단일로 - 기타,승용,여,45세,상해없음,보행자,남,53세,경상
2017050100100585,2017년 5월 1일 23시,월요일,전라북도 전주시 덕진구 우아동3가,경상사고,0,0,2,0,차대차 - 추돌,안전운전불이행,건조,맑음,교차로 - 교차로부근,화물,남,44세,상해없음,승용,남,56세,경상
2017050100100586,2017년 5월 1일 23시,월요일,전라북도 군산시 수송동,경상사고,0,0,1,0,차대차 - 측면충돌,안전거리미확보,건조,맑음,교차로 - 교차로안,승용,남,61세,상해없음,승용,남,25세,경상
2017050200100042,2017년 5월 2일 02시,화요일,전라북도 완주군 삼례읍,중상사고,0,1,1,0,차대차 - 측면충돌,신호위반,건조,맑음,교차로 - 교차로안,화물,남,61세,상해없음,승용,남,23세,경상
2017050200100050,2017년 5월 2일 03시,화요일,전라북도 부안군 보안면,경상사고,0,0,1,0,차대사람 - 기타,안전운전불이행,건조,맑음,단일로 - 기타,승용,남,48세,상해없음,보행자,여,68세,경상
2017050200100065,2017년 5월 2일 05시,화요일,전라북도 익산시 신동,경상사고,0,0,1,0,차대차 - 측면충돌,직진우회전진행방해,건조,맑음,교차로 - 교차로안,승용,남,53세,상해없음,승용,남,57세,상해없음
2017050200100069,2017년 5월 2일 06시,화요일,전라북도 익산시 왕궁면,경상사고,0,0,1,0,차대차 - 정면충돌,중앙선침범,건조,맑음,단일로 - 기타,화물,남,40세,상해없음,승용,여,35세,경상
2017050200100166,2017년 5월 2일 09시,화요일,전라북도 익산시 춘포면,경상사고,0,0,2,0,차대차 - 추돌,안전거리미확보,건조,맑음,단일로 - 교량,화물,남,49세,상해없음,승용,여,31세,경상
2017050200100249,2017년 5월 2일 12시,화요일,전라북도 익산시 남중동,경상사고,0,0,2,0,차대차 - 측면충돌,직진우회전진행방해,건조,맑음,교차로 - 교차로안,승용,여,71세,상해없음,승용,남,80세,경상
2017050200100250,2017년 5월 2일 12시,화요일,전라북도 김제시 옥산동,경상사고,0,0,1,0,차대차 - 측면충돌,안전운전불이행,건조,맑음,단일로 - 기타,건설기계,남,46세,상해없음,승용,남,74세,경상
2017050200100278,2017년 5월 2일 13시,화요일,전라북도 군산시 둔율동,경상사고,0,0,1,0,차대차 - 정면충돌,중앙선침범,건조,맑음,단일로 - 기타,승용,여,62세,상해없음,승용,여,48세,경상
2017050200100305,2017년 5월 2일 14시,화요일,전라북도 정읍시 장명동,경상사고,0,0,1,0,차대차 - 측면충돌,교차로운행방법위반,건조,맑음,교차로 - 교차로안,승용,여,42세,상해없음,승용,여,26세,경상
2017050200100333,2017년 5월 2일 15시,화요일,전라북도 전주시 완산구 효자동3가,중상사고,0,1,0,0,차대사람 - 횡단중,보행자보호의무위반,건조,맑음,교차로 - 교차로횡단보도내,승용,남,33세,상해없음,보행자,여,60세,중상
2017050200100466,2017년 5월 2일 18시,화요일,전라북도 전주시 완산구 경원동3가,경상사고,0,0,1,0,차대사람 - 기타,안전운전불이행,건조,맑음,단일로 - 기타,화물,남,61세,상해없음,보행자,남,8세,경상
2017050200100467,2017년 5월 2일 18시,화요일,전라북도 익산시 평화동,경상사고,0,0,4,0,차대차 - 측면충돌,안전운전불이행,건조,맑음,교차로 - 교차로안,승용,남,58세,상해없음,승용,여,39세,경상
2017050200100468,2017년 5월 2일 18시,화요일,전라북도 고창군 고창읍,경상사고,0,0,1,0,차대사람 - 횡단중,보행자보호의무위반,건조,맑음,단일로 - 기타,화물,남,76세,상해없음,보행자,여,5세,경상
2017050200100508,2017년 5월 2일 19시,화요일,전라북도 전주시 완산구 효자동1가,경상사고,0,0,1,0,차대차 - 측면충돌,안전운전불이행,건조,맑음,교차로 - 교차로안,승용,남,61세,상해없음,승용,남,35세,경상
2017050200100509,2017년 5월 2일 19시,화요일,전라북도 전주시 덕진구 송천동1가,중상사고,0,1,0,0,차대사람 - 횡단중,안전운전불이행,건조,맑음,단일로 - 기타,승용,여,62세,상해없음,보행자,남,31세,중상
2017050200100510,2017년 5월 2일 19시,화요일,전라북도 익산시 오산면,경상사고,0,0,1,0,차대차 - 추돌,안전운전불이행,건조,맑음,단일로 - 기타,승용,남,58세,기타불명,승용,남,25세,경상
2017050200100511,2017년 5월 2일 19시,화요일,전라북도 정읍시 북면,경상사고,0,0,1,0,차대차 - 측면충돌,중앙선침범,건조,맑음,교차로 - 교차로안,승용,남,58세,상해없음,화물,남,51세,경상
2017050200100512,2017년 5월 2일 19시,화요일,전라북도 남원시 죽항동,경상사고,0,0,1,0,차대차 - 측면충돌,안전운전불이행,건조,맑음,기타 - 기타,승용,여,57세,상해없음,자전거,남,13세,경상
2017050200100548,2017년 5월 2일 20시,화요일,전라북도 전주시 완산구 효자동1가,경상사고,0,0,1,0,차대차 - 추돌,안전거리미확보,건조,맑음,단일로 - 기타,승용,남,57세,상해없음,승용,남,53세,경상
2017050200100599,2017년 5월 2일 22시,화요일,전라북도 전주시 완산구 중화산동2가,경상사고,0,0,2,0,차대차 - 추돌,안전운전불이행,건조,맑음,단일로 - 기타,승용,남,54세,상해없음,승용,남,39세,경상
2017050200100624,2017년 5월 2일 23시,화요일,전라북도 전주시 덕진구 우아동3가,경상사고,0,0,1,0,차대차 - 측면충돌,안전운전불이행,건조,흐림,교차로 - 교차로안,승용,남,40세,상해없음,화물,여,42세,경상
2017050300100020,2017년 5월 3일 00시,수요일,전라북도 전주시 완산구 서노송동,중상사고,0,1,0,0,차대사람 - 횡단중,안전운전불이행,건조,맑음,단일로 - 기타,승용,남,31세,상해없음,보행자,남,73세,중상
2017050300100021,2017년 5월 3일 00시,수요일,전라북도 익산시 황등면,경상사고,0,0,1,0,차대차 - 기타,안전운전불이행,건조,맑음,단일로 - 기타,승용,남,53세,상해없음,승용,남,29세,경상
2017050300100042,2017년 5월 3일 01시,수요일,전라북도 전주시 완산구 효자동3가,경상사고,0,0,1,0,차대차 - 추돌,안전거리미확보,건조,맑음,단일로 - 기타,승용,남,52세,상해없음,승용,여,62세,상해없음
2017050300100049,2017년 5월 3일 02시,수요일,전라북도 남원시 월락동,사망사고,1,0,1,0,차대차 - 추돌,안전운전불이행,건조,맑음,단일로 - 기타,화물,남,52세,사망,화물,남,70세,경상
2017050300100083,2017년 5월 3일 05시,수요일,전라북도 군산시 개정면,중상사고,0,2,1,0,차대차 - 추돌,안전운전불이행,건조,맑음,단일로 - 기타,승용,남,33세,상해없음,승용,남,37세,중상
2017050300100093,2017년 5월 3일 06시,수요일,전라북도 군산시 신흥동,경상사고,0,0,1,0,차대차 - 정면충돌,신호위반,건조,맑음,교차로 - 교차로안,화물,남,68세,상해없음,승용,남,41세,경상
2017050300100109,2017년 5월 3일 07시,수요일,전라북도 전주시 완산구 효자동3가,중상사고,0,1,1,0,차대차 - 측면충돌,안전운전불이행,건조,맑음,교차로 - 교차로안,이륜,남,72세,중상,승용,남,38세,경상
2017050300100146,2017년 5월 3일 09시,수요일,전라북도 군산시 소룡동,경상사고,0,0,2,0,차대차 - 측면충돌,직진우회전진행방해,건조,맑음,교차로 - 교차로안,승용,남,79세,상해없음,승용,남,63세,경상
2017050300100147,2017년 5월 3일 09시,수요일,전라북도 부안군 부안읍,중상사고,0,1,1,0,차대차 - 측면충돌,교차로운행방법위반,건조,맑음,교차로 - 교차로안,승용,남,47세,상해없음,이륜,남,66세,경상
2017050300100199,2017년 5월 3일 11시,수요일,전라북도 전주시 완산구 중화산동1가,경상사고,0,0,1,0,차대사람 - 횡단중,안전운전불이행,건조,맑음,교차로 - 교차로안,승용,여,34세,상해없음,보행자,남,44세,경상
2017050300100226,2017년 5월 3일 12시,수요일,전라북도 전주시 완산구 고사동,경상사고,0,0,1,0,차대사람 - 기타,안전운전불이행,건조,맑음,단일로 - 기타,기타불명,기타불명,미분류,기타불명,보행자,남,23세,경상
2017050300100260,2017년 5월 3일 13시,수요일,전라북도 전주시 덕진구 우아동3가,경상사고,0,0,1,0,차대사람 - 기타,안전운전불이행,건조,맑음,단일로 - 기타,승용,남,61세,상해없음,보행자,여,18세,경상
2017050300100261,2017년 5월 3일 13시,수요일,전라북도 부안군 부안읍,중상사고,0,1,0,0,차량단독 - 전도전복 - 전도,안전운전불이행,건조,맑음,단일로 - 기타,이륜,남,74세,중상,,,,
2017050300100289,2017년 5월 3일 14시,수요일,전라북도 군산시 서수면,경상사고,0,0,1,0,차대사람 - 횡단중,안전운전불이행,건조,맑음,단일로 - 기타,승용,남,25세,상해없음,보행자,남,49세,경상
2017050300100290,2017년 5월 3일 14시,수요일,전라북도 김제시 신풍동,경상사고,0,0,2,0,차대차 - 측면충돌,신호위반,건조,맑음,교차로 - 교차로안,승용,남,46세,상해없음,승용,남,52세,경상
2017050300100327,2017년 5월 3일 15시,수요일,전라북도 군산시 수송동,중상사고,0,1,0,0,차대사람 - 횡단중,안전운전불이행,건조,맑음,교차로 - 교차로안,승합,남,66세,상해없음,보행자,여,9세,중상
2017050300100402,2017년 5월 3일 17시,수요일,전라북도 군산시 수송동,경상사고,0,0,1,0,차대차 - 측면충돌,안전운전불이행,건조,맑음,단일로 - 기타,자전거,남,10세,경상,승용,남,42세,상해없음
2017050300100403,2017년 5월 3일 17시,수요일,전라북도 익산시 영등동,중상사고,0,1,0,0,차대사람 - 횡단중,신호위반,건조,맑음,교차로 - 교차로횡단보도내,승용,여,29세,상해없음,보행자,여,73세,중상
2017050300100404,2017년 5월 3일 17시,수요일,전라북도 정읍시 태인면,경상사고,0,0,2,0,차대차 - 추돌,과속,건조,맑음,단일로 - 기타,승용,남,26세,상해없음,화물,남,52세,경상
2017050300100460,2017년 5월 3일 19시,수요일,전라북도 정읍시 시기동,경상사고,0,0,1,0,차대사람 - 횡단중,안전운전불이행,건조,맑음,교차로 - 교차로안,승용,여,51세,상해없음,보행자,여,39세,경상
2017050300100520,2017년 5월 3일 21시,수요일,전라북도 전주시 완산구 중화산동2가,경상사고,0,0,1,0,차대차 - 기타,교차로운행방법위반,건조,맑음,교차로 - 교차로안,승용,여,43세,상해없음,이륜,남,19세,경상
2017050300100521,2017년 5월 3일 21시,수요일,전라북도 전주시 완산구 삼천동1가,경상사고,0,0,1,0,차대차 - 측면충돌,안전운전불이행,건조,맑음,교차로 - 교차로부근,승용,여,48세,상해없음,이륜,남,26세,경상
2017050300100522,2017년 5월 3일 21시,수요일,전라북도 정읍시 산외면,중상사고,0,1,0,0,차대차 - 측면충돌,신호위반,건조,맑음,교차로 - 교차로안,화물,여,63세,상해없음,자전거,남,59세,중상
2017050300100562,2017년 5월 3일 23시,수요일,전라북도 김제시 상동동,경상사고,0,0,3,0,차대차 - 추돌,안전운전불이행,건조,맑음,단일로 - 기타,승용,남,69세,상해없음,승용,여,57세,경상
2017050400100125,2017년 5월 4일 08시,목요일,전라북도 전주시 덕진구 금암동,중상사고,0,1,0,0,차대사람 - 횡단중,보행자보호의무위반,건조,맑음,교차로 - 교차로횡단보도내,승용,여,40세,상해없음,보행자,남,53세,중상
2017050400100191,2017년 5월 4일 10시,목요일,전라북도 정읍시 수성동,경상사고,0,0,3,0,차대차 - 추돌,안전거리미확보,건조,맑음,교차로 - 교차로횡단보도내,승용,남,61세,상해없음,승용,남,56세,경상
2017050400100192,2017년 5월 4일 10시,목요일,전라북도 김제시 요촌동,경상사고,0,0,1,0,차대사람 - 길가장자리구역통행중,안전운전불이행,건조,맑음,단일로 - 기타,화물,남,46세,상해없음,보행자,여,14세,경상
2017050400100193,2017년 5월 4일 10시,목요일,전라북도 남원시 금동,중상사고,0,1,0,0,차대사람 - 횡단중,안전운전불이행,건조,맑음,교차로 - 교차로부근,화물,남,69세,상해없음,보행자,여,76세,중상
2017050400100268,2017년 5월 4일 12시,목요일,전라북도 고창군 공음면,중상사고,0,1,1,0,차대차 - 추돌,안전운전불이행,건조,맑음,단일로 - 기타,승용,남,39세,상해없음,승용,남,50세,중상
2017050400100298,2017년 5월 4일 13시,목요일,전라북도 전주시 완산구 평화동2가,경상사고,0,0,1,0,차대사람 - 횡단중,안전운전불이행,건조,맑음,단일로 - 기타,승용,남,60세,상해없음,보행자,남,69세,경상
2017050400100337,2017년 5월 4일 14시,목요일,전라북도 김제시 금구면,중상사고,0,2,1,0,차대차 - 추돌,안전운전불이행,건조,맑음,단일로 - 기타,승용,남,48세,상해없음,화물,남,38세,경상
2017050400100338,2017년 5월 4일 14시,목요일,전라북도 김제시 검산동,경상사고,0,0,1,0,차대차 - 측면충돌,안전운전불이행,건조,맑음,교차로 - 교차로안,승용,여,58세,상해없음,승용,남,62세,경상
2017050400100371,2017년 5월 4일 15시,목요일,전라북도 군산시 소룡동,경상사고,0,0,1,0,차대사람 - 횡단중,안전운전불이행,건조,맑음,단일로 - 기타,승용,남,59세,상해없음,보행자,남,7세,경상
2017050400100372,2017년 5월 4일 15시,목요일,전라북도 익산시 어양동,경상사고,0,0,1,0,차대사람 - 횡단중,보행자보호의무위반,건조,맑음,교차로 - 교차로횡단보도내,자전거,남,11세,상해없음,보행자,여,40세,경상
2017050400100410,2017년 5월 4일 16시,목요일,전라북도 전주시 덕진구 덕진동1가,경상사고,0,0,1,0,차대차 - 측면충돌,안전운전불이행,건조,맑음,교차로 - 교차로안,승용,여,52세,상해없음,승용,여,59세,경상
2017050400100411,2017년 5월 4일 16시,목요일,전라북도 정읍시 금붕동,경상사고,0,0,1,0,차대차 - 추돌,안전운전불이행,건조,흐림,교차로 - 교차로안,승용,남,35세,상해없음,승용,남,51세,경상
2017050400100450,2017년 5월 4일 17시,목요일,전라북도 익산시 중앙동2가,부상신고사고,0,0,0,1,차대차 - 측면충돌,교차로운행방법위반,건조,맑음,교차로 - 교차로안,승용,남,26세,상해없음,자전거,여,55세,부상신고
2017050400100451,2017년 5월 4일 17시,목요일,전라북도 남원시 운봉읍,중상사고,0,1,1,0,차대차 - 추돌,안전운전불이행,건조,맑음,단일로 - 기타,화물,남,74세,상해없음,화물,남,39세,경상
2017050400100452,2017년 5월 4일 17시,목요일,전라북도 무주군 안성면,경상사고,0,0,1,1,차대차 - 기타,안전운전불이행,건조,맑음,교차로 - 교차로안,승용,여,44세,상해없음,자전거,남,9세,부상신고
2017050400100485,2017년 5월 4일 18시,목요일,전라북도 군산시 수송동,부상신고사고,0,0,0,1,차대사람 - 횡단중,보행자보호의무위반,건조,맑음,교차로 - 교차로안,승용,남,40세,상해없음,보행자,여,10세,부상신고