사고번호,사고일시,요일,시군구,사고내용,사망자수,중상자수,경상자수,부상신고자수,사고유형,법규위반,노면상태,기상상태,도로형태,가해운전자 차종,가해운전자 성별,가해운전자 연령,가해운전자 상해정도,피해운전자 차종,피해운전자 성별,피해운전자 연령,피해운전자 상해정도
2017051000100322,2017년 5월 10일 16시,수요일,전라북도 군산시 미룡동,경상사고,0,0,1,0,차대사람 - 횡단중,보행자보호의무위반,건조,맑음,교차로 - 교차로횡단보도내,승합,남,47세,상해없음,보행자,남,7세,경상
2017051000100393,2017년 5월 10일 18시,수요일,전라북도 고창군 고창읍,중상사고,0,1,0,0,차대차 - 측면충돌,직진우회전진행방해,건조,맑음,교차로 - 교차로안,승용,남,33세,상해없음,원동기,남,68세,중상
2017051000100460,2017년 5월 10일 20시,수요일,전라북도 순창군 팔덕면,사망사고,1,0,0,0,차대사람 - 횡단중,안전운전불이행,건조,맑음,단일로 - 교량,승용,남,67세,상해없음,보행자,남,58세,사망
2017051000100479,2017년 5월 10일 21시,수요일,전라북도 군산시 나운동,중상사고,0,1,0,0,차대사람 - 횡단중,안전운전불이행,건조,맑음,교차로 - 교차로안,승용,남,53세,상해없음,보행자,여,75세,중상
2017051000100516,2017년 5월 10일 23시,수요일,전라북도 전주시 덕진구 덕진동1가,경상사고,0,0,1,0,차대차 - 추돌,안전운전불이행,건조,맑음,단일로 - 기타,승용,남,52세,상해없음,승합,남,58세,경상
2017051100100023,2017년 5월 11일 00시,목요일,전라북도 전주시 완산구 중화산동2가,경상사고,0,0,2,0,차대차 - 측면충돌,신호위반,건조,맑음,교차로 - 교차로안,승용,남,35세,상해없음,승용,남,52세,경상
2017051100100075,2017년 5월 11일 05시,목요일,전라북도 전주시 덕진구 송천동1가,경상사고,0,0,1,0,차대차 - 측면충돌,안전거리미확보,건조,맑음,단일로 - 기타,승용,여,22세,상해없음,승용,남,64세,경상
2017051100100091,2017년 5월 11일 06시,목요일,전라북도 전주시 완산구 동서학동,경상사고,0,0,1,0,차대차 - 측면충돌,신호위반,건조,맑음,교차로 - 교차로안,이륜,남,61세,상해없음,승용,남,49세,경상
2017051100100092,2017년 5월 11일 06시,목요일,전라북도 전주시 덕진구 인후동1가,중상사고,0,1,0,0,차대차 - 측면충돌,신호위반,건조,맑음,단일로 - 기타,승용,남,54세,상해없음,자전거,남,37세,중상
2017051100100142,2017년 5월 11일 08시,목요일,전라북도 정읍시 시기동,경상사고,0,0,1,0,차대차 - 측면충돌,직진우회전진행방해,건조,맑음,교차로 - 교차로안,화물,남,61세,상해없음,승용,여,41세,경상
2017051100100181,2017년 5월 11일 09시,목요일,전라북도 전주시 덕진구 우아동3가,경상사고,0,0,2,0,차대차 - 추돌,안전운전불이행,건조,맑음,교차로 - 교차로부근,승용,남,46세,상해없음,승용,여,50세,경상
2017051100100273,2017년 5월 11일 13시,목요일,전라북도 전주시 완산구 삼천동1가,경상사고,0,0,1,0,차대차 - 기타,불법유턴,건조,맑음,단일로 - 기타,승용,남,55세,상해없음,자전거,여,46세,경상
2017051100100274,2017년 5월 11일 13시,목요일,전라북도 군산시 나운동,부상신고사고,0,0,0,1,차대차 - 측면충돌,안전운전불이행,건조,맑음,단일로 - 기타,승용,남,29세,상해없음,자전거,남,12세,부상신고
2017051100100275,2017년 5월 11일 13시,목요일,전라북도 군산시 미룡동,경상사고,0,0,1,0,차대차 - 측면충돌,직진우회전진행방해,건조,맑음,교차로 - 교차로안,이륜,남,20세,상해없음,승용,여,60세,경상
2017051100100312,2017년 5월 11일 14시,목요일,전라북도 김제시 부량면,중상사고,0,2,0,0,차대차 - 측면충돌,안전운전불이행,건조,맑음,단일로 - 기타,승용,남,51세,상해없음,승용,남,42세,중상
2017051100100337,2017년 5월 11일 15시,목요일,전라북도 군산시 내초동,경상사고,0,0,2,0,차대차 - 추돌,안전거리미확보,건조,맑음,교차로 - 교차로부근,건설기계,남,55세,상해없음,승용,여,49세,경상
2017051100100398,2017년 5월 11일 17시,목요일,전라북도 전주시 완산구 중동,경상사고,0,0,1,0,차대사람 - 횡단중,보행자보호의무위반,건조,맑음,단일로 - 기타,승용,여,39세,상해없음,보행자,남,9세,경상
2017051100100399,2017년 5월 11일 17시,목요일,전라북도 군산시 미원동,경상사고,0,0,1,0,차대차 - 추돌,안전거리미확보,건조,맑음,교차로 - 교차로안,승용,남,43세,상해없음,화물,여,50세,경상
2017051100100435,2017년 5월 11일 18시,목요일,전라북도 전주시 완산구 중화산동2가,경상사고,0,0,2,0,차대차 - 기타,교차로운행방법위반,건조,맑음,교차로 - 교차로안,승용,남,74세,상해없음,승용,남,50세,경상
2017051100100474,2017년 5월 11일 19시,목요일,전라북도 전주시 덕진구 호성동1가,중상사고,0,1,0,0,차대사람 - 횡단중,보행자보호의무위반,건조,맑음,교차로 - 교차로횡단보도내,승용,남,67세,상해없음,보행자,여,72세,중상
2017051100100507,2017년 5월 11일 20시,목요일,전라북도 김제시 요촌동,중상사고,0,1,0,0,차대차 - 추돌,안전운전불이행,건조,맑음,단일로 - 기타,승용,남,65세,상해없음,원동기,남,50세,중상
2017051100100579,2017년 5월 11일 22시,목요일,전라북도 전주시 완산구 용복동,경상사고,0,0,1,0,차대차 - 측면충돌,중앙선침범,건조,맑음,단일로 - 기타,승용,남,26세,상해없음,승용,남,29세,경상
2017051100100601,2017년 5월 11일 23시,목요일,전라북도 김제시 백구면,경상사고,0,0,2,0,차대차 - 정면충돌,중앙선침범,건조,맑음,단일로 - 기타,승용,남,27세,상해없음,승용,남,27세,경상
2017051200100059,2017년 5월 12일 02시,금요일,전라북도 전주시 덕진구 금암동,경상사고,0,0,1,0,차대차 - 측면충돌,안전운전불이행,건조,맑음,교차로 - 교차로안,화물,남,57세,상해없음,승용,남,53세,경상
2017051200100089,2017년 5월 12일 06시,금요일,전라북도 김제시 백구면,경상사고,0,0,2,0,차대차 - 기타,안전운전불이행,건조,맑음,단일로 - 기타,승용,남,32세,상해없음,승용,남,55세,경상
2017051200100140,2017년 5월 12일 08시,금요일,전라북도 전주시 완산구 평화동1가,중상사고,0,1,0,0,차대사람 - 횡단중,신호위반,건조,맑음,교차로 - 교차로횡단보도내,승합,남,48세,상해없음,보행자,여,75세,중상
2017051200100164,2017년 5월 12일 09시,금요일,전라북도 전주시 완산구 평화동1가,경상사고,0,0,1,0,차대사람 - 기타,안전운전불이행,건조,맑음,교차로 - 교차로안,기타불명,기타불명,미분류,기타불명,보행자,여,25세,경상
2017051200100165,2017년 5월 12일 09시,금요일,전라북도 전주시 덕진구 덕진동1가,중상사고,0,1,1,0,차대차 - 정면충돌,안전운전불이행,젖음/습기,비,교차로 - 교차로안,승용,남,44세,기타불명,승용,남,59세,경상
2017051200100166,2017년 5월 12일 09시,금요일,전라북도 군산시 신영동,경상사고,0,0,1,0,차대사람 - 보도통행중,기타,건조,맑음,단일로 - 기타,화물,남,74세,상해없음,보행자,남,56세,경상
2017051200100167,2017년 5월 12일 09시,금요일,전라북도 정읍시 북면,경상사고,0,0,1,0,차대차 - 측면충돌,신호위반,건조,맑음,교차로 - 교차로안,승용,남,30세,상해없음,승용,여,56세,경상
2017051200100168,2017년 5월 12일 09시,금요일,전라북도 고창군 상하면,중상사고,0,1,0,0,차량단독 - 기타,안전운전불이행,건조,맑음,단일로 - 기타,원동기,남,82세,상해없음,,,,
2017051200100207,2017년 5월 12일 10시,금요일,전라북도 익산시 중앙동3가,경상사고,0,0,1,0,차대사람 - 보도통행중,안전운전불이행,건조,맑음,단일로 - 기타,승용,남,59세,상해없음,보행자,여,66세,경상
2017051200100227,2017년 5월 12일 11시,금요일,전라북도 익산시 남중동,경상사고,0,0,3,0,차대차 - 기타,직진우회전진행방해,건조,맑음,교차로 - 교차로안,승용,남,61세,상해없음,승용,남,79세,경상
2017051200100251,2017년 5월 12일 12시,금요일,전라북도 익산시 신동,경상사고,0,0,1,0,차대차 - 측면충돌,안전운전불이행,건조,맑음,단일로 - 기타,화물,남,59세,상해없음,승용,여,50세,경상
2017051200100281,2017년 5월 12일 13시,금요일,전라북도 전주시 완산구 서신동,경상사고,0,0,1,0,차대차 - 측면충돌,신호위반,건조,맑음,교차로 - 교차로안,승용,여,50세,상해없음,승용,여,44세,경상
2017051200100282,2017년 5월 12일 13시,금요일,전라북도 익산시 오산면,중상사고,0,1,0,0,차대차 - 측면충돌,직진우회전진행방해,건조,맑음,교차로 - 교차로안,승용,남,43세,상해없음,승용,여,51세,중상
2017051200100283,2017년 5월 12일 13시,금요일,전라북도 순창군 순창읍,경상사고,0,0,1,0,차대차 - 측면충돌,직진우회전진행방해,건조,흐림,교차로 - 교차로안,승용,여,37세,기타불명,승합,남,28세,경상
2017051200100381,2017년 5월 12일 16시,금요일,전라북도 군산시 나운동,경상사고,0,0,1,0,차대차 - 기타,신호위반,건조,맑음,교차로 - 교차로안,승용,여,39세,상해없음,승용,여,67세,경상
2017051200100382,2017년 5월 12일 16시,금요일,전라북도 익산시 영등동,경상사고,0,0,4,0,차대차 - 기타,안전운전불이행,건조,맑음,단일로 - 기타,승용,남,73세,경상,승용,남,58세,경상
2017051200100383,2017년 5월 12일 16시,금요일,전라북도 진안군 백운면,중상사고,0,1,0,0,차대차 - 측면충돌,안전운전불이행,건조,맑음,교차로 - 교차로안,화물,남,49세,상해없음,이륜,남,57세,중상
2017051200100415,2017년 5월 12일 17시,금요일,전라북도 전주시 덕진구 덕진동2가,경상사고,0,0,2,0,차대차 - 측면충돌,교차로운행방법위반,건조,맑음,교차로 - 교차로안,승용,남,37세,상해없음,승용,여,30세,경상
2017051200100416,2017년 5월 12일 17시,금요일,전라북도 전주시 덕진구 호성동2가,경상사고,0,0,4,0,차대차 - 측면충돌,직진우회전진행방해,건조,맑음,교차로 - 교차로부근,승용,남,77세,상해없음,승용,남,44세,경상
2017051200100417,2017년 5월 12일 17시,금요일,전라북도 전주시 덕진구 전미동2가,경상사고,0,0,4,0,차대차 - 추돌,안전운전불이행,건조,맑음,단일로 - 교량,승합,남,67세,상해없음,승용,남,39세,경상
2017051200100418,2017년 5월 12일 17시,금요일,전라북도 군산시 구암동,중상사고,0,1,0,0,차대차 - 기타,신호위반,건조,맑음,교차로 - 교차로안,승용,남,65세,상해없음,이륜,남,78세,중상
2017051200100419,2017년 5월 12일 17시,금요일,전라북도 군산시 나운동,경상사고,0,0,1,0,차대차 - 측면충돌,차로위반,건조,맑음,단일로 - 기타,승용,남,43세,상해없음,승용,남,35세,경상
2017051200100420,2017년 5월 12일 17시,금요일,전라북도 부안군 부안읍,경상사고,0,0,1,0,차대차 - 측면충돌,신호위반,건조,맑음,교차로 - 교차로안,화물,남,59세,상해없음,승용,여,35세,경상
2017051200100421,2017년 5월 12일 17시,금요일,전라북도 완주군 용진읍,중상사고,0,1,0,0,차대차 - 정면충돌,안전운전불이행,건조,맑음,교차로 - 교차로안,화물,남,55세,상해없음,화물,남,40세,중상
2017051200100463,2017년 5월 12일 18시,금요일,전라북도 장수군 번암면,중상사고,0,2,0,0,차대차 - 정면충돌,중앙선침범,건조,맑음,기타 - 기타,승용,남,61세,상해없음,화물,남,57세,중상
2017051200100494,2017년 5월 12일 19시,금요일,전라북도 전주시 완산구 중노송동,경상사고,0,0,2,0,차대차 - 추돌,안전운전불이행,건조,맑음,교차로 - 교차로부근,화물,남,67세,상해없음,승용,여,55세,경상
2017051200100588,2017년 5월 12일 22시,금요일,전라북도 전주시 완산구 효자동3가,경상사고,0,0,1,0,차대사람 - 횡단중,안전운전불이행,건조,맑음,단일로 - 기타,승용,여,63세,상해없음,보행자,남,45세,경상
2017051200100589,2017년 5월 12일 22시,금요일,전라북도 군산시 나운동,경상사고,0,0,2,0,차대차 - 측면충돌,신호위반,건조,맑음,교차로 - 교차로안,승용,남,39세,상해없음,승용,여,48세,경상
2017051200100590,2017년 5월 12일 22시,금요일,전라북도 익산시 신동,중상사고,0,1,2,0,차대차 - 측면충돌,안전운전불이행,건조,맑음,단일로 - 기타,승용,남,42세,상해없음,승합,남,48세,중상
2017051300100034,2017년 5월 13일 00시,토요일,전라북도 전주시 덕진구 산정동,경상사고,0,0,1,0,차대차 - 측면충돌,안전운전불이행,건조,맑음,교차로 - 교차로안,이륜,남,16세,상해없음,승용,남,56세,경상
2017051300100056,2017년 5월 13일 01시,토요일,전라북도 완주군 봉동읍,경상사고,0,0,2,0,차대차 - 추돌,안전운전불이행,건조,맑음,교차로 - 교차로안,승용,여,35세,상해없음,승용,여,59세,경상
2017051300100076,2017년 5월 13일 02시,토요일,전라북도 익산시 남중동,경상사고,0,0,3,0,차대차 - 추돌,안전운전불이행,건조,맑음,교차로 - 교차로부근,승용,남,61세,상해없음,승용,남,59세,경상
2017051300100118,2017년 5월 13일 05시,토요일,전라북도 군산시 경암동,경상사고,0,0,1,0,차대차 - 기타,신호위반,건조,맑음,교차로 - 교차로안,화물,남,58세,상해없음,이륜,남,70세,경상
2017051300100119,2017년 5월 13일 05시,토요일,전라북도 익산시 오산면,경상사고,0,0,1,0,차대차 - 기타,안전운전불이행,건조,맑음,단일로 - 기타,화물,남,61세,상해없음,승용,남,34세,경상
2017051300100131,2017년 5월 13일 06시,토요일,전라북도 전주시 덕진구 우아동3가,경상사고,0,0,1,0,차대차 - 측면충돌,신호위반,건조,맑음,교차로 - 교차로안,승용,남,48세,상해없음,화물,남,55세,경상
2017051300100150,2017년 5월 13일 07시,토요일,전라북도 무주군 설천면,중상사고,0,1,0,0,차대차 - 측면충돌,안전운전불이행,건조,맑음,교차로 - 교차로부근,원동기,남,80세,중상,화물,남,57세,상해없음
2017051300100165,2017년 5월 13일 08시,토요일,전라북도 익산시 낭산면,중상사고,0,2,0,0,차대차 - 측면충돌,직진우회전진행방해,건조,맑음,교차로 - 교차로안,건설기계,남,56세,중상,승용,남,49세,중상
2017051300100166,2017년 5월 13일 08시,토요일,전라북도 남원시 왕정동,경상사고,0,0,1,0,차대차 - 측면충돌,교차로운행방법위반,건조,맑음,교차로 - 교차로안,화물,남,30세,상해없음,이륜,남,74세,경상
2017051300100167,2017년 5월 13일 08시,토요일,전라북도 순창군 유등면,중상사고,0,1,0,0,차대사람 - 기타,안전운전불이행,건조,맑음,기타 - 기타,화물,남,22세,상해없음,보행자,남,88세,중상
2017051300100201,2017년 5월 13일 09시,토요일,전라북도 정읍시 연지동,경상사고,0,0,1,0,차대차 - 측면충돌,안전거리미확보,건조,맑음,단일로 - 기타,원동기,남,80세,경상,화물,남,58세,상해없음
2017051300100232,2017년 5월 13일 10시,토요일,전라북도 전주시 덕진구 인후동1가,경상사고,0,0,1,0,차대사람 - 횡단중,안전운전불이행,건조,맑음,단일로 - 기타,승용,여,33세,상해없음,보행자,남,28세,경상
2017051300100233,2017년 5월 13일 10시,토요일,전라북도 김제시 요촌동,경상사고,0,0,1,0,차대차 - 측면충돌,신호위반,건조,맑음,단일로 - 기타,승용,남,48세,상해없음,자전거,남,13세,경상
2017051300100262,2017년 5월 13일 11시,토요일,전라북도 김제시 요촌동,경상사고,0,0,1,0,차대차 - 측면충돌,기타,건조,맑음,단일로 - 기타,승용,여,55세,상해없음,이륜,남,40세,경상
2017051300100291,2017년 5월 13일 12시,토요일,전라북도 완주군 봉동읍,경상사고,0,0,2,0,차대차 - 추돌,안전운전불이행,건조,맑음,교차로 - 교차로부근,승용,남,66세,상해없음,승용,남,35세,경상
2017051300100324,2017년 5월 13일 13시,토요일,전라북도 익산시 모현동1가,중상사고,0,1,0,0,차대차 - 측면충돌,안전운전불이행,건조,맑음,단일로 - 기타,승용,여,30세,상해없음,자전거,남,85세,중상
2017051300100325,2017년 5월 13일 13시,토요일,전라북도 부안군 부안읍,경상사고,0,0,4,0,차대차 - 측면충돌,신호위반,건조,맑음,교차로 - 교차로안,승합,남,65세,경상,승합,남,50세,경상
2017051300100364,2017년 5월 13일 14시,토요일,전라북도 군산시 산북동,경상사고,0,0,1,0,차대차 - 기타,안전운전불이행,건조,맑음,교차로 - 교차로안,승용,남,48세,상해없음,자전거,여,62세,경상
2017051300100405,2017년 5월 13일 15시,토요일,전라북도 정읍시 신태인읍,경상사고,0,0,2,0,차대차 - 측면충돌,직진우회전진행방해,건조,흐림,교차로 - 교차로안,승용,여,64세,경상,승합,남,50세,경상
2017051300100479,2017년 5월 13일 17시,토요일,전라북도 정읍시 금붕동,중상사고,0,1,0,0,차대사람 - 기타,안전운전불이행,건조,맑음,교차로 - 교차로안,승용,여,57세,상해없음,보행자,남,66세,중상
2017051300100511,2017년 5월 13일 18시,토요일,전라북도 전주시 덕진구 호성동2가,중상사고,0,1,1,0,차대차 - 측면충돌,신호위반,건조,맑음,교차로 - 교차로안,승용,남,36세,상해없음,승용,여,67세,경상
2017051300100512,2017년 5월 13일 18시,토요일,전라북도 군산시 옥산면,경상사고,0,0,2,0,차대차 - 추돌,안전운전불이행,건조,맑음,단일로 - 기타,승용,남,28세,상해없음,승용,남,56세,경상
2017051300100540,2017년 5월 13일 19시,토요일,전라북도 전주시 완산구 서신동,경상사고,0,0,1,0,차대차 - 정면충돌,신호위반,건조,맑음,교차로 - 교차로안,승용,남,40세,상해없음,승용,여,68세,경상
2017051300100564,2017년 5월 13일 20시,토요일,전라북도 군산시 나운동,경상사고,0,0,1,0,차대차 - 기타,안전운전불이행,건조,맑음,교차로 - 교차로안,화물,남,56세,상해없음,승용,남,52세,경상
2017051300100633,2017년 5월 13일 23시,토요일,전라북도 전주시 완산구 중앙동2가,중상사고,0,1,1,0,차대차 - 추돌,신호위반,건조,맑음,교차로 - 교차로안,이륜,남,20세,중상,승용,남,34세,경상
2017051400100023,2017년 5월 14일 00시,일요일,전라북도 전주시 덕진구 덕진동1가,경상사고,0,0,1,0,차대사람 - 횡단중,안전운전불이행,건조,맑음,교차로 - 교차로횡단보도내,승용,남,54세,상해없음,보행자,남,26세,경상
2017051400100055,2017년 5월 14일 03시,일요일,전라북도 무주군 무주읍,사망사고,1,0,0,0,차량단독 - 전도전복 - 전도,안전운전불이행,건조,맑음,단일로 - 기타,이륜,남,19세,사망,,,,
2017051400100101,2017년 5월 14일 07시,일요일,전라북도 군산시 경암동,경상사고,0,0,1,0,차대차 - 기타,신호위반,건조,맑음,교차로 - 교차로안,승용,여,53세,기타불명,승용,여,48세,경상
2017051400100113,2017년 5월 14일 08시,일요일,전라북도 전주시 덕진구 송천동1가,경상사고,0,0,2,0,차대차 - 측면충돌,직진우회전진행방해,건조,맑음,교차로 - 교차로안,화물,남,23세,상해없음,승용,남,62세,경상
2017051400100130,2017년 5월 14일 09시,일요일,전라북도 남원시 금동,중상사고,0,1,0,0,차대차 - 추돌,안전운전불이행,건조,맑음,교차로 - 교차로부근,화물,남,33세,상해없음,화물,남,55세,중상
2017051400100157,2017년 5월 14일 10시,일요일,전라북도 전주시 완산구 삼천동3가,경상사고,0,0,7,0,차대차 - 추돌,안전거리미확보,건조,맑음,단일로 - 기타,건설기계,남,49세,경상,승용,여,25세,경상
2017051400100158,2017년 5월 14일 10시,일요일,전라북도 전주시 덕진구 금암동,경상사고,0,0,1,0,차대차 - 추돌,안전운전불이행,건조,맑음,단일로 - 기타,승용,남,59세,상해없음,승용,여,56세,경상
2017051400100180,2017년 5월 14일 11시,일요일,전라북도 전주시 덕진구 덕진동1가,경상사고,0,0,5,0,차대차 - 측면충돌,중앙선침범,건조,맑음,단일로 - 기타,승용,남,58세,상해없음,승용,남,36세,경상
2017051400100253,2017년 5월 14일 14시,일요일,전라북도 김제시 금산면,경상사고,0,0,1,0,차대차 - 추돌,안전거리미확보,건조,맑음,단일로 - 기타,이륜,남,40세,상해없음,승용,남,38세,경상
2017051400100310,2017년 5월 14일 16시,일요일,전라북도 군산시 조촌동,경상사고,0,0,1,0,차대차 - 정면충돌,중앙선침범,건조,맑음,교차로 - 교차로부근,화물,남,70세,상해없음,승용,남,59세,경상
2017051400100357,2017년 5월 14일 17시,일요일,전라북도 군산시 조촌동,경상사고,0,0,1,0,차대차 - 측면충돌,안전운전불이행,건조,맑음,단일로 - 기타,승용,남,59세,상해없음,자전거,남,48세,경상
2017051400100379,2017년 5월 14일 18시,일요일,전라북도 김제시 연정동,중상사고,0,1,2,0,차대차 - 추돌,안전운전불이행,건조,맑음,단일로 - 기타,화물,남,19세,상해없음,승용,여,42세,중상
2017051400100380,2017년 5월 14일 18시,일요일,전라북도 부안군 변산면,경상사고,0,0,1,0,차대사람 - 횡단중,안전운전불이행,건조,맑음,단일로 - 기타,승용,남,64세,상해없음,보행자,남,8세,경상
2017051400100408,2017년 5월 14일 19시,일요일,전라북도 전주시 완산구 중동,경상사고,0,0,1,0,차대사람 - 횡단중,보행자보호의무위반,건조,맑음,기타 - 기타,이륜,남,17세,상해없음,보행자,여,18세,경상
2017051400100409,2017년 5월 14일 19시,일요일,전라북도 전주시 덕진구 덕진동1가,경상사고,0,0,2,0,차대차 - 추돌,안전운전불이행,건조,맑음,단일로 - 기타,화물,남,53세,상해없음,승용,남,48세,경상
2017051400100435,2017년 5월 14일 20시,일요일,전라북도 군산시 대야면,경상사고,0,0,1,0,차대차 - 추돌,안전운전불이행,건조,맑음,교차로 - 교차로안,승용,남,60세,상해없음,승용,여,35세,경상
2017051400100436,2017년 5월 14일 20시,일요일,전라북도 익산시 동산동,중상사고,0,1,0,0,차대사람 - 횡단중,신호위반,건조,맑음,교차로 - 교차로횡단보도내,승용,남,63세,상해없음,보행자,남,45세,중상
2017051400100481,2017년 5월 14일 22시,일요일,전라북도 정읍시 연지동,중상사고,0,1,4,0,차대차 - 측면충돌,교차로운행방법위반,건조,맑음,교차로 - 교차로안,승용,남,27세,경상,승용,남,44세,경상
2017051500100035,2017년 5월 15일 00시,월요일,전라북도 군산시 수송동,경상사고,0,0,1,0,차대차 - 정면충돌,직진우회전진행방해,건조,맑음,교차로 - 교차로안,승용,남,38세,상해없음,이륜,남,56세,경상
2017051500100036,2017년 5월 15일 00시,월요일,전라북도 익산시 신동,경상사고,0,0,2,0,차대차 - 정면충돌,안전운전불이행,건조,맑음,단일로 - 기타,승용,여,28세,상해없음,승용,남,49세,경상
2017051500100063,2017년 5월 15일 04시,월요일,전라북도 익산시 남중동,경상사고,0,0,1,0,차대차 - 추돌,안전운전불이행,건조,맑음,기타 - 기타,승용,남,32세,상해없음,승용,남,46세,경상
2017051500100064,2017년 5월 15일 04시,월요일,전라북도 정읍시 농소동,경상사고,0,0,2,0,차대차 - 추돌,안전운전불이행,건조,맑음,단일로 - 기타,승합,여,60세,상해없음,화물,여,46세,경상
2017051500100079,2017년 5월 15일 06시,월요일,전라북도 순창군 복흥면,사망사고,1,0,0,0,차대차 - 측면충돌,신호위반,건조,맑음,교차로 - 교차로안,승용,남,61세,상해없음,사륜오토바이(ATV),여,75세,사망
2017051500100093,2017년 5월 15일 07시,월요일,전라북도 전주시 완산구 평화동2가,경상사고,0,0,1,0,차대차 - 기타,안전거리미확보,건조,맑음,교차로 - 교차로부근,승용,남,45세,상해없음,승용,남,57세,경상
2017051500100127,2017년 5월 15일 08시,월요일,전라북도 전주시 덕진구 도도동,경상사고,0,0,3,0,차대차 - 추돌,안전운전불이행,젖음/습기,흐림,단일로 - 기타,승용,여,33세,경상,승용,여,28세,경상
2017051500100128,2017년 5월 15일 08시,월요일,전라북도 익산시 신용동,경상사고,0,0,2,0,차대차 - 측면충돌,차로위반,건조,맑음,단일로 - 기타,건설기계,남,53세,상해없음,승용,여,25세,경상
2017051500100208,2017년 5월 15일 10시,월요일,전라북도 전주시 완산구 중화산동2가,경상사고,0,0,3,0,차대차 - 추돌,안전거리미확보,건조,맑음,단일로 - 기타,승용,남,48세,상해없음,승용,여,54세,경상
2017051500100300,2017년 5월 15일 13시,월요일,전라북도 김제시 황산면,중상사고,0,1,0,0,차대차 - 측면충돌,안전운전불이행,건조,맑음,단일로 - 기타,승용,남,31세,상해없음,원동기,남,75세,중상
2017051500100301,2017년 5월 15일 13시,월요일,전라북도 김제시 검산동,중상사고,0,1,0,0,차대차 - 측면충돌,신호위반,건조,맑음,교차로 - 교차로안,승용,남,64세,상해없음,승용,남,40세,중상
2017051500100373,2017년 5월 15일 15시,월요일,전라북도 군산시 수송동,경상사고,0,0,1,0,차대차 - 기타,안전운전불이행,건조,맑음,교차로 - 교차로부근,승용,여,50세,상해없음,승용,남,67세,상해없음
2017051500100374,2017년 5월 15일 15시,월요일,전라북도 정읍시 상동,경상사고,0,0,3,0,차대차 - 측면충돌,안전운전불이행,건조,맑음,교차로 - 교차로안,승용,남,33세,상해없음,화물,남,51세,경상
2017051500100411,2017년 5월 15일 16시,월요일,전라북도 군산시 명산동,경상사고,0,0,2,0,차대차 - 측면충돌,안전운전불이행,건조,맑음,단일로 - 기타,이륜,남,59세,경상,자전거,남,73세,경상
2017051500100412,2017년 5월 15일 16시,월요일,전라북도 순창군 순창읍,경상사고,0,0,1,0,차대차 - 측면충돌,직진우회전진행방해,건조,맑음,교차로 - 교차로안,승용,여,40세,상해없음,승용,여,38세,경상
2017051500100453,2017년 5월 15일 17시,월요일,전라북도 군산시 미룡동,중상사고,0,1,0,0,차대차 - 기타,안전운전불이행,건조,맑음,단일로 - 기타,자전거,여,47세,중상,기타불명,기타불명,미분류,기타불명
2017051500100454,2017년 5월 15일 17시,월요일,전라북도 익산시 춘포면,경상사고,0,0,1,0,차대차 - 측면충돌,신호위반,건조,맑음,교차로 - 교차로안,승용,남,29세,상해없음,승용,남,60세,경상
2017051500100455,2017년 5월 15일 17시,월요일,전라북도 남원시 수지면,사망사고,1,0,0,0,차량단독 - 전도전복,안전운전불이행,건조,맑음,교차로 - 교차로부근,이륜,남,76세,사망,미분류,미분류,미분류,미분류
2017051500100456,2017년 5월 15일 17시,월요일,전라북도 부안군 상서면,중상사고,0,1,0,0,차량단독 - 공작물충돌,안전운전불이행,건조,맑음,단일로 - 기타,승용,남,66세,중상,,,,
2017051500100500,2017년 5월 15일 18시,월요일,전라북도 익산시 모현동1가,경상사고,0,0,6,0,차대차 - 기타,안전운전불이행,건조,맑음,교차로 - 교차로안,승용,남,35세,상해없음,승용,여,32세,경상
2017051500100501,2017년 5월 15일 18시,월요일,전라북도 익산시 삼기면,경상사고,0,0,4,0,차대차 - 기타,안전운전불이행,건조,맑음,단일로 - 기타,화물,남,55세,상해없음,승용,여,34세,경상
2017051500100502,2017년 5월 15일 18시,월요일,전라북도 완주군 삼례읍,중상사고,0,1,0,0,차대사람 - 횡단중,안전운전불이행,건조,맑음,단일로 - 기타,승용,남,27세,상해없음,보행자,여,19세,중상
2017051500100532,2017년 5월 15일 19시,월요일,전라북도 군산시 나운동,경상사고,0,0,1,0,차대차 - 측면충돌,안전운전불이행,건조,맑음,단일로 - 기타,승용,남,19세,상해없음,승용,여,49세,경상
2017051500100533,2017년 5월 15일 19시,월요일,전라북도 김제시 상동동,경상사고,0,0,1,0,차대차 - 측면충돌,신호위반,건조,맑음,교차로 - 교차로안,승용,여,54세,상해없음,승용,남,33세,경상
2017051500100587,2017년 5월 15일 21시,월요일,전라북도 전주시 완산구 중화산동2가,경상사고,0,0,1,0,차대차 - 기타,기타,건조,맑음,단일로 - 기타,승용,남,41세,상해없음,이륜,남,27세,경상
2017051500100615,2017년 5월 15일 22시,월요일,전라북도 정읍시 시기동,경상사고,0,0,3,0,차대차 - 정면충돌,직진우회전진행방해,건조,맑음,교차로 - 교차로안,승용,여,46세,상해없음,승용,남,59세,경상