사고번호,사고일시,요일,시군구,사고내용,사망자수,중상자수,경상자수,부상신고자수,사고유형,법규위반,노면상태,기상상태,도로형태,가해운전자 차종,가해운전자 성별,가해운전자 연령,가해운전자 상해정도,피해운전자 차종,피해운전자 성별,피해운전자 연령,피해운전자 상해정도
2017052600100413,2017년 5월 26일 15시,금요일,전라북도 군산시 내초동,경상사고,0,0,1,0,차대차 - 측면충돌,안전운전불이행,건조,맑음,단일로 - 기타,화물,남,51세,상해없음,자전거,여,64세,경상
2017052600100452,2017년 5월 26일 16시,금요일,전라북도 전주시 완산구 효자동3가,중상사고,0,1,0,0,차대차 - 측면충돌,안전운전불이행,건조,맑음,교차로 - 교차로부근,화물,남,36세,상해없음,자전거,남,70세,중상
2017052600100453,2017년 5월 26일 16시,금요일,전라북도 정읍시 덕천면,경상사고,0,0,1,0,차대차 - 측면충돌,안전운전불이행,건조,맑음,교차로 - 교차로안,농기계,남,48세,상해없음,화물,남,56세,경상
2017052600100491,2017년 5월 26일 17시,금요일,전라북도 익산시 동산동,경상사고,0,0,2,0,차대차 - 측면충돌,신호위반,건조,맑음,교차로 - 교차로안,승용,남,25세,상해없음,승용,남,59세,경상
2017052600100546,2017년 5월 26일 18시,금요일,전라북도 전주시 완산구 중동,경상사고,0,0,2,0,차대차 - 추돌,안전거리미확보,건조,맑음,단일로 - 기타,승용,남,53세,상해없음,승용,남,45세,경상
2017052600100547,2017년 5월 26일 18시,금요일,전라북도 전주시 덕진구 반월동,중상사고,0,1,0,0,차대사람 - 횡단중,신호위반,건조,맑음,교차로 - 교차로안,승용,여,43세,상해없음,보행자,여,10세,중상
2017052600100700,2017년 5월 26일 22시,금요일,전라북도 정읍시 연지동,경상사고,0,0,1,0,차대사람 - 횡단중,보행자보호의무위반,건조,맑음,교차로 - 교차로횡단보도내,승용,남,21세,상해없음,보행자,여,18세,경상
2017052600100733,2017년 5월 26일 23시,금요일,전라북도 익산시 인화동1가,경상사고,0,0,5,0,차대차 - 정면충돌,신호위반,건조,맑음,교차로 - 교차로안,승용,남,64세,상해없음,승용,남,35세,경상
2017052700100058,2017년 5월 27일 01시,토요일,전라북도 전주시 덕진구 덕진동2가,경상사고,0,0,1,0,차대차 - 정면충돌,안전운전불이행,건조,맑음,교차로 - 교차로안,승용,남,25세,상해없음,승용,남,46세,경상
2017052700100059,2017년 5월 27일 01시,토요일,전라북도 전주시 덕진구 덕진동1가,경상사고,0,0,1,0,차대사람 - 기타,안전운전불이행,건조,맑음,교차로 - 교차로부근,승용,남,52세,상해없음,보행자,남,23세,경상
2017052700100122,2017년 5월 27일 06시,토요일,전라북도 고창군 심원면,중상사고,0,1,0,0,차대차 - 정면충돌,직진우회전진행방해,건조,맑음,교차로 - 교차로안,원동기,남,78세,중상,화물,남,49세,상해없음
2017052700100160,2017년 5월 27일 08시,토요일,전라북도 군산시 나운동,경상사고,0,0,1,0,차대사람 - 횡단중,보행자보호의무위반,건조,맑음,교차로 - 교차로횡단보도내,승용,남,63세,상해없음,보행자,남,14세,경상
2017052700100188,2017년 5월 27일 09시,토요일,전라북도 전주시 완산구 평화동3가,경상사고,0,0,1,0,차대사람 - 횡단중,안전운전불이행,건조,맑음,단일로 - 기타,승용,여,71세,상해없음,보행자,남,43세,경상
2017052700100189,2017년 5월 27일 09시,토요일,전라북도 전주시 덕진구 만성동,중상사고,0,1,3,0,차대차 - 측면충돌,신호위반,건조,맑음,교차로 - 교차로안,승용,남,43세,상해없음,승용,여,42세,경상
2017052700100190,2017년 5월 27일 09시,토요일,전라북도 군산시 나운동,경상사고,0,0,3,0,차대차 - 측면충돌,직진우회전진행방해,젖음/습기,맑음,교차로 - 교차로안,승용,남,71세,기타불명,승용,남,59세,경상
2017052700100226,2017년 5월 27일 10시,토요일,전라북도 군산시 오식도동,중상사고,0,1,0,0,차대차 - 측면충돌,신호위반,건조,맑음,교차로 - 교차로안,건설기계,남,47세,상해없음,승용,남,58세,중상
2017052700100260,2017년 5월 27일 11시,토요일,전라북도 남원시 향교동,사망사고,1,0,0,0,차대차 - 측면충돌,교차로운행방법위반,건조,맑음,교차로 - 교차로안,화물,남,56세,상해없음,이륜,남,80세,사망
2017052700100261,2017년 5월 27일 11시,토요일,전라북도 고창군 흥덕면,경상사고,0,0,1,0,차대사람 - 횡단중,안전운전불이행,건조,맑음,단일로 - 기타,원동기,여,71세,상해없음,보행자,여,84세,경상
2017052700100294,2017년 5월 27일 12시,토요일,전라북도 익산시 신동,경상사고,0,0,1,0,차대차 - 측면충돌,직진우회전진행방해,건조,맑음,교차로 - 교차로안,원동기,남,25세,상해없음,승용,남,65세,경상
2017052700100295,2017년 5월 27일 12시,토요일,전라북도 익산시 춘포면,경상사고,0,0,4,0,차대차 - 추돌,안전운전불이행,건조,맑음,단일로 - 기타,화물,남,56세,상해없음,승용,남,43세,경상
2017052700100378,2017년 5월 27일 14시,토요일,전라북도 순창군 금과면,경상사고,0,0,1,0,차대차 - 측면충돌,직진우회전진행방해,건조,맑음,교차로 - 교차로안,이륜,남,85세,경상,승용,여,46세,상해없음
2017052700100419,2017년 5월 27일 15시,토요일,전라북도 군산시 수송동,경상사고,0,0,1,0,차대차 - 측면충돌,안전운전불이행,건조,맑음,교차로 - 교차로안,승용,여,33세,상해없음,자전거,남,51세,경상
2017052700100511,2017년 5월 27일 17시,토요일,전라북도 익산시 여산면,경상사고,0,0,1,0,차대사람 - 횡단중,안전운전불이행,건조,맑음,단일로 - 기타,승합,남,69세,상해없음,보행자,여,88세,경상
2017052700100512,2017년 5월 27일 17시,토요일,전라북도 장수군 산서면,중상사고,0,3,0,0,차대차 - 측면충돌,교차로운행방법위반,건조,맑음,교차로 - 교차로안,이륜,남,65세,중상,이륜,여,53세,중상
2017052700100513,2017년 5월 27일 17시,토요일,전라북도 무주군 무풍면,중상사고,0,1,0,0,차대차 - 측면충돌,안전운전불이행,건조,맑음,교차로 - 교차로부근,원동기,남,44세,중상,승용,남,63세,상해없음
2017052700100558,2017년 5월 27일 18시,토요일,전라북도 군산시 수송동,중상사고,0,1,0,0,차대차 - 측면충돌,안전운전불이행,건조,맑음,교차로 - 교차로안,승용,남,61세,상해없음,자전거,남,16세,중상
2017052700100559,2017년 5월 27일 18시,토요일,전라북도 남원시 월락동,중상사고,0,1,2,0,차대차 - 측면충돌,신호위반,건조,맑음,교차로 - 교차로안,승용,여,63세,상해없음,승용,남,33세,중상
2017052700100619,2017년 5월 27일 20시,토요일,전라북도 전주시 덕진구 송천동1가,경상사고,0,0,1,0,차대차 - 측면충돌,신호위반,건조,맑음,교차로 - 교차로안,이륜,남,18세,상해없음,자전거,남,13세,경상
2017052700100620,2017년 5월 27일 20시,토요일,전라북도 익산시 남중동,경상사고,0,0,1,0,차대사람 - 횡단중,보행자보호의무위반,건조,맑음,단일로 - 기타,승용,남,55세,상해없음,보행자,남,61세,경상
2017052700100643,2017년 5월 27일 21시,토요일,전라북도 군산시 소룡동,경상사고,0,0,3,0,차대차 - 측면충돌,신호위반,건조,맑음,교차로 - 교차로안,이륜,남,37세,상해없음,승용,남,29세,경상
2017052700100664,2017년 5월 27일 22시,토요일,전라북도 전주시 덕진구 인후동1가,경상사고,0,0,2,0,차대차 - 추돌,안전운전불이행,건조,맑음,단일로 - 기타,승용,남,62세,상해없음,승용,남,39세,경상
2017052700100696,2017년 5월 27일 23시,토요일,전라북도 익산시 동산동,경상사고,0,0,2,0,차대차 - 추돌,안전운전불이행,건조,맑음,단일로 - 기타,승용,남,48세,상해없음,승용,여,46세,경상
2017052800100028,2017년 5월 28일 00시,일요일,전라북도 군산시 나운동,경상사고,0,0,1,0,차대차 - 후진중충돌,안전운전불이행,건조,기타,주차장 - 주차장,승용,남,50세,상해없음,승용,남,43세,경상
2017052800100101,2017년 5월 28일 06시,일요일,전라북도 남원시 신정동,경상사고,0,0,1,0,차대차 - 기타,직진우회전진행방해,건조,맑음,교차로 - 교차로안,승용,남,32세,상해없음,승용,여,47세,경상
2017052800100109,2017년 5월 28일 07시,일요일,전라북도 익산시 모현동1가,경상사고,0,0,2,0,차대차 - 측면충돌,신호위반,건조,맑음,교차로 - 교차로안,화물,남,77세,상해없음,승용,남,66세,경상
2017052800100118,2017년 5월 28일 08시,일요일,전라북도 전주시 완산구 평화동1가,경상사고,0,0,1,0,차대사람 - 보도통행중,보행자보호의무위반,건조,맑음,교차로 - 교차로부근,승용,여,29세,상해없음,보행자,여,20세,경상
2017052800100119,2017년 5월 28일 08시,일요일,전라북도 익산시 어양동,경상사고,0,0,1,0,차대차 - 측면충돌,안전운전불이행,건조,맑음,교차로 - 교차로횡단보도내,승용,남,40세,상해없음,자전거,여,62세,경상
2017052800100120,2017년 5월 28일 08시,일요일,전라북도 무주군 무주읍,경상사고,0,0,5,0,차대차 - 측면충돌,신호위반,건조,맑음,교차로 - 교차로안,승용,여,36세,상해없음,승합,남,44세,경상
2017052800100138,2017년 5월 28일 09시,일요일,전라북도 부안군 상서면,사망사고,1,0,0,0,차량단독 - 도로외이탈 - 추락,안전운전불이행,건조,맑음,교차로 - 교차로부근,화물,남,63세,사망,,,,
2017052800100184,2017년 5월 28일 11시,일요일,전라북도 군산시 수송동,경상사고,0,0,1,0,차대차 - 측면충돌,안전거리미확보,건조,맑음,단일로 - 기타,승용,남,56세,상해없음,승용,여,44세,경상
2017052800100185,2017년 5월 28일 11시,일요일,전라북도 정읍시 정우면,중상사고,0,1,0,0,차대차 - 기타,차로위반,건조,맑음,단일로 - 기타,승용,여,46세,상해없음,승용,여,56세,중상
2017052800100186,2017년 5월 28일 11시,일요일,전라북도 부안군 상서면,중상사고,0,1,0,0,차대차 - 기타,안전운전불이행,건조,맑음,단일로 - 기타,화물,여,61세,상해없음,원동기,남,61세,중상
2017052800100209,2017년 5월 28일 12시,일요일,전라북도 전주시 덕진구 덕진동1가,경상사고,0,0,1,0,차대차 - 측면충돌,교차로운행방법위반,건조,맑음,단일로 - 기타,승용,여,40세,상해없음,승용,남,37세,경상
2017052800100228,2017년 5월 28일 13시,일요일,전라북도 정읍시 농소동,경상사고,0,0,1,0,차대차 - 측면충돌,불법유턴,건조,맑음,단일로 - 기타,자전거,남,74세,경상,화물,남,42세,상해없음
2017052800100272,2017년 5월 28일 14시,일요일,전라북도 완주군 고산면,경상사고,0,0,5,0,차대차 - 기타,중앙선침범,건조,맑음,단일로 - 기타,승용,남,43세,상해없음,승용,여,38세,경상
2017052800100273,2017년 5월 28일 14시,일요일,전라북도 완주군 구이면,경상사고,0,0,1,0,차대차 - 기타,안전운전불이행,건조,맑음,단일로 - 기타,승용,남,50세,기타불명,승용,남,51세,경상
2017052800100295,2017년 5월 28일 15시,일요일,전라북도 남원시 인월면,경상사고,0,0,2,0,차대차 - 측면충돌,신호위반,건조,맑음,교차로 - 교차로안,승용,남,36세,상해없음,승합,남,54세,상해없음
2017052800100296,2017년 5월 28일 15시,일요일,전라북도 진안군 주천면,중상사고,0,1,0,0,차대차 - 정면충돌,중앙선침범,건조,맑음,단일로 - 기타,승용,남,76세,상해없음,이륜,남,37세,중상
2017052800100367,2017년 5월 28일 17시,일요일,전라북도 전주시 완산구 서서학동,경상사고,0,0,1,0,차대사람 - 기타,안전운전불이행,건조,맑음,교차로 - 교차로부근,기타불명,기타불명,미분류,기타불명,보행자,남,66세,경상
2017052800100399,2017년 5월 28일 18시,일요일,전라북도 정읍시 상동,경상사고,0,0,1,0,차대차 - 측면충돌,직진우회전진행방해,건조,맑음,교차로 - 교차로안,승용,여,47세,경상,승용,남,59세,상해없음
2017052800100421,2017년 5월 28일 19시,일요일,전라북도 군산시 동흥남동,경상사고,0,0,1,0,차대사람 - 길가장자리구역통행중,안전운전불이행,건조,맑음,단일로 - 기타,승용,여,54세,상해없음,보행자,여,16세,경상
2017052800100422,2017년 5월 28일 19시,일요일,전라북도 남원시 동충동,경상사고,0,0,1,0,차대사람 - 횡단중,안전운전불이행,건조,맑음,단일로 - 기타,승용,남,56세,상해없음,보행자,여,22세,경상
2017052800100454,2017년 5월 28일 20시,일요일,전라북도 전주시 완산구 효자동2가,사망사고,1,0,1,0,차대차 - 정면충돌,신호위반,건조,맑음,교차로 - 교차로안,화물,남,50세,경상,이륜,남,51세,사망
2017052800100455,2017년 5월 28일 20시,일요일,전라북도 남원시 보절면,경상사고,0,0,1,0,차대차 - 추돌,안전운전불이행,건조,맑음,단일로 - 기타,화물,남,71세,상해없음,농기계,남,70세,경상
2017052900100048,2017년 5월 29일 02시,월요일,전라북도 순창군 금과면,경상사고,0,0,1,0,차량단독 - 전도전복 - 전도,안전운전불이행,건조,맑음,단일로 - 기타,승용,남,26세,경상,,,,
2017052900100056,2017년 5월 29일 04시,월요일,전라북도 전주시 덕진구 호성동1가,경상사고,0,0,2,0,차대차 - 측면충돌,중앙선침범,건조,맑음,교차로 - 교차로부근,승용,남,63세,상해없음,승용,여,49세,경상
2017052900100075,2017년 5월 29일 06시,월요일,전라북도 익산시 어양동,경상사고,0,0,1,0,차대차 - 측면충돌,안전운전불이행,건조,맑음,단일로 - 기타,승용,남,26세,상해없음,승용,남,42세,경상
2017052900100132,2017년 5월 29일 08시,월요일,전라북도 전주시 완산구 상림동,중상사고,0,1,3,0,차대차 - 측면충돌,중앙선침범,건조,맑음,단일로 - 기타,승용,여,38세,중상,화물,남,26세,경상
2017052900100133,2017년 5월 29일 08시,월요일,전라북도 전주시 완산구 서노송동,경상사고,0,0,1,0,차대사람 - 횡단중,기타,건조,맑음,단일로 - 기타,승용,남,59세,상해없음,보행자,여,74세,경상
2017052900100171,2017년 5월 29일 09시,월요일,전라북도 전주시 완산구 평화동1가,경상사고,0,0,3,0,차대차 - 기타,안전거리미확보,건조,맑음,단일로 - 기타,승용,여,29세,경상,승용,남,61세,경상
2017052900100172,2017년 5월 29일 09시,월요일,전라북도 군산시 중앙로1가,경상사고,0,0,2,0,차대차 - 정면충돌,신호위반,건조,맑음,교차로 - 교차로안,승용,여,56세,상해없음,승용,남,74세,경상
2017052900100237,2017년 5월 29일 11시,월요일,전라북도 완주군 용진읍,경상사고,0,0,2,0,차대차 - 추돌,안전운전불이행,건조,맑음,교차로 - 교차로부근,건설기계,남,61세,상해없음,승용,남,81세,경상
2017052900100266,2017년 5월 29일 12시,월요일,전라북도 정읍시 수성동,중상사고,0,1,0,0,차대사람 - 횡단중,보행자보호의무위반,건조,맑음,교차로 - 교차로횡단보도내,승용,남,41세,상해없음,보행자,여,78세,중상
2017052900100328,2017년 5월 29일 14시,월요일,전라북도 정읍시 신태인읍,경상사고,0,0,1,0,차량단독 - 전도전복,안전운전불이행,건조,맑음,단일로 - 기타,이륜,남,83세,경상,미분류,미분류,미분류,미분류
2017052900100329,2017년 5월 29일 14시,월요일,전라북도 부안군 부안읍,경상사고,0,0,1,0,차대차 - 측면충돌,안전운전불이행,건조,맑음,주차장 - 주차장,원동기,여,52세,경상,승용,남,49세,상해없음
2017052900100402,2017년 5월 29일 16시,월요일,전라북도 군산시 나운동,중상사고,0,1,0,0,차대사람 - 횡단중,보행자보호의무위반,건조,맑음,교차로 - 교차로횡단보도내,승용,여,55세,상해없음,보행자,남,9세,중상
2017052900100403,2017년 5월 29일 16시,월요일,전라북도 남원시 산동면,경상사고,0,0,1,0,차대차 - 기타,중앙선침범,건조,맑음,단일로 - 기타,승용,여,45세,상해없음,승합,남,48세,상해없음
2017052900100440,2017년 5월 29일 17시,월요일,전라북도 정읍시 상동,경상사고,0,0,1,0,차대차 - 측면충돌,직진우회전진행방해,건조,맑음,교차로 - 교차로안,자전거,남,15세,경상,승용,남,43세,상해없음
2017052900100469,2017년 5월 29일 18시,월요일,전라북도 군산시 내초동,경상사고,0,0,3,0,차대차 - 추돌,안전운전불이행,건조,맑음,단일로 - 기타,승용,남,30세,상해없음,승용,여,27세,경상
2017052900100470,2017년 5월 29일 18시,월요일,전라북도 군산시 나운동,경상사고,0,0,1,0,차대차 - 기타,기타,건조,맑음,단일로 - 기타,승용,여,33세,상해없음,승용,여,29세,경상
2017052900100505,2017년 5월 29일 19시,월요일,전라북도 전주시 덕진구 인후동1가,중상사고,0,1,0,0,차대사람 - 횡단중,안전운전불이행,건조,맑음,교차로 - 교차로횡단보도내,승용,남,44세,상해없음,보행자,남,75세,중상
2017052900100527,2017년 5월 29일 20시,월요일,전라북도 정읍시 수성동,부상신고사고,0,0,0,1,차대차 - 측면충돌,불법유턴,건조,맑음,교차로 - 교차로부근,자전거,남,17세,부상신고,승용,남,58세,상해없음
2017052900100558,2017년 5월 29일 21시,월요일,전라북도 남원시 하정동,경상사고,0,0,2,0,차대차 - 측면충돌,교차로운행방법위반,건조,맑음,교차로 - 교차로안,승용,여,53세,상해없음,승용,여,26세,경상
2017052900100589,2017년 5월 29일 22시,월요일,전라북도 군산시 미룡동,경상사고,0,0,1,0,차대차 - 기타,직진우회전진행방해,건조,맑음,교차로 - 교차로안,승용,남,28세,경상,승용,남,18세,상해없음
2017053000100029,2017년 5월 30일 00시,화요일,전라북도 전주시 덕진구 금암동,경상사고,0,0,1,0,차대차 - 정면충돌,신호위반,건조,맑음,교차로 - 교차로안,승용,여,27세,상해없음,승용,남,27세,경상
2017053000100062,2017년 5월 30일 05시,화요일,전라북도 전주시 완산구 효자동3가,중상사고,0,1,0,0,차대차 - 측면충돌,신호위반,건조,맑음,교차로 - 교차로안,승용,남,66세,상해없음,원동기,남,43세,중상
2017053000100063,2017년 5월 30일 05시,화요일,전라북도 군산시 구암동,경상사고,0,0,1,0,차대차 - 측면충돌,안전운전불이행,건조,맑음,교차로 - 교차로안,승용,남,50세,상해없음,승용,남,64세,경상
2017053000100064,2017년 5월 30일 05시,화요일,전라북도 임실군 신평면,경상사고,0,0,1,0,차대차 - 측면충돌,안전운전불이행,건조,맑음,교차로 - 교차로부근,화물,남,64세,상해없음,자전거,남,80세,경상
2017053000100075,2017년 5월 30일 06시,화요일,전라북도 순창군 동계면,경상사고,0,0,1,0,차대차 - 측면충돌,안전운전불이행,건조,맑음,단일로 - 기타,농기계,남,45세,상해없음,승용,여,51세,경상
2017053000100099,2017년 5월 30일 07시,화요일,전라북도 전주시 덕진구 산정동,중상사고,0,1,1,0,차대차 - 측면충돌,직진우회전진행방해,건조,맑음,교차로 - 교차로부근,승용,여,24세,상해없음,이륜,남,75세,경상
2017053000100100,2017년 5월 30일 07시,화요일,전라북도 군산시 옥산면,경상사고,0,0,1,0,차대차 - 기타,기타,건조,맑음,교차로 - 교차로안,승용,남,53세,상해없음,농기계,남,78세,경상
2017053000100101,2017년 5월 30일 07시,화요일,전라북도 군산시 성산면,경상사고,0,0,2,0,차대차 - 기타,안전운전불이행,건조,맑음,단일로 - 기타,특수,남,48세,상해없음,승용,여,42세,경상
2017053000100102,2017년 5월 30일 07시,화요일,전라북도 군산시 경장동,경상사고,0,0,1,0,차대차 - 기타,교차로운행방법위반,건조,맑음,교차로 - 교차로부근,승용,여,33세,경상,승용,남,66세,상해없음
2017053000100137,2017년 5월 30일 08시,화요일,전라북도 전주시 완산구 서신동,경상사고,0,0,3,0,차대차 - 측면충돌,중앙선침범,건조,맑음,단일로 - 기타,승용,여,47세,경상,승용,남,29세,경상
2017053000100138,2017년 5월 30일 08시,화요일,전라북도 부안군 동진면,중상사고,0,1,0,0,차대차 - 측면충돌,안전운전불이행,건조,맑음,단일로 - 기타,승용,남,39세,상해없음,화물,남,66세,중상
2017053000100175,2017년 5월 30일 09시,화요일,전라북도 익산시 신흥동,경상사고,0,0,1,0,차대차 - 측면충돌,신호위반,건조,맑음,교차로 - 교차로안,승용,여,44세,상해없음,승용,여,39세,경상
2017053000100176,2017년 5월 30일 09시,화요일,전라북도 김제시 검산동,중상사고,0,2,0,0,차대차 - 측면충돌,신호위반,건조,맑음,교차로 - 교차로안,승용,남,57세,상해없음,승용,남,56세,상해없음
2017053000100206,2017년 5월 30일 10시,화요일,전라북도 전주시 완산구 서신동,경상사고,0,0,1,0,차대차 - 측면충돌,신호위반,건조,맑음,교차로 - 교차로안,승용,남,31세,상해없음,승용,남,46세,경상
2017053000100207,2017년 5월 30일 10시,화요일,전라북도 전주시 덕진구 금암동,경상사고,0,0,1,0,차대사람 - 횡단중,보행자보호의무위반,건조,맑음,단일로 - 기타,승용,여,43세,상해없음,보행자,여,19세,경상
2017053000100208,2017년 5월 30일 10시,화요일,전라북도 고창군 대산면,중상사고,0,1,1,0,차대차 - 정면충돌,안전운전불이행,건조,맑음,단일로 - 기타,승합,남,70세,상해없음,화물,남,45세,중상
2017053000100264,2017년 5월 30일 12시,화요일,전라북도 전주시 덕진구 금암동,경상사고,0,0,2,0,차대차 - 측면충돌,중앙선침범,건조,맑음,교차로 - 교차로부근,승용,여,36세,상해없음,승용,남,70세,경상
2017053000100265,2017년 5월 30일 12시,화요일,전라북도 군산시 지곡동,중상사고,0,1,0,0,차대사람 - 횡단중,안전운전불이행,건조,맑음,주차장 - 주차장,승용,남,46세,상해없음,보행자,여,68세,중상
2017053000100266,2017년 5월 30일 12시,화요일,전라북도 임실군 임실읍,중상사고,0,2,0,0,차대차 - 측면충돌,교차로운행방법위반,건조,맑음,교차로 - 교차로안,승용,남,28세,상해없음,이륜,여,21세,중상
2017053000100292,2017년 5월 30일 13시,화요일,전라북도 정읍시 북면,경상사고,0,0,2,0,차대차 - 측면충돌,직진우회전진행방해,건조,맑음,교차로 - 교차로안,승용,여,46세,경상,화물,남,56세,경상
2017053000100293,2017년 5월 30일 13시,화요일,전라북도 순창군 순창읍,경상사고,0,0,1,0,차대차 - 측면충돌,직진우회전진행방해,건조,맑음,교차로 - 교차로안,이륜,여,68세,경상,화물,남,31세,상해없음
2017053000100327,2017년 5월 30일 14시,화요일,전라북도 정읍시 이평면,사망사고,1,0,0,0,차대차 - 정면충돌,안전운전불이행,건조,맑음,단일로 - 기타,화물,남,53세,상해없음,이륜,여,73세,사망
2017053000100350,2017년 5월 30일 15시,화요일,전라북도 익산시 신동,중상사고,0,1,0,0,차대차 - 측면충돌,안전운전불이행,건조,맑음,교차로 - 교차로안,승용,여,58세,중상,승용,남,67세,상해없음
2017053000100459,2017년 5월 30일 18시,화요일,전라북도 전주시 완산구 효자동1가,경상사고,0,0,2,0,차대차 - 기타,안전거리미확보,건조,맑음,단일로 - 기타,승용,남,63세,상해없음,승용,남,26세,경상
2017053000100460,2017년 5월 30일 18시,화요일,전라북도 익산시 동산동,경상사고,0,0,1,0,차대사람 - 기타,안전운전불이행,건조,맑음,단일로 - 기타,승용,남,38세,상해없음,보행자,여,44세,경상
2017053000100461,2017년 5월 30일 18시,화요일,전라북도 정읍시 상동,부상신고사고,0,0,0,1,차대차 - 측면충돌,중앙선침범,건조,맑음,단일로 - 기타,자전거,남,75세,부상신고,승용,여,42세,상해없음
2017053000100486,2017년 5월 30일 19시,화요일,전라북도 군산시 지곡동,경상사고,0,0,1,0,차대차 - 측면충돌,안전운전불이행,건조,맑음,교차로 - 교차로안,특수,남,34세,상해없음,이륜,남,21세,경상
2017053000100518,2017년 5월 30일 20시,화요일,전라북도 군산시 수송동,중상사고,0,1,0,0,차대차 - 측면충돌,신호위반,건조,맑음,교차로 - 교차로안,승용,남,29세,상해없음,이륜,남,28세,중상
2017053000100519,2017년 5월 30일 20시,화요일,전라북도 익산시 창인동1가,중상사고,0,1,0,0,차대사람 - 횡단중,안전운전불이행,건조,맑음,단일로 - 기타,승용,여,52세,상해없음,보행자,남,62세,중상
2017053000100520,2017년 5월 30일 20시,화요일,전라북도 김제시 난봉동,중상사고,0,1,0,0,차대차 - 추돌,안전운전불이행,건조,맑음,단일로 - 기타,화물,남,45세,상해없음,농기계,남,34세,중상
2017053000100521,2017년 5월 30일 20시,화요일,전라북도 순창군 팔덕면,경상사고,0,0,1,0,차대사람 - 기타,안전운전불이행,건조,맑음,단일로 - 기타,승용,남,47세,상해없음,보행자,남,65세,경상
2017053000100576,2017년 5월 30일 22시,화요일,전라북도 전주시 완산구 서신동,경상사고,0,0,1,0,차대사람 - 횡단중,안전운전불이행,건조,맑음,기타 - 기타,자전거,남,20세,상해없음,보행자,남,49세,경상
2017053100100026,2017년 5월 31일 00시,수요일,전라북도 익산시 동산동,중상사고,0,1,0,0,차대사람 - 횡단중,안전운전불이행,건조,맑음,단일로 - 기타,기타불명,기타불명,미분류,기타불명,보행자,남,24세,중상
2017053100100038,2017년 5월 31일 01시,수요일,전라북도 김제시 요촌동,경상사고,0,0,1,0,차대차 - 측면충돌,안전운전불이행,건조,맑음,교차로 - 교차로안,승용,남,19세,상해없음,이륜,여,59세,기타불명
2017053100100056,2017년 5월 31일 04시,수요일,전라북도 김제시 청하면,중상사고,0,1,0,0,차대차 - 정면충돌,직진우회전진행방해,건조,맑음,교차로 - 교차로안,이륜,여,66세,중상,승용,남,44세,상해없음
2017053100100076,2017년 5월 31일 06시,수요일,전라북도 완주군 봉동읍,경상사고,0,0,1,0,차대차 - 측면충돌,신호위반,건조,맑음,교차로 - 교차로안,승합,남,60세,상해없음,승용,남,24세,경상
2017053100100096,2017년 5월 31일 07시,수요일,전라북도 전주시 덕진구 덕진동2가,경상사고,0,0,1,0,차대차 - 측면충돌,교차로운행방법위반,건조,맑음,교차로 - 교차로안,승용,남,58세,상해없음,승용,남,35세,경상
2017053100100097,2017년 5월 31일 07시,수요일,전라북도 군산시 옥서면,경상사고,0,0,1,0,차대차 - 측면충돌,직진우회전진행방해,건조,맑음,교차로 - 교차로안,승용,여,64세,상해없음,화물,남,42세,경상
2017053100100165,2017년 5월 31일 09시,수요일,전라북도 군산시 산북동,경상사고,0,0,1,0,차대차 - 측면충돌,직진우회전진행방해,건조,맑음,교차로 - 교차로안,승합,남,66세,상해없음,자전거,남,60세,경상
2017053100100192,2017년 5월 31일 10시,수요일,전라북도 정읍시 수성동,경상사고,0,0,1,0,차대차 - 측면충돌,안전운전불이행,건조,맑음,교차로 - 교차로안,승용,남,55세,상해없음,이륜,남,57세,경상
2017053100100238,2017년 5월 31일 12시,수요일,전라북도 전주시 덕진구 금암동,중상사고,0,1,0,0,차대차 - 측면충돌,안전운전불이행,건조,맑음,단일로 - 기타,승용,남,62세,상해없음,승용,남,41세,중상
2017053100100260,2017년 5월 31일 13시,수요일,전라북도 군산시 옥산면,경상사고,0,0,1,0,차대차 - 추돌,안전운전불이행,건조,맑음,교차로 - 교차로부근,화물,남,63세,상해없음,승용,여,41세,경상
2017053100100287,2017년 5월 31일 14시,수요일,전라북도 전주시 완산구 풍남동3가,경상사고,0,0,2,0,차대차 - 정면충돌,중앙선침범,젖음/습기,비,교차로 - 교차로부근,승용,남,78세,상해없음,승용,남,70세,경상
2017053100100288,2017년 5월 31일 14시,수요일,전라북도 전주시 덕진구 덕진동2가,경상사고,0,0,1,0,차대차 - 추돌,신호위반,젖음/습기,맑음,교차로 - 교차로안,승용,남,38세,상해없음,승용,남,45세,경상
2017053100100289,2017년 5월 31일 14시,수요일,전라북도 군산시 문화동,중상사고,0,1,0,0,차대사람 - 횡단중,안전운전불이행,젖음/습기,맑음,단일로 - 기타,승용,여,32세,상해없음,보행자,여,69세,중상
2017053100100323,2017년 5월 31일 15시,수요일,전라북도 익산시 부송동,경상사고,0,0,4,0,차대차 - 추돌,안전거리미확보,건조,맑음,단일로 - 기타,화물,남,46세,상해없음,승용,남,72세,경상
2017053100100324,2017년 5월 31일 15시,수요일,전라북도 부안군 부안읍,중상사고,0,1,1,0,차대차 - 측면충돌,신호위반,건조,맑음,교차로 - 교차로안,원동기,남,82세,중상,승용,남,36세,경상