사고번호,사고일시,요일,시군구,사고내용,사망자수,중상자수,경상자수,부상신고자수,사고유형,법규위반,노면상태,기상상태,도로형태,가해운전자 차종,가해운전자 성별,가해운전자 연령,가해운전자 상해정도,피해운전자 차종,피해운전자 성별,피해운전자 연령,피해운전자 상해정도
2017053100100367,2017년 5월 31일 16시,수요일,전라북도 익산시 인화동2가,경상사고,0,0,1,0,차대차 - 정면충돌,신호위반,건조,흐림,교차로 - 교차로안,승용,남,57세,상해없음,승용,남,66세,경상
2017053100100401,2017년 5월 31일 17시,수요일,전라북도 군산시 나운동,경상사고,0,0,1,0,차대차 - 측면충돌,교차로운행방법위반,젖음/습기,비,교차로 - 교차로부근,승용,여,48세,상해없음,승용,여,44세,경상
2017053100100442,2017년 5월 31일 18시,수요일,전라북도 전주시 완산구 서신동,중상사고,0,1,0,0,차대사람 - 횡단중,보행자보호의무위반,젖음/습기,비,교차로 - 교차로횡단보도내,승합,남,63세,상해없음,보행자,여,77세,중상
2017053100100443,2017년 5월 31일 18시,수요일,전라북도 군산시 명산동,경상사고,0,0,2,0,차대차 - 추돌,안전운전불이행,젖음/습기,맑음,교차로 - 교차로부근,승용,여,37세,상해없음,승용,남,30세,경상
2017053100100504,2017년 5월 31일 20시,수요일,전라북도 익산시 어양동,경상사고,0,0,2,0,차대차 - 기타,안전운전불이행,건조,맑음,단일로 - 기타,화물,남,41세,상해없음,승합,남,32세,경상
2017053100100505,2017년 5월 31일 20시,수요일,전라북도 정읍시 수성동,경상사고,0,0,1,0,차대차 - 추돌,안전운전불이행,건조,맑음,교차로 - 교차로부근,승용,남,55세,상해없음,승용,여,33세,경상
2017053100100561,2017년 5월 31일 22시,수요일,전라북도 완주군 삼례읍,경상사고,0,0,1,0,차대차 - 측면충돌,안전운전불이행,건조,맑음,교차로 - 교차로안,승용,여,38세,상해없음,자전거,여,53세,경상
2017060100100031,2017년 6월 1일 00시,목요일,전라북도 전주시 덕진구 만성동,경상사고,0,0,4,0,차대차 - 측면충돌,기타,젖음/습기,흐림,단일로 - 기타,승용,남,30세,상해없음,승용,남,38세,경상
2017060100100067,2017년 6월 1일 04시,목요일,전라북도 전주시 완산구 중화산동2가,경상사고,0,0,2,0,차대차 - 측면충돌,신호위반,건조,맑음,교차로 - 교차로안,승용,여,63세,상해없음,승용,남,44세,경상
2017060100100074,2017년 6월 1일 05시,목요일,전라북도 순창군 동계면,중상사고,0,1,0,0,차대차 - 측면충돌,직진우회전진행방해,건조,맑음,교차로 - 교차로안,이륜,여,69세,중상,화물,남,58세,상해없음
2017060100100196,2017년 6월 1일 10시,목요일,전라북도 익산시 모현동1가,경상사고,0,0,1,0,차대사람 - 기타,기타,건조,맑음,교차로 - 교차로부근,승용,남,61세,상해없음,보행자,여,49세,경상
2017060100100245,2017년 6월 1일 12시,목요일,전라북도 완주군 용진읍,중상사고,0,1,0,0,차대차 - 측면충돌,안전운전불이행,건조,맑음,단일로 - 기타,원동기,남,74세,중상,승용,남,55세,상해없음
2017060100100279,2017년 6월 1일 13시,목요일,전라북도 정읍시 태인면,중상사고,0,1,0,0,차대차 - 측면충돌,중앙선침범,건조,맑음,교차로 - 교차로부근,화물,여,62세,상해없음,승용,남,78세,중상
2017060100100280,2017년 6월 1일 13시,목요일,전라북도 김제시 서암동,경상사고,0,0,1,0,차대사람 - 횡단중,안전운전불이행,건조,맑음,교차로 - 교차로안,승용,여,33세,상해없음,보행자,남,65세,경상
2017060100100345,2017년 6월 1일 15시,목요일,전라북도 전주시 덕진구 여의동,중상사고,0,1,1,0,차대차 - 측면충돌,안전운전불이행,건조,맑음,교차로 - 교차로부근,건설기계,남,43세,경상,승용,여,33세,중상
2017060100100346,2017년 6월 1일 15시,목요일,전라북도 군산시 수송동,경상사고,0,0,1,0,차대차 - 추돌,안전운전불이행,건조,맑음,교차로 - 교차로부근,승용,남,53세,상해없음,이륜,여,53세,경상
2017060100100425,2017년 6월 1일 17시,목요일,전라북도 전주시 덕진구 진북동,사망사고,1,0,0,0,차대사람 - 횡단중,안전운전불이행,건조,맑음,단일로 - 기타,승용,여,47세,상해없음,보행자,남,50세,사망
2017060100100426,2017년 6월 1일 17시,목요일,전라북도 군산시 미장동,부상신고사고,0,0,0,1,차대사람 - 횡단중,안전운전불이행,건조,맑음,단일로 - 기타,승합,남,68세,상해없음,보행자,여,8세,부상신고
2017060100100427,2017년 6월 1일 17시,목요일,전라북도 군산시 대야면,경상사고,0,0,1,0,차대차 - 추돌,안전거리미확보,건조,흐림,단일로 - 기타,화물,남,55세,상해없음,승용,여,51세,경상
2017060100100428,2017년 6월 1일 17시,목요일,전라북도 군산시 조촌동,경상사고,0,0,1,0,차대사람 - 횡단중,안전운전불이행,건조,맑음,단일로 - 기타,승용,남,44세,상해없음,보행자,여,7세,경상
2017060100100429,2017년 6월 1일 17시,목요일,전라북도 익산시 어양동,중상사고,0,2,0,0,차대차 - 측면충돌,안전운전불이행,건조,맑음,교차로 - 교차로안,승용,남,58세,상해없음,이륜,남,76세,중상
2017060100100430,2017년 6월 1일 17시,목요일,전라북도 익산시 모현동2가,경상사고,0,0,1,0,차대차 - 측면충돌,안전운전불이행,건조,맑음,교차로 - 교차로안,원동기,남,51세,상해없음,자전거,여,59세,경상
2017060100100478,2017년 6월 1일 18시,목요일,전라북도 익산시 영등동,중상사고,0,1,0,0,차대사람 - 횡단중,보행자보호의무위반,건조,맑음,단일로 - 기타,승용,남,60세,상해없음,보행자,여,22세,중상
2017060100100479,2017년 6월 1일 18시,목요일,전라북도 순창군 순창읍,중상사고,0,1,0,0,차대사람 - 횡단중,보행자보호의무위반,건조,맑음,교차로 - 교차로안,승용,여,40세,상해없음,보행자,여,62세,중상
2017060100100517,2017년 6월 1일 19시,목요일,전라북도 전주시 완산구 효자동2가,경상사고,0,0,2,0,차대차 - 기타,중앙선침범,건조,맑음,단일로 - 기타,승용,여,26세,상해없음,승용,남,39세,경상
2017060100100542,2017년 6월 1일 20시,목요일,전라북도 순창군 금과면,경상사고,0,0,1,0,차량단독 - 전도전복,안전운전불이행,건조,맑음,단일로 - 기타,이륜,남,24세,경상,미분류,미분류,미분류,미분류
2017060100100543,2017년 6월 1일 20시,목요일,전라북도 완주군 구이면,사망사고,1,0,2,0,차대차 - 추돌,과속,건조,맑음,단일로 - 기타,화물,남,49세,경상,건설기계,남,43세,경상
2017060100100567,2017년 6월 1일 21시,목요일,전라북도 무주군 무풍면,중상사고,0,2,0,0,차대차 - 기타,안전운전불이행,건조,맑음,교차로 - 교차로안,승용,여,27세,중상,승용,여,62세,중상
2017060100100592,2017년 6월 1일 22시,목요일,전라북도 전주시 완산구 효자동2가,경상사고,0,0,3,0,차대차 - 측면충돌,중앙선침범,건조,맑음,단일로 - 기타,승용,남,21세,상해없음,승용,남,29세,경상
2017060100100593,2017년 6월 1일 22시,목요일,전라북도 전주시 완산구 효자동2가,경상사고,0,0,1,0,차대차 - 추돌,안전운전불이행,건조,맑음,교차로 - 교차로부근,승용,남,21세,상해없음,승용,남,24세,경상
2017060100100594,2017년 6월 1일 22시,목요일,전라북도 전주시 완산구 중화산동2가,경상사고,0,0,1,0,차대차 - 추돌,안전운전불이행,건조,맑음,교차로 - 교차로부근,승용,여,40세,상해없음,승용,여,35세,경상
2017060200100091,2017년 6월 2일 05시,금요일,전라북도 익산시 중앙동3가,중상사고,0,1,1,0,차대차 - 측면충돌,신호위반,건조,맑음,교차로 - 교차로안,승용,남,50세,상해없음,승용,남,69세,중상
2017060200100092,2017년 6월 2일 05시,금요일,전라북도 고창군 고수면,중상사고,0,1,1,0,차대차 - 정면충돌,신호위반,건조,맑음,교차로 - 교차로안,화물,남,48세,상해없음,화물,남,37세,경상
2017060200100132,2017년 6월 2일 07시,금요일,전라북도 군산시 서흥남동,중상사고,0,1,0,0,차대사람 - 횡단중,안전운전불이행,건조,맑음,단일로 - 기타,승용,여,63세,상해없음,보행자,남,73세,중상
2017060200100179,2017년 6월 2일 08시,금요일,전라북도 전주시 완산구 효자동3가,중상사고,0,1,0,0,차량단독 - 전도전복,안전운전불이행,건조,맑음,단일로 - 교량,이륜,남,18세,상해없음,미분류,미분류,미분류,미분류
2017060200100180,2017년 6월 2일 08시,금요일,전라북도 군산시 조촌동,경상사고,0,0,2,0,차대차 - 측면충돌,안전운전불이행,건조,맑음,단일로 - 지하차도(도로)내,승용,여,36세,상해없음,승용,여,64세,경상
2017060200100181,2017년 6월 2일 08시,금요일,전라북도 익산시 영등동,중상사고,0,1,0,0,차대차 - 측면충돌,안전운전불이행,건조,맑음,교차로 - 교차로부근,화물,남,47세,상해없음,자전거,남,41세,중상
2017060200100182,2017년 6월 2일 08시,금요일,전라북도 익산시 영등동,경상사고,0,0,1,0,차대차 - 측면충돌,안전운전불이행,건조,맑음,교차로 - 교차로부근,승용,여,27세,경상,승용,남,36세,상해없음
2017060200100183,2017년 6월 2일 08시,금요일,전라북도 김제시 용지면,중상사고,0,1,0,0,차대차 - 측면충돌,교차로운행방법위반,건조,맑음,교차로 - 교차로안,이륜,남,74세,중상,승합,남,59세,상해없음
2017060200100220,2017년 6월 2일 09시,금요일,전라북도 정읍시 상동,경상사고,0,0,1,0,차대차 - 측면충돌,직진우회전진행방해,건조,맑음,교차로 - 교차로안,승용,여,36세,상해없음,승용,남,44세,경상
2017060200100221,2017년 6월 2일 09시,금요일,전라북도 남원시 금동,중상사고,0,1,0,0,차대사람 - 횡단중,신호위반,건조,맑음,교차로 - 교차로횡단보도내,승용,남,71세,상해없음,보행자,여,81세,중상
2017060200100248,2017년 6월 2일 10시,금요일,전라북도 전주시 덕진구 고랑동,경상사고,0,0,1,0,차대차 - 측면충돌,안전운전불이행,건조,맑음,교차로 - 교차로부근,승용,여,56세,상해없음,특수,남,49세,경상
2017060200100249,2017년 6월 2일 10시,금요일,전라북도 군산시 비응도동,경상사고,0,0,1,0,차대차 - 측면충돌,직진우회전진행방해,건조,맑음,교차로 - 교차로안,승용,남,31세,상해없음,승용,남,47세,경상
2017060200100274,2017년 6월 2일 11시,금요일,전라북도 정읍시 시기동,경상사고,0,0,2,0,차대차 - 측면충돌,신호위반,건조,맑음,교차로 - 교차로안,승용,남,80세,상해없음,승용,남,40세,경상
2017060200100316,2017년 6월 2일 13시,금요일,전라북도 군산시 대명동,경상사고,0,0,2,0,차대차 - 측면충돌,신호위반,건조,맑음,교차로 - 교차로안,승용,여,69세,상해없음,승용,여,34세,경상
2017060200100317,2017년 6월 2일 13시,금요일,전라북도 익산시 금마면,경상사고,0,0,2,0,차량단독 - 공작물충돌,안전운전불이행,건조,맑음,단일로 - 기타,승용,남,62세,상해없음,,,,
2017060200100378,2017년 6월 2일 15시,금요일,전라북도 장수군 장계면,중상사고,0,1,1,0,차대차 - 측면충돌,안전운전불이행,건조,맑음,교차로 - 교차로안,승용,남,57세,상해없음,사륜오토바이(ATV),남,84세,경상
2017060200100459,2017년 6월 2일 17시,금요일,전라북도 군산시 소룡동,경상사고,0,0,1,0,차대차 - 기타,신호위반,건조,맑음,단일로 - 기타,승합,남,40세,상해없음,화물,남,49세,경상
2017060200100505,2017년 6월 2일 18시,금요일,전라북도 남원시 도통동,중상사고,0,1,0,0,차대차 - 측면충돌,안전운전불이행,건조,맑음,단일로 - 기타,자전거,남,12세,상해없음,자전거,여,61세,중상
2017060200100617,2017년 6월 2일 21시,금요일,전라북도 군산시 산북동,중상사고,0,1,1,0,차대차 - 추돌,안전운전불이행,건조,맑음,단일로 - 지하차도(도로)내,승용,남,27세,상해없음,승용,남,49세,경상
2017060200100618,2017년 6월 2일 21시,금요일,전라북도 임실군 관촌면,중상사고,0,1,1,0,차량단독 - 전도전복 - 전도,안전운전불이행,건조,맑음,단일로 - 기타,승용,남,65세,경상,,,,
2017060200100643,2017년 6월 2일 22시,금요일,전라북도 군산시 수송동,경상사고,0,0,1,0,차대사람 - 횡단중,안전운전불이행,건조,맑음,미분류 - 미분류,승용,여,44세,상해없음,보행자,남,53세,경상
2017060200100644,2017년 6월 2일 22시,금요일,전라북도 익산시 영등동,경상사고,0,0,1,0,차량단독 - 공작물충돌,안전운전불이행,건조,맑음,교차로 - 교차로부근,승용,여,47세,경상,,,,
2017060200100645,2017년 6월 2일 22시,금요일,전라북도 익산시 영등동,경상사고,0,0,3,0,차대차 - 측면충돌,차로위반,건조,맑음,교차로 - 교차로안,승용,남,58세,상해없음,승용,남,62세,경상
2017060200100646,2017년 6월 2일 22시,금요일,전라북도 익산시 영등동,경상사고,0,0,1,0,차대차 - 측면충돌,중앙선침범,건조,맑음,단일로 - 기타,승용,남,28세,상해없음,이륜,남,18세,경상
2017060300100072,2017년 6월 3일 02시,토요일,전라북도 전주시 완산구 중동,경상사고,0,0,1,0,차대차 - 측면충돌,신호위반,건조,맑음,교차로 - 교차로안,승용,남,39세,상해없음,승용,남,54세,경상
2017060300100089,2017년 6월 3일 03시,토요일,전라북도 전주시 완산구 중화산동1가,중상사고,0,1,0,0,차대차 - 추돌,안전운전불이행,건조,맑음,교차로 - 교차로부근,승용,남,25세,상해없음,승용,여,55세,중상
2017060300100137,2017년 6월 3일 07시,토요일,전라북도 군산시 개정면,경상사고,0,0,1,0,차대차 - 추돌,안전거리미확보,건조,맑음,단일로 - 기타,화물,남,59세,상해없음,화물,남,49세,경상
2017060300100138,2017년 6월 3일 07시,토요일,전라북도 익산시 인화동1가,경상사고,0,0,2,0,차대차 - 측면충돌,안전운전불이행,건조,맑음,교차로 - 교차로부근,승용,남,63세,경상,승합,남,40세,경상
2017060300100155,2017년 6월 3일 08시,토요일,전라북도 전주시 완산구 서서학동,경상사고,0,0,1,0,차대사람 - 기타,기타,건조,맑음,단일로 - 기타,승용,남,60세,상해없음,보행자,남,17세,경상
2017060300100156,2017년 6월 3일 08시,토요일,전라북도 전주시 완산구 효자동3가,경상사고,0,0,3,0,차대차 - 측면충돌,신호위반,건조,맑음,교차로 - 교차로안,승용,남,55세,상해없음,승용,남,40세,경상
2017060300100157,2017년 6월 3일 08시,토요일,전라북도 정읍시 하북동,경상사고,0,0,2,0,차대차 - 정면충돌,직진우회전진행방해,건조,맑음,교차로 - 교차로안,승용,남,62세,상해없음,승용,남,48세,경상
2017060300100158,2017년 6월 3일 08시,토요일,전라북도 남원시 화정동,중상사고,0,2,0,0,차대차 - 기타,중앙선침범,건조,맑음,단일로 - 기타,화물,남,65세,상해없음,화물,여,56세,중상
2017060300100205,2017년 6월 3일 10시,토요일,전라북도 정읍시 신태인읍,경상사고,0,0,1,0,차대사람 - 횡단중,안전운전불이행,건조,맑음,교차로 - 교차로부근,승합,남,47세,상해없음,보행자,여,81세,경상
2017060300100238,2017년 6월 3일 11시,토요일,전라북도 전주시 완산구 서노송동,경상사고,0,0,1,0,차대사람 - 횡단중,보행자보호의무위반,건조,맑음,교차로 - 교차로횡단보도내,승용,남,57세,상해없음,보행자,여,69세,경상
2017060300100239,2017년 6월 3일 11시,토요일,전라북도 무주군 무주읍,경상사고,0,0,3,0,차대차 - 기타,안전운전불이행,건조,맑음,단일로 - 기타,승용,여,46세,상해없음,이륜,남,56세,경상
2017060300100281,2017년 6월 3일 12시,토요일,전라북도 정읍시 수성동,중상사고,0,1,0,0,차대차 - 측면충돌,안전운전불이행,건조,맑음,교차로 - 교차로안,자전거,남,13세,중상,승용,여,73세,상해없음
2017060300100319,2017년 6월 3일 13시,토요일,전라북도 임실군 임실읍,중상사고,0,2,1,0,차대차 - 측면충돌,안전운전불이행,건조,맑음,단일로 - 기타,화물,남,53세,상해없음,승용,여,56세,경상
2017060300100357,2017년 6월 3일 14시,토요일,전라북도 전주시 덕진구 진북동,경상사고,0,0,1,0,차대사람 - 횡단중,안전운전불이행,건조,맑음,단일로 - 기타,승용,남,27세,상해없음,보행자,여,14세,경상
2017060300100358,2017년 6월 3일 14시,토요일,전라북도 군산시 소룡동,경상사고,0,0,2,0,차대차 - 기타,중앙선침범,건조,맑음,교차로 - 교차로안,자전거,남,13세,경상,승용,여,33세,상해없음
2017060300100359,2017년 6월 3일 14시,토요일,전라북도 진안군 백운면,중상사고,0,1,2,0,차대차 - 측면충돌,직진우회전진행방해,건조,맑음,교차로 - 교차로안,승용,남,27세,경상,승용,여,56세,중상
2017060300100360,2017년 6월 3일 14시,토요일,전라북도 순창군 금과면,경상사고,0,0,1,0,차대차 - 측면충돌,안전운전불이행,건조,맑음,단일로 - 기타,화물,남,44세,상해없음,농기계,남,67세,경상
2017060300100388,2017년 6월 3일 15시,토요일,전라북도 전주시 덕진구 진북동,경상사고,0,0,2,0,차대차 - 추돌,안전운전불이행,건조,맑음,단일로 - 터널,승용,남,28세,상해없음,승용,남,57세,경상
2017060300100389,2017년 6월 3일 15시,토요일,전라북도 임실군 덕치면,중상사고,0,1,0,0,차대차 - 정면충돌,안전운전불이행,건조,맑음,단일로 - 기타,승용,여,55세,상해없음,농기계,남,76세,중상
2017060300100481,2017년 6월 3일 17시,토요일,전라북도 익산시 신동,경상사고,0,0,1,0,차대차 - 측면충돌,신호위반,건조,맑음,교차로 - 교차로안,승용,남,18세,상해없음,원동기,남,21세,경상
2017060300100592,2017년 6월 3일 20시,토요일,전라북도 전주시 완산구 중앙동3가,중상사고,0,1,0,0,차대사람 - 기타,기타,건조,맑음,단일로 - 기타,승합,남,59세,상해없음,보행자,여,59세,중상
2017060300100593,2017년 6월 3일 20시,토요일,전라북도 익산시 영등동,경상사고,0,0,1,0,차대차 - 측면충돌,중앙선침범,건조,맑음,단일로 - 기타,승용,남,53세,상해없음,원동기,남,60세,경상
2017060300100627,2017년 6월 3일 21시,토요일,전라북도 전주시 완산구 중화산동2가,경상사고,0,0,7,0,차대차 - 측면충돌,신호위반,건조,맑음,단일로 - 기타,승용,남,42세,상해없음,승용,남,61세,경상
2017060300100628,2017년 6월 3일 21시,토요일,전라북도 익산시 오산면,경상사고,0,0,1,0,차대차 - 측면충돌,안전거리미확보,건조,맑음,단일로 - 기타,승용,남,18세,상해없음,승용,여,56세,경상
2017060300100649,2017년 6월 3일 22시,토요일,전라북도 남원시 도통동,경상사고,0,0,6,0,차대차 - 측면충돌,신호위반,건조,맑음,교차로 - 교차로안,승용,남,19세,상해없음,승용,남,56세,경상
2017060400100023,2017년 6월 4일 00시,일요일,전라북도 군산시 나운동,사망사고,1,0,0,0,차대사람 - 기타,안전운전불이행,건조,맑음,교차로 - 교차로안,승용,남,30세,상해없음,보행자,남,41세,사망
2017060400100140,2017년 6월 4일 09시,일요일,전라북도 군산시 수송동,경상사고,0,0,1,0,차대차 - 측면충돌,안전운전불이행,건조,맑음,단일로 - 기타,승용,남,71세,경상,승용,남,58세,상해없음
2017060400100186,2017년 6월 4일 11시,일요일,전라북도 전주시 덕진구 반월동,중상사고,0,1,0,0,차대차 - 측면충돌,중앙선침범,건조,맑음,교차로 - 교차로부근,승용,여,24세,상해없음,승용,여,61세,중상
2017060400100212,2017년 6월 4일 12시,일요일,전라북도 부안군 상서면,경상사고,0,0,1,0,차대사람 - 횡단중,보행자보호의무위반,건조,맑음,교차로 - 교차로부근,승용,남,74세,상해없음,보행자,여,49세,경상
2017060400100243,2017년 6월 4일 13시,일요일,전라북도 순창군 인계면,경상사고,0,0,1,0,차량단독 - 도로외이탈 - 기타,안전운전불이행,건조,맑음,단일로 - 기타,농기계,남,74세,경상,,,,
2017060400100306,2017년 6월 4일 15시,일요일,전라북도 전주시 완산구 삼천동1가,경상사고,0,0,1,0,차대사람 - 횡단중,보행자보호의무위반,건조,맑음,교차로 - 교차로횡단보도내,승용,남,69세,상해없음,보행자,여,23세,경상
2017060400100307,2017년 6월 4일 15시,일요일,전라북도 부안군 행안면,중상사고,0,1,1,0,차량단독 - 공작물충돌,안전운전불이행,건조,맑음,단일로 - 기타,승용,남,28세,경상,,,,
2017060400100357,2017년 6월 4일 17시,일요일,전라북도 전주시 완산구 중화산동2가,경상사고,0,0,1,0,차대사람 - 횡단중,안전운전불이행,건조,맑음,기타 - 기타,승용,여,35세,상해없음,보행자,남,4세,경상
2017060400100393,2017년 6월 4일 18시,일요일,전라북도 전주시 완산구 효자동3가,경상사고,0,0,3,0,차대차 - 측면충돌,신호위반,건조,맑음,교차로 - 교차로안,승용,남,38세,경상,승용,남,27세,경상
2017060400100442,2017년 6월 4일 20시,일요일,전라북도 김제시 검산동,중상사고,0,1,1,0,차대차 - 측면충돌,신호위반,건조,맑음,교차로 - 교차로안,화물,남,51세,상해없음,승용,여,37세,경상
2017060400100492,2017년 6월 4일 22시,일요일,전라북도 전주시 덕진구 인후동1가,경상사고,0,0,1,0,차대차 - 추돌,안전거리미확보,건조,맑음,교차로 - 교차로부근,승용,남,56세,상해없음,승용,남,33세,상해없음
2017060500100025,2017년 6월 5일 00시,월요일,전라북도 전주시 완산구 효자동3가,경상사고,0,0,1,0,차대차 - 기타,신호위반,건조,맑음,교차로 - 교차로안,승용,남,21세,상해없음,이륜,남,23세,경상
2017060500100039,2017년 6월 5일 01시,월요일,전라북도 남원시 동충동,사망사고,1,0,0,0,차대사람 - 기타,안전운전불이행,건조,맑음,단일로 - 기타,승용,남,53세,상해없음,보행자,남,33세,사망
2017060500100087,2017년 6월 5일 07시,월요일,전라북도 군산시 경장동,경상사고,0,0,1,0,차대차 - 측면충돌,신호위반,건조,맑음,교차로 - 교차로안,승용,남,70세,상해없음,승합,남,50세,경상
2017060500100088,2017년 6월 5일 07시,월요일,전라북도 익산시 남중동,중상사고,0,1,0,0,차대사람 - 횡단중,안전운전불이행,건조,맑음,교차로 - 교차로안,화물,남,41세,상해없음,보행자,남,90세 이상,중상
2017060500100089,2017년 6월 5일 07시,월요일,전라북도 익산시 송학동,경상사고,0,0,1,0,차대차 - 측면충돌,신호위반,건조,맑음,교차로 - 교차로안,승용,여,65세,상해없음,승용,남,65세,경상
2017060500100120,2017년 6월 5일 08시,월요일,전라북도 군산시 해망동,경상사고,0,0,1,0,차대사람 - 횡단중,안전운전불이행,건조,맑음,단일로 - 기타,승용,여,58세,상해없음,보행자,여,24세,경상
2017060500100193,2017년 6월 5일 10시,월요일,전라북도 군산시 소룡동,부상신고사고,0,0,0,1,차량단독 - 전도전복 - 전도,안전운전불이행,건조,맑음,단일로 - 기타,승용,여,26세,부상신고,,,,
2017060500100194,2017년 6월 5일 10시,월요일,전라북도 부안군 하서면,경상사고,0,0,1,0,차대차 - 측면충돌,신호위반,건조,맑음,교차로 - 교차로안,승용,남,63세,상해없음,승합,여,29세,경상
2017060500100249,2017년 6월 5일 12시,월요일,전라북도 익산시 인화동2가,경상사고,0,0,1,0,차대사람 - 길가장자리구역통행중,안전운전불이행,건조,맑음,단일로 - 기타,이륜,남,81세,상해없음,보행자,여,70세,경상
2017060500100250,2017년 6월 5일 12시,월요일,전라북도 부안군 부안읍,경상사고,0,0,1,0,차대차 - 측면충돌,직진우회전진행방해,건조,맑음,교차로 - 교차로안,자전거,남,80세,경상,화물,남,58세,상해없음
2017060500100277,2017년 6월 5일 13시,월요일,전라북도 전주시 덕진구 금암동,경상사고,0,0,1,0,차대차 - 측면충돌,안전거리미확보,건조,맑음,교차로 - 교차로부근,승용,남,77세,상해없음,이륜,남,26세,경상
2017060500100278,2017년 6월 5일 13시,월요일,전라북도 부안군 변산면,경상사고,0,0,3,0,차대차 - 측면충돌,교차로운행방법위반,건조,맑음,교차로 - 교차로부근,승용,여,39세,경상,승용,여,47세,경상
2017060500100312,2017년 6월 5일 14시,월요일,전라북도 전주시 완산구 중노송동,경상사고,0,0,2,0,차대차 - 측면충돌,안전운전불이행,건조,맑음,교차로 - 교차로안,승용,남,55세,상해없음,승용,여,31세,경상
2017060500100335,2017년 6월 5일 15시,월요일,전라북도 전주시 완산구 효자동3가,중상사고,0,1,0,0,차대사람 - 횡단중,보행자보호의무위반,건조,맑음,단일로 - 기타,승용,여,46세,상해없음,보행자,남,6세,중상
2017060500100336,2017년 6월 5일 15시,월요일,전라북도 군산시 내초동,경상사고,0,0,2,0,차대차 - 추돌,안전거리미확보,건조,맑음,교차로 - 교차로부근,승용,남,54세,상해없음,승용,여,36세,경상
2017060500100337,2017년 6월 5일 15시,월요일,전라북도 익산시 부송동,경상사고,0,0,1,0,차대차 - 측면충돌,신호위반,건조,맑음,교차로 - 교차로안,승용,남,60세,상해없음,자전거,남,9세,경상
2017060500100338,2017년 6월 5일 15시,월요일,전라북도 고창군 심원면,중상사고,0,1,3,0,차대차 - 정면충돌,중앙선침범,건조,맑음,단일로 - 기타,승용,남,53세,상해없음,승용,여,70세,경상
2017060500100387,2017년 6월 5일 16시,월요일,전라북도 전주시 덕진구 인후동2가,중상사고,0,1,1,0,차대사람 - 횡단중,안전운전불이행,건조,맑음,단일로 - 기타,화물,남,46세,상해없음,보행자,남,86세,경상
2017060500100388,2017년 6월 5일 16시,월요일,전라북도 군산시 나운동,경상사고,0,0,1,0,차대사람 - 횡단중,안전운전불이행,건조,맑음,단일로 - 기타,승합,남,66세,상해없음,보행자,여,57세,경상
2017060500100389,2017년 6월 5일 16시,월요일,전라북도 익산시 영등동,경상사고,0,0,1,0,차대차 - 측면충돌,직진우회전진행방해,건조,맑음,교차로 - 교차로안,승용,여,38세,상해없음,이륜,남,40세,경상
2017060500100390,2017년 6월 5일 16시,월요일,전라북도 부안군 동진면,경상사고,0,0,2,0,차대차 - 측면충돌,신호위반,건조,맑음,교차로 - 교차로안,승용,남,33세,경상,화물,남,38세,경상
2017060500100429,2017년 6월 5일 17시,월요일,전라북도 전주시 덕진구 동산동,경상사고,0,0,1,0,차대차 - 측면충돌,신호위반,건조,맑음,교차로 - 교차로안,승용,남,28세,상해없음,자전거,남,86세,경상
2017060500100430,2017년 6월 5일 17시,월요일,전라북도 정읍시 상동,경상사고,0,0,1,0,차대차 - 측면충돌,직진우회전진행방해,건조,맑음,교차로 - 교차로안,승용,여,49세,상해없음,화물,남,49세,경상
2017060500100431,2017년 6월 5일 17시,월요일,전라북도 김제시 연정동,경상사고,0,0,1,0,차대차 - 측면충돌,안전거리미확보,건조,맑음,단일로 - 기타,화물,남,50세,상해없음,승용,남,28세,경상
2017060500100475,2017년 6월 5일 18시,월요일,전라북도 전주시 완산구 용복동,경상사고,0,0,1,0,차대차 - 기타,안전운전불이행,건조,맑음,교차로 - 교차로부근,화물,남,70세,기타불명,승용,남,34세,경상
2017060500100476,2017년 6월 5일 18시,월요일,전라북도 전주시 덕진구 금암동,경상사고,0,0,1,0,차대차 - 측면충돌,직진우회전진행방해,건조,맑음,교차로 - 교차로안,승용,남,43세,상해없음,자전거,남,11세,경상
2017060500100477,2017년 6월 5일 18시,월요일,전라북도 군산시 오식도동,경상사고,0,0,5,6,차대차 - 기타,직진우회전진행방해,건조,맑음,교차로 - 교차로안,승합,남,46세,상해없음,승용,여,33세,경상
2017060500100514,2017년 6월 5일 19시,월요일,전라북도 전주시 덕진구 인후동2가,중상사고,0,1,1,0,차대차 - 측면충돌,신호위반,건조,맑음,교차로 - 교차로안,승용,남,34세,상해없음,승용,여,56세,중상
2017060500100515,2017년 6월 5일 19시,월요일,전라북도 익산시 신흥동,중상사고,0,1,4,0,차대차 - 측면충돌,안전거리미확보,건조,맑음,교차로 - 교차로부근,승용,남,25세,상해없음,승용,남,26세,중상
2017060500100558,2017년 6월 5일 20시,월요일,전라북도 군산시 소룡동,경상사고,0,0,2,0,차대사람 - 횡단중,안전운전불이행,건조,맑음,교차로 - 교차로부근,자전거,남,30세,경상,보행자,여,58세,경상
2017060500100559,2017년 6월 5일 20시,월요일,전라북도 군산시 미장동,경상사고,0,0,2,0,차대차 - 추돌,안전거리미확보,건조,맑음,교차로 - 교차로부근,승용,남,43세,상해없음,승용,여,30세,경상