사고번호,사고일시,요일,시군구,사고내용,사망자수,중상자수,경상자수,부상신고자수,사고유형,법규위반,노면상태,기상상태,도로형태,가해운전자 차종,가해운전자 성별,가해운전자 연령,가해운전자 상해정도,피해운전자 차종,피해운전자 성별,피해운전자 연령,피해운전자 상해정도
2017062200100390,2017년 6월 22일 16시,목요일,전라북도 무주군 안성면,경상사고,0,0,1,0,차대차 - 측면충돌,안전운전불이행,건조,맑음,단일로 - 기타,승용,남,30세,상해없음,농기계,남,84세,경상
2017062200100425,2017년 6월 22일 17시,목요일,전라북도 전주시 완산구 서신동,경상사고,0,0,1,0,차대사람 - 횡단중,신호위반,건조,맑음,교차로 - 교차로부근,승용,여,50세,상해없음,보행자,여,10세,경상
2017062200100478,2017년 6월 22일 18시,목요일,전라북도 순창군 순창읍,중상사고,0,1,0,0,차대차 - 측면충돌,신호위반,건조,맑음,교차로 - 교차로안,화물,남,42세,상해없음,승용,남,38세,중상
2017062200100518,2017년 6월 22일 19시,목요일,전라북도 전주시 완산구 삼천동1가,중상사고,0,1,0,0,차대차 - 측면충돌,안전운전불이행,건조,맑음,교차로 - 교차로안,기타불명,기타불명,미분류,기타불명,화물,남,62세,중상
2017062200100519,2017년 6월 22일 19시,목요일,전라북도 익산시 모현동2가,경상사고,0,0,1,0,차대차 - 정면충돌,중앙선침범,건조,맑음,단일로 - 기타,원동기,남,47세,경상,승용,여,59세,상해없음
2017062200100573,2017년 6월 22일 21시,목요일,전라북도 완주군 삼례읍,경상사고,0,0,1,0,차대차 - 추돌,안전운전불이행,건조,맑음,단일로 - 기타,승용,남,43세,상해없음,농기계,남,50세,경상
2017062200100613,2017년 6월 22일 22시,목요일,전라북도 전주시 덕진구 송천동2가,경상사고,0,0,2,0,차대차 - 측면충돌,안전거리미확보,건조,맑음,교차로 - 교차로부근,승용,여,52세,상해없음,승용,남,23세,경상
2017062300100052,2017년 6월 23일 01시,금요일,전라북도 전주시 완산구 효자동2가,중상사고,0,1,0,0,차량단독 - 전도전복 - 전도,안전운전불이행,건조,맑음,교차로 - 교차로부근,이륜,남,23세,상해없음,,,,
2017062300100053,2017년 6월 23일 01시,금요일,전라북도 전주시 완산구 동서학동,중상사고,0,1,1,0,차대차 - 측면충돌,안전운전불이행,건조,맑음,교차로 - 교차로안,승용,남,24세,상해없음,승용,남,70세,중상
2017062300100067,2017년 6월 23일 03시,금요일,전라북도 남원시 죽항동,경상사고,0,0,1,0,차대차 - 측면충돌,교차로운행방법위반,건조,맑음,교차로 - 교차로안,이륜,남,18세,경상,승용,남,53세,상해없음
2017062300100075,2017년 6월 23일 04시,금요일,전라북도 전주시 완산구 중화산동2가,경상사고,0,0,2,0,차대차 - 측면충돌,교차로운행방법위반,건조,맑음,교차로 - 교차로안,승용,남,31세,상해없음,승용,남,63세,경상
2017062300100090,2017년 6월 23일 06시,금요일,전라북도 김제시 금구면,경상사고,0,0,1,0,차대차 - 측면충돌,직진우회전진행방해,건조,맑음,교차로 - 교차로안,원동기,남,69세,상해없음,승용,여,55세,경상
2017062300100091,2017년 6월 23일 06시,금요일,전라북도 고창군 성내면,중상사고,0,1,1,0,차대차 - 정면충돌,신호위반,건조,맑음,교차로 - 교차로안,화물,남,52세,경상,화물,여,55세,중상
2017062300100113,2017년 6월 23일 07시,금요일,전라북도 김제시 백산면,중상사고,0,1,0,0,차대차 - 측면충돌,신호위반,건조,맑음,교차로 - 교차로안,화물,남,69세,상해없음,승용,남,27세,중상
2017062300100152,2017년 6월 23일 08시,금요일,전라북도 익산시 부송동,경상사고,0,0,1,0,차대차 - 측면충돌,불법유턴,건조,맑음,교차로 - 교차로횡단보도내,자전거,남,14세,경상,승용,여,25세,상해없음
2017062300100153,2017년 6월 23일 08시,금요일,전라북도 익산시 모현동1가,경상사고,0,0,1,0,차대차 - 측면충돌,신호위반,건조,맑음,교차로 - 교차로안,승용,남,68세,상해없음,승용,여,50세,경상
2017062300100154,2017년 6월 23일 08시,금요일,전라북도 정읍시 상평동,경상사고,0,0,1,0,차대차 - 측면충돌,안전운전불이행,건조,맑음,단일로 - 기타,승용,여,59세,경상,화물,남,57세,상해없음
2017062300100155,2017년 6월 23일 08시,금요일,전라북도 정읍시 상동,경상사고,0,0,1,0,차대차 - 측면충돌,직진우회전진행방해,건조,맑음,교차로 - 교차로안,승용,여,37세,경상,승용,남,56세,상해없음
2017062300100156,2017년 6월 23일 08시,금요일,전라북도 임실군 강진면,경상사고,0,0,1,0,차대차 - 측면충돌,안전운전불이행,건조,맑음,단일로 - 기타,승용,여,57세,상해없음,자전거,여,67세,경상
2017062300100195,2017년 6월 23일 09시,금요일,전라북도 익산시 성당면,경상사고,0,0,2,0,차대차 - 측면충돌,직진우회전진행방해,건조,맑음,교차로 - 교차로안,승용,남,57세,상해없음,승용,남,33세,경상
2017062300100226,2017년 6월 23일 10시,금요일,전라북도 군산시 대야면,중상사고,0,1,1,0,차대차 - 기타,중앙선침범,건조,맑음,교차로 - 교차로부근,화물,남,41세,상해없음,승용,여,30세,경상
2017062300100265,2017년 6월 23일 11시,금요일,전라북도 완주군 상관면,중상사고,0,1,0,0,차대차 - 측면충돌,중앙선침범,건조,맑음,교차로 - 교차로안,자전거,여,62세,중상,승용,남,69세,상해없음
2017062300100316,2017년 6월 23일 13시,금요일,전라북도 전주시 완산구 효자동3가,경상사고,0,0,1,0,차대차 - 측면충돌,신호위반,건조,맑음,교차로 - 교차로안,승용,여,55세,상해없음,승합,남,22세,경상
2017062300100317,2017년 6월 23일 13시,금요일,전라북도 전주시 덕진구 금암동,경상사고,0,0,1,0,차대차 - 추돌,안전운전불이행,건조,맑음,교차로 - 교차로안,화물,남,36세,상해없음,승용,여,24세,경상
2017062300100339,2017년 6월 23일 14시,금요일,전라북도 김제시 봉남면,중상사고,0,1,0,0,차량단독 - 공작물충돌,중앙선침범,건조,맑음,단일로 - 기타,승용,남,21세,상해없음,,,,
2017062300100373,2017년 6월 23일 15시,금요일,전라북도 정읍시 소성면,경상사고,0,0,1,0,차대차 - 측면충돌,기타,건조,맑음,교차로 - 교차로안,승용,남,50세,상해없음,화물,남,53세,경상
2017062300100374,2017년 6월 23일 15시,금요일,전라북도 남원시 동충동,경상사고,0,0,3,0,차대차 - 추돌,안전운전불이행,건조,맑음,교차로 - 교차로부근,화물,남,54세,기타불명,화물,남,59세,경상
2017062300100423,2017년 6월 23일 16시,금요일,전라북도 익산시 어양동,경상사고,0,0,2,0,차대차 - 측면충돌,안전거리미확보,건조,맑음,단일로 - 기타,화물,남,44세,기타불명,승용,여,58세,경상
2017062300100424,2017년 6월 23일 16시,금요일,전라북도 김제시 진봉면,중상사고,0,1,0,0,차대사람 - 기타,안전운전불이행,건조,맑음,단일로 - 기타,승합,남,52세,상해없음,보행자,여,83세,중상
2017062300100471,2017년 6월 23일 17시,금요일,전라북도 전주시 완산구 태평동,경상사고,0,0,3,0,차대차 - 측면충돌,중앙선침범,건조,맑음,교차로 - 교차로부근,승용,여,25세,상해없음,이륜,여,67세,경상
2017062300100472,2017년 6월 23일 17시,금요일,전라북도 전주시 완산구 서신동,경상사고,0,0,1,0,차대차 - 추돌,안전운전불이행,건조,맑음,단일로 - 기타,승용,남,68세,상해없음,승용,남,51세,경상
2017062300100473,2017년 6월 23일 17시,금요일,전라북도 전주시 완산구 평화동2가,경상사고,0,0,2,0,차대차 - 추돌,안전거리미확보,건조,맑음,단일로 - 기타,화물,남,50세,상해없음,승용,남,65세,경상
2017062300100474,2017년 6월 23일 17시,금요일,전라북도 전주시 덕진구 산정동,경상사고,0,0,2,0,차대차 - 추돌,안전운전불이행,건조,맑음,교차로 - 교차로부근,화물,남,66세,상해없음,승용,여,34세,경상
2017062300100520,2017년 6월 23일 18시,금요일,전라북도 전주시 덕진구 진북동,중상사고,0,1,0,0,차대사람 - 횡단중,보행자보호의무위반,건조,맑음,단일로 - 기타,승용,여,54세,상해없음,보행자,여,67세,중상
2017062300100521,2017년 6월 23일 18시,금요일,전라북도 군산시 나운동,중상사고,0,1,0,0,차대차 - 기타,기타,건조,맑음,교차로 - 교차로안,승용,남,38세,상해없음,이륜,남,39세,중상
2017062300100522,2017년 6월 23일 18시,금요일,전라북도 익산시 함열읍,경상사고,0,0,1,0,차대차 - 정면충돌,안전운전불이행,건조,맑음,단일로 - 기타,화물,남,46세,상해없음,화물,남,64세,경상
2017062300100597,2017년 6월 23일 20시,금요일,전라북도 김제시 용지면,중상사고,0,1,0,0,차대차 - 측면충돌,중앙선침범,건조,맑음,단일로 - 기타,승용,여,48세,상해없음,화물,남,33세,중상
2017062300100631,2017년 6월 23일 21시,금요일,전라북도 전주시 덕진구 덕진동1가,경상사고,0,0,1,0,차대차 - 측면충돌,신호위반,건조,맑음,교차로 - 교차로안,승용,남,62세,상해없음,승용,여,33세,경상
2017062400100042,2017년 6월 24일 01시,토요일,전라북도 군산시 산북동,경상사고,0,0,1,0,차대차 - 측면충돌,직진우회전진행방해,건조,맑음,교차로 - 교차로안,승용,남,25세,경상,승용,남,33세,상해없음
2017062400100072,2017년 6월 24일 03시,토요일,전라북도 부안군 변산면,경상사고,0,0,1,0,차량단독 - 전도전복,안전운전불이행,건조,맑음,단일로 - 기타,이륜,남,16세,경상,미분류,미분류,미분류,미분류
2017062400100088,2017년 6월 24일 04시,토요일,전라북도 완주군 봉동읍,경상사고,0,0,1,0,차대차 - 추돌,안전운전불이행,건조,맑음,단일로 - 기타,승용,남,27세,상해없음,화물,남,56세,경상
2017062400100204,2017년 6월 24일 10시,토요일,전라북도 군산시 문화동,경상사고,0,0,1,0,차대차 - 측면충돌,직진우회전진행방해,건조,맑음,교차로 - 교차로안,승용,남,33세,상해없음,승용,남,65세,경상
2017062400100260,2017년 6월 24일 12시,토요일,전라북도 전주시 완산구 교동,경상사고,0,0,1,0,차대차 - 기타,안전운전불이행,건조,맑음,교차로 - 교차로안,원동기,남,19세,상해없음,원동기,여,43세,경상
2017062400100261,2017년 6월 24일 12시,토요일,전라북도 전주시 덕진구 인후동1가,경상사고,0,0,3,0,차대차 - 측면충돌,안전운전불이행,건조,맑음,단일로 - 기타,승용,남,48세,상해없음,승용,남,40세,경상
2017062400100262,2017년 6월 24일 12시,토요일,전라북도 정읍시 농소동,경상사고,0,0,1,0,차대차 - 측면충돌,신호위반,건조,맑음,교차로 - 교차로안,승용,여,47세,상해없음,화물,남,53세,경상
2017062400100323,2017년 6월 24일 14시,토요일,전라북도 부안군 진서면,경상사고,0,0,2,0,차대사람 - 횡단중,안전운전불이행,건조,맑음,교차로 - 교차로안,승용,남,64세,상해없음,보행자,여,9세,경상
2017062400100324,2017년 6월 24일 14시,토요일,전라북도 진안군 성수면,중상사고,0,2,3,0,차대차 - 측면충돌,직진우회전진행방해,건조,맑음,교차로 - 교차로안,승용,남,37세,중상,화물,남,57세,상해없음
2017062400100397,2017년 6월 24일 16시,토요일,전라북도 익산시 함열읍,경상사고,0,0,1,0,차대차 - 정면충돌,안전운전불이행,젖음/습기,비,교차로 - 교차로부근,원동기,남,60세,경상,화물,남,65세,상해없음
2017062400100476,2017년 6월 24일 19시,토요일,전라북도 익산시 영등동,경상사고,0,0,2,0,차대차 - 측면충돌,차로위반,젖음/습기,흐림,단일로 - 기타,화물,남,48세,상해없음,승용,남,49세,경상
2017062400100477,2017년 6월 24일 19시,토요일,전라북도 부안군 백산면,경상사고,0,0,1,0,차량단독 - 도로외이탈 - 추락,안전운전불이행,건조,맑음,단일로 - 기타,화물,남,58세,경상,,,,
2017062400100536,2017년 6월 24일 21시,토요일,전라북도 익산시 용안면,경상사고,0,0,2,0,차대차 - 추돌,안전운전불이행,건조,흐림,교차로 - 교차로안,화물,여,55세,상해없음,승용,남,22세,경상
2017062400100570,2017년 6월 24일 22시,토요일,전라북도 군산시 월명동,경상사고,0,0,1,0,차대차 - 측면충돌,안전거리미확보,건조,맑음,단일로 - 기타,승용,남,25세,상해없음,승용,남,44세,상해없음
2017062400100602,2017년 6월 24일 23시,토요일,전라북도 군산시 수송동,경상사고,0,0,1,0,차대차 - 측면충돌,직진우회전진행방해,건조,맑음,교차로 - 교차로안,승용,여,49세,상해없음,원동기,남,16세,경상
2017062500100043,2017년 6월 25일 01시,일요일,전라북도 정읍시 수성동,경상사고,0,0,2,0,차대차 - 측면충돌,직진우회전진행방해,건조,맑음,교차로 - 교차로안,승용,남,46세,상해없음,승용,여,57세,상해없음
2017062500100060,2017년 6월 25일 02시,일요일,전라북도 군산시 나운동,경상사고,0,0,1,0,차대차 - 측면충돌,안전거리미확보,건조,맑음,단일로 - 기타,승용,남,56세,상해없음,승용,남,57세,경상
2017062500100082,2017년 6월 25일 05시,일요일,전라북도 전주시 덕진구 진북동,경상사고,0,0,2,0,차대차 - 추돌,안전운전불이행,건조,맑음,단일로 - 기타,승용,남,50세,상해없음,승용,남,53세,경상
2017062500100122,2017년 6월 25일 08시,일요일,전라북도 익산시 함열읍,중상사고,0,1,0,0,차대차 - 측면충돌,직진우회전진행방해,건조,맑음,교차로 - 교차로안,승용,여,28세,상해없음,이륜,남,52세,중상
2017062500100129,2017년 6월 25일 09시,일요일,전라북도 전주시 덕진구 반월동,중상사고,0,1,0,0,차대차 - 측면충돌,교차로운행방법위반,건조,맑음,교차로 - 교차로안,화물,남,58세,상해없음,자전거,남,80세,중상
2017062500100150,2017년 6월 25일 10시,일요일,전라북도 김제시 금구면,경상사고,0,0,2,0,차대차 - 추돌,안전운전불이행,건조,맑음,교차로 - 교차로부근,화물,남,60세,상해없음,승용,남,31세,경상
2017062500100170,2017년 6월 25일 11시,일요일,전라북도 무주군 설천면,사망사고,1,0,0,0,차량단독 - 전도전복 - 전도,안전운전불이행,건조,맑음,단일로 - 기타,화물,남,58세,사망,,,,
2017062500100191,2017년 6월 25일 12시,일요일,전라북도 완주군 고산면,중상사고,0,1,0,0,차대차 - 정면충돌,안전운전불이행,건조,맑음,단일로 - 기타,이륜,남,62세,중상,승용,남,58세,상해없음
2017062500100211,2017년 6월 25일 13시,일요일,전라북도 임실군 신덕면,경상사고,0,0,1,0,차대사람 - 차도통행중,안전운전불이행,건조,맑음,단일로 - 기타,승합,남,50세,상해없음,보행자,여,70세,경상
2017062500100232,2017년 6월 25일 14시,일요일,전라북도 군산시 미장동,경상사고,0,0,2,0,차대차 - 추돌,안전운전불이행,건조,맑음,교차로 - 교차로안,승용,남,55세,상해없음,승용,남,30세,경상
2017062500100233,2017년 6월 25일 14시,일요일,전라북도 익산시 황등면,중상사고,0,1,2,0,차대차 - 측면충돌,직진우회전진행방해,건조,맑음,교차로 - 교차로안,승용,남,56세,상해없음,승용,남,38세,경상
2017062500100252,2017년 6월 25일 15시,일요일,전라북도 고창군 고창읍,경상사고,0,0,1,0,차대사람 - 횡단중,안전운전불이행,건조,맑음,기타 - 기타,승용,여,24세,상해없음,보행자,남,31세,경상
2017062500100276,2017년 6월 25일 16시,일요일,전라북도 익산시 춘포면,경상사고,0,0,1,0,차대차 - 추돌,안전운전불이행,건조,맑음,교차로 - 교차로부근,승합,남,56세,상해없음,화물,남,46세,경상
2017062500100338,2017년 6월 25일 18시,일요일,전라북도 군산시 조촌동,경상사고,0,0,1,0,차대차 - 기타,안전거리미확보,건조,맑음,단일로 - 기타,승용,남,22세,상해없음,승용,남,25세,경상
2017062500100339,2017년 6월 25일 18시,일요일,전라북도 정읍시 시기동,경상사고,0,0,2,0,차대차 - 추돌,중앙선침범,건조,흐림,교차로 - 교차로부근,승용,남,71세,상해없음,승용,남,61세,경상
2017062500100340,2017년 6월 25일 18시,일요일,전라북도 임실군 임실읍,중상사고,0,1,1,0,차대차 - 추돌,안전거리미확보,건조,맑음,교차로 - 교차로부근,화물,남,73세,상해없음,승용,남,56세,경상
2017062500100436,2017년 6월 25일 22시,일요일,전라북도 군산시 수송동,경상사고,0,0,1,0,차대차 - 기타,안전운전불이행,건조,맑음,교차로 - 교차로안,승용,남,22세,상해없음,승용,여,36세,경상
2017062600100033,2017년 6월 26일 01시,월요일,전라북도 전주시 완산구 서신동,중상사고,0,1,0,0,차량단독 - 공작물충돌,안전운전불이행,건조,맑음,교차로 - 교차로안,승용,남,23세,상해없음,,,,
2017062600100058,2017년 6월 26일 05시,월요일,전라북도 전주시 완산구 남노송동,경상사고,0,0,1,0,차대차 - 측면충돌,신호위반,건조,맑음,교차로 - 교차로안,화물,남,49세,상해없음,화물,남,61세,경상
2017062600100099,2017년 6월 26일 07시,월요일,전라북도 정읍시 연지동,중상사고,0,1,2,0,차대차 - 측면충돌,신호위반,건조,맑음,교차로 - 교차로안,승용,여,63세,중상,화물,남,44세,경상
2017062600100134,2017년 6월 26일 08시,월요일,전라북도 전주시 덕진구 송천동2가,경상사고,0,0,1,0,차대차 - 추돌,안전거리미확보,건조,맑음,단일로 - 기타,승용,남,61세,상해없음,이륜,남,29세,경상
2017062600100135,2017년 6월 26일 08시,월요일,전라북도 군산시 경장동,경상사고,0,0,1,0,차대차 - 측면충돌,신호위반,건조,맑음,교차로 - 교차로안,승용,여,52세,상해없음,승용,남,31세,경상
2017062600100167,2017년 6월 26일 09시,월요일,전라북도 고창군 심원면,사망사고,2,1,0,0,차대차 - 정면충돌,중앙선침범,건조,흐림,단일로 - 기타,승용,남,43세,사망,화물,여,50세,사망
2017062600100196,2017년 6월 26일 10시,월요일,전라북도 익산시 여산면,경상사고,0,0,1,0,차대차 - 추돌,안전운전불이행,건조,맑음,단일로 - 기타,화물,남,57세,상해없음,농기계,남,49세,경상
2017062600100224,2017년 6월 26일 11시,월요일,전라북도 군산시 금암동,경상사고,0,0,2,0,차대차 - 측면충돌,안전운전불이행,젖음/습기,비,교차로 - 교차로부근,화물,남,44세,상해없음,이륜,남,61세,경상
2017062600100225,2017년 6월 26일 11시,월요일,전라북도 익산시 송학동,경상사고,0,0,1,0,차대차 - 측면충돌,신호위반,젖음/습기,흐림,교차로 - 교차로안,승용,남,22세,상해없음,승용,여,40세,경상
2017062600100226,2017년 6월 26일 11시,월요일,전라북도 정읍시 수성동,중상사고,0,1,0,0,차대차 - 측면충돌,신호위반,건조,흐림,교차로 - 교차로안,이륜,남,75세,중상,승용,여,54세,상해없음
2017062600100252,2017년 6월 26일 12시,월요일,전라북도 군산시 나운동,경상사고,0,0,2,0,차대차 - 측면충돌,안전거리미확보,건조,맑음,교차로 - 교차로안,승용,여,23세,상해없음,승용,남,23세,경상
2017062600100253,2017년 6월 26일 12시,월요일,전라북도 무주군 적상면,경상사고,0,0,1,0,차대차 - 측면충돌,신호위반,건조,맑음,교차로 - 교차로안,승용,여,47세,상해없음,승용,남,48세,경상
2017062600100284,2017년 6월 26일 13시,월요일,전라북도 부안군 백산면,중상사고,0,1,1,0,차대차 - 측면충돌,중앙선침범,젖음/습기,비,단일로 - 기타,화물,남,55세,상해없음,화물,남,55세,중상
2017062600100321,2017년 6월 26일 14시,월요일,전라북도 군산시 산북동,중상사고,0,1,2,0,차대차 - 측면충돌,직진우회전진행방해,건조,맑음,교차로 - 교차로안,승용,남,24세,상해없음,승합,남,53세,경상
2017062600100322,2017년 6월 26일 14시,월요일,전라북도 김제시 연정동,경상사고,0,0,4,0,차대차 - 측면충돌,안전운전불이행,건조,맑음,단일로 - 기타,승용,여,56세,상해없음,승용,남,33세,경상
2017062600100323,2017년 6월 26일 14시,월요일,전라북도 무주군 무주읍,중상사고,0,1,0,0,차대차 - 측면충돌,중앙선침범,건조,맑음,단일로 - 기타,화물,남,62세,상해없음,원동기,남,74세,중상
2017062600100359,2017년 6월 26일 15시,월요일,전라북도 군산시 나운동,중상사고,0,1,0,0,차대사람 - 횡단중,보행자보호의무위반,젖음/습기,맑음,교차로 - 교차로횡단보도내,원동기,남,34세,상해없음,보행자,여,15세,중상
2017062600100360,2017년 6월 26일 15시,월요일,전라북도 익산시 영등동,중상사고,0,1,0,0,차대사람 - 횡단중,안전운전불이행,건조,맑음,단일로 - 기타,화물,남,38세,상해없음,보행자,남,83세,중상
2017062600100402,2017년 6월 26일 16시,월요일,전라북도 전주시 덕진구 인후동1가,경상사고,0,0,1,0,차대차 - 추돌,안전운전불이행,젖음/습기,비,단일로 - 기타,승용,여,58세,상해없음,승용,여,46세,상해없음
2017062600100403,2017년 6월 26일 16시,월요일,전라북도 임실군 임실읍,중상사고,0,1,0,0,차대차 - 측면충돌,안전운전불이행,젖음/습기,비,교차로 - 교차로부근,자전거,남,71세,중상,승합,남,60세,상해없음
2017062600100442,2017년 6월 26일 17시,월요일,전라북도 전주시 덕진구 덕진동1가,경상사고,0,0,1,0,차대차 - 정면충돌,안전운전불이행,젖음/습기,비,교차로 - 교차로안,승용,남,35세,상해없음,승용,남,56세,경상
2017062600100443,2017년 6월 26일 17시,월요일,전라북도 군산시 삼학동,중상사고,0,1,0,0,차대사람 - 횡단중,보행자보호의무위반,건조,맑음,교차로 - 교차로안,승용,남,61세,상해없음,보행자,여,64세,중상
2017062600100476,2017년 6월 26일 18시,월요일,전라북도 전주시 덕진구 여의동,경상사고,0,0,2,0,차대차 - 측면충돌,안전운전불이행,젖음/습기,비,교차로 - 교차로안,승용,남,63세,경상,승용,남,35세,경상
2017062600100532,2017년 6월 26일 20시,월요일,전라북도 정읍시 수성동,경상사고,0,0,1,0,차대차 - 추돌,안전운전불이행,건조,맑음,단일로 - 기타,승용,여,53세,상해없음,이륜,남,17세,경상
2017062600100557,2017년 6월 26일 21시,월요일,전라북도 전주시 덕진구 우아동3가,경상사고,0,0,2,0,차대차 - 추돌,안전운전불이행,젖음/습기,비,교차로 - 교차로부근,기타불명,기타불명,미분류,기타불명,승용,남,56세,경상
2017062600100558,2017년 6월 26일 21시,월요일,전라북도 익산시 남중동,경상사고,0,0,1,0,차대차 - 추돌,안전운전불이행,젖음/습기,흐림,교차로 - 교차로부근,승용,여,52세,상해없음,승용,여,42세,경상
2017062600100584,2017년 6월 26일 22시,월요일,전라북도 전주시 완산구 중화산동2가,경상사고,0,0,1,0,차대차 - 정면충돌,중앙선침범,젖음/습기,비,교차로 - 교차로부근,승용,남,25세,상해없음,화물,남,59세,경상
2017062600100585,2017년 6월 26일 22시,월요일,전라북도 익산시 춘포면,경상사고,0,0,1,0,차량단독 - 전도전복 - 전복,안전운전불이행,젖음/습기,비,단일로 - 기타,승용,여,56세,경상,,,,
2017062600100586,2017년 6월 26일 22시,월요일,전라북도 익산시 마동,중상사고,0,2,0,0,차대사람 - 횡단중,보행자보호의무위반,젖음/습기,비,교차로 - 교차로횡단보도내,승용,남,39세,상해없음,보행자,남,43세,중상
2017062600100587,2017년 6월 26일 22시,월요일,전라북도 부안군 백산면,중상사고,0,2,0,0,차대차 - 측면충돌,직진우회전진행방해,건조,맑음,교차로 - 교차로안,승용,남,49세,중상,화물,남,45세,중상
2017062600100614,2017년 6월 26일 23시,월요일,전라북도 전주시 덕진구 송천동2가,경상사고,0,0,2,0,차대차 - 추돌,안전거리미확보,젖음/습기,흐림,기타 - 기타,승용,남,42세,상해없음,승용,남,25세,경상
2017062600100615,2017년 6월 26일 23시,월요일,전라북도 전주시 덕진구 고랑동,경상사고,0,0,2,0,차대차 - 추돌,안전운전불이행,젖음/습기,흐림,기타 - 기타,승용,남,25세,상해없음,승용,여,51세,경상
2017062700100056,2017년 6월 27일 01시,화요일,전라북도 군산시 나운동,중상사고,0,1,0,0,차대차 - 측면충돌,직진우회전진행방해,젖음/습기,흐림,교차로 - 교차로안,승용,여,31세,상해없음,이륜,남,35세,중상
2017062700100070,2017년 6월 27일 04시,화요일,전라북도 전주시 덕진구 우아동2가,경상사고,0,0,3,0,차대차 - 측면충돌,안전운전불이행,젖음/습기,흐림,기타 - 기타,승용,여,31세,경상,승용,남,51세,상해없음
2017062700100086,2017년 6월 27일 06시,화요일,전라북도 전주시 덕진구 금암동,중상사고,0,1,0,0,차대차 - 측면충돌,안전운전불이행,건조,맑음,기타 - 기타,승용,남,44세,상해없음,자전거,남,70세,중상
2017062700100101,2017년 6월 27일 07시,화요일,전라북도 전주시 덕진구 인후동1가,경상사고,0,0,1,0,차대차 - 추돌,안전운전불이행,젖음/습기,맑음,교차로 - 교차로부근,승합,남,38세,상해없음,승용,여,50세,경상
2017062700100140,2017년 6월 27일 08시,화요일,전라북도 전주시 덕진구 팔복동3가,경상사고,0,0,1,0,차대사람 - 횡단중,안전운전불이행,건조,맑음,단일로 - 기타,승용,여,27세,상해없음,보행자,여,24세,경상
2017062700100180,2017년 6월 27일 09시,화요일,전라북도 전주시 덕진구 인후동1가,경상사고,0,0,2,0,차대차 - 측면충돌,안전운전불이행,건조,맑음,교차로 - 교차로안,승용,남,72세,상해없음,승용,남,67세,경상
2017062700100208,2017년 6월 27일 10시,화요일,전라북도 순창군 순창읍,경상사고,0,0,1,0,차대차 - 측면충돌,직진우회전진행방해,건조,맑음,교차로 - 교차로안,이륜,여,56세,경상,승용,남,56세,상해없음
2017062700100236,2017년 6월 27일 11시,화요일,전라북도 정읍시 수성동,중상사고,0,1,0,0,차대차 - 기타,안전운전불이행,건조,맑음,주차장 - 주차장,승용,여,53세,중상,승용,남,59세,상해없음
2017062700100263,2017년 6월 27일 12시,화요일,전라북도 군산시 오식도동,사망사고,1,0,2,0,차대차 - 측면충돌,신호위반,건조,맑음,교차로 - 교차로안,승용,남,40세,사망,승용,남,21세,경상
2017062700100264,2017년 6월 27일 12시,화요일,전라북도 부안군 부안읍,경상사고,0,0,1,0,차대차 - 측면충돌,안전운전불이행,건조,흐림,교차로 - 교차로부근,승합,남,47세,상해없음,승용,여,38세,경상
2017062700100330,2017년 6월 27일 14시,화요일,전라북도 군산시 조촌동,경상사고,0,0,1,0,차대차 - 정면충돌,안전거리미확보,건조,맑음,단일로 - 기타,자전거,남,69세,경상,승용,남,27세,상해없음
2017062700100361,2017년 6월 27일 15시,화요일,전라북도 전주시 덕진구 송천동2가,경상사고,0,0,1,0,차대차 - 측면충돌,신호위반,건조,맑음,교차로 - 교차로안,승용,남,51세,상해없음,승용,남,50세,경상
2017062700100362,2017년 6월 27일 15시,화요일,전라북도 정읍시 시기동,경상사고,0,0,2,0,차대차 - 정면충돌,중앙선침범,건조,맑음,단일로 - 기타,승용,남,74세,경상,승용,남,79세,경상
2017062700100363,2017년 6월 27일 15시,화요일,전라북도 부안군 계화면,중상사고,0,1,0,0,차량단독 - 전도전복 - 전도,안전운전불이행,건조,맑음,단일로 - 기타,이륜,남,66세,중상,,,,
2017062700100398,2017년 6월 27일 16시,화요일,전라북도 김제시 교동,중상사고,0,1,0,0,차대차 - 측면충돌,교차로운행방법위반,건조,맑음,교차로 - 교차로안,화물,남,74세,상해없음,자전거,여,56세,중상
2017062700100439,2017년 6월 27일 17시,화요일,전라북도 익산시 금마면,중상사고,0,1,1,0,차대차 - 측면충돌,직진우회전진행방해,건조,맑음,단일로 - 기타,승용,남,25세,상해없음,이륜,남,75세,중상
2017062700100440,2017년 6월 27일 17시,화요일,전라북도 정읍시 수성동,경상사고,0,0,2,0,차대차 - 측면충돌,신호위반,젖음/습기,비,교차로 - 교차로안,승용,여,45세,경상,승용,남,43세,상해없음
2017062700100475,2017년 6월 27일 18시,화요일,전라북도 군산시 조촌동,중상사고,0,1,0,0,차대사람 - 횡단중,보행자보호의무위반,건조,맑음,단일로 - 기타,화물,남,33세,상해없음,보행자,남,3세,중상
2017062700100476,2017년 6월 27일 18시,화요일,전라북도 김제시 검산동,경상사고,0,0,1,0,차대차 - 측면충돌,직진우회전진행방해,건조,맑음,교차로 - 교차로안,화물,남,63세,상해없음,승용,남,57세,경상