사고번호,사고일시,요일,시군구,사고내용,사망자수,중상자수,경상자수,부상신고자수,사고유형,법규위반,노면상태,기상상태,도로형태,가해운전자 차종,가해운전자 성별,가해운전자 연령,가해운전자 상해정도,피해운전자 차종,피해운전자 성별,피해운전자 연령,피해운전자 상해정도
2017070900100077,2017년 7월 9일 06시,일요일,전라북도 남원시 죽항동,경상사고,0,0,2,0,차대차 - 측면충돌,안전운전불이행,건조,맑음,단일로 - 기타,승용,여,65세,상해없음,승용,남,64세,경상
2017070900100089,2017년 7월 9일 07시,일요일,전라북도 익산시 평화동,경상사고,0,0,1,0,차대차 - 측면충돌,신호위반,젖음/습기,비,교차로 - 교차로안,승용,남,53세,상해없음,승용,남,35세,경상
2017070900100090,2017년 7월 9일 07시,일요일,전라북도 완주군 소양면,중상사고,0,1,0,0,차대차 - 측면충돌,과속,건조,맑음,단일로 - 기타,승용,여,48세,상해없음,원동기,남,79세,중상
2017070900100118,2017년 7월 9일 09시,일요일,전라북도 전주시 완산구 삼천동1가,경상사고,0,0,1,0,차대차 - 측면충돌,차로위반,건조,맑음,단일로 - 기타,승용,여,60세,상해없음,승용,남,55세,경상
2017070900100119,2017년 7월 9일 09시,일요일,전라북도 순창군 순창읍,중상사고,0,1,0,0,차대차 - 측면충돌,안전운전불이행,건조,기타,교차로 - 교차로안,승용,남,78세,상해없음,이륜,남,69세,중상
2017070900100137,2017년 7월 9일 10시,일요일,전라북도 전주시 완산구 동완산동,중상사고,0,1,0,0,차대사람 - 횡단중,보행자보호의무위반,건조,맑음,교차로 - 교차로횡단보도내,승용,여,69세,상해없음,보행자,여,74세,중상
2017070900100153,2017년 7월 9일 11시,일요일,전라북도 군산시 금동,중상사고,0,1,0,0,차대차 - 기타,안전운전불이행,건조,맑음,교차로 - 교차로안,승용,남,63세,상해없음,자전거,남,81세,중상
2017070900100198,2017년 7월 9일 13시,일요일,전라북도 부안군 부안읍,경상사고,0,0,4,0,차대차 - 측면충돌,안전운전불이행,건조,맑음,교차로 - 교차로안,화물,남,55세,상해없음,승용,남,39세,경상
2017070900100258,2017년 7월 9일 15시,일요일,전라북도 완주군 운주면,중상사고,0,1,0,0,차대사람 - 횡단중,중앙선침범,건조,맑음,단일로 - 기타,화물,남,42세,상해없음,보행자,남,16세,중상
2017070900100310,2017년 7월 9일 17시,일요일,전라북도 전주시 완산구 삼천동1가,경상사고,0,0,1,0,차대사람 - 횡단중,보행자보호의무위반,젖음/습기,비,단일로 - 기타,승용,남,25세,상해없음,보행자,여,70세,경상
2017070900100362,2017년 7월 9일 19시,일요일,전라북도 정읍시 수성동,중상사고,0,1,0,0,차대사람 - 횡단중,보행자보호의무위반,건조,맑음,교차로 - 교차로부근,승용,남,55세,상해없음,보행자,여,56세,중상
2017070900100389,2017년 7월 9일 20시,일요일,전라북도 남원시 금동,경상사고,0,0,1,0,차대차 - 추돌,안전운전불이행,건조,맑음,단일로 - 기타,승합,남,21세,상해없음,승용,남,51세,경상
2017070900100417,2017년 7월 9일 21시,일요일,전라북도 전주시 덕진구 금암동,경상사고,0,0,1,0,차대차 - 측면충돌,안전운전불이행,건조,흐림,교차로 - 교차로안,승용,남,34세,상해없음,이륜,남,23세,경상
2017071000100030,2017년 7월 10일 00시,월요일,전라북도 익산시 신동,경상사고,0,0,1,0,차대차 - 측면충돌,안전운전불이행,건조,맑음,단일로 - 기타,승용,기타불명,미분류,기타불명,승용,남,36세,경상
2017071000100090,2017년 7월 10일 07시,월요일,전라북도 익산시 삼기면,경상사고,0,0,2,0,차대차 - 측면충돌,교차로운행방법위반,건조,맑음,단일로 - 기타,승용,남,51세,상해없음,승용,남,56세,경상
2017071000100120,2017년 7월 10일 08시,월요일,전라북도 완주군 봉동읍,경상사고,0,0,1,0,차대차 - 기타,교차로운행방법위반,젖음/습기,비,교차로 - 교차로부근,승용,여,25세,상해없음,승용,여,31세,경상
2017071000100155,2017년 7월 10일 09시,월요일,전라북도 전주시 완산구 효자동3가,중상사고,0,1,3,0,차대차 - 측면충돌,신호위반,건조,맑음,교차로 - 교차로안,승용,남,24세,경상,승용,남,32세,중상
2017071000100156,2017년 7월 10일 09시,월요일,전라북도 정읍시 상동,경상사고,0,0,2,0,차대차 - 측면충돌,직진우회전진행방해,건조,맑음,교차로 - 교차로안,승용,여,53세,경상,승용,여,25세,경상
2017071000100157,2017년 7월 10일 09시,월요일,전라북도 김제시 요촌동,경상사고,0,0,1,0,차대차 - 측면충돌,직진우회전진행방해,젖음/습기,흐림,교차로 - 교차로안,승용,남,61세,상해없음,자전거,남,60세,경상
2017071000100158,2017년 7월 10일 09시,월요일,전라북도 남원시 금지면,중상사고,0,1,0,0,차대차 - 측면충돌,안전운전불이행,건조,맑음,교차로 - 교차로안,승용,여,39세,상해없음,이륜,남,77세,중상
2017071000100185,2017년 7월 10일 10시,월요일,전라북도 익산시 남중동,경상사고,0,0,1,0,차대사람 - 횡단중,보행자보호의무위반,젖음/습기,흐림,교차로 - 교차로횡단보도내,화물,남,45세,상해없음,보행자,남,47세,경상
2017071000100186,2017년 7월 10일 10시,월요일,전라북도 순창군 동계면,사망사고,1,0,1,0,차대차 - 측면충돌,안전운전불이행,건조,맑음,단일로 - 기타,농기계,남,75세,사망,승용,남,61세,상해없음
2017071000100243,2017년 7월 10일 12시,월요일,전라북도 군산시 사정동,경상사고,0,0,1,0,차대차 - 추돌,안전거리미확보,건조,맑음,단일로 - 기타,승합,남,40세,상해없음,승용,남,49세,경상
2017071000100244,2017년 7월 10일 12시,월요일,전라북도 남원시 주생면,중상사고,0,2,1,0,차대차 - 기타,신호위반,건조,맑음,교차로 - 교차로안,승용,남,55세,상해없음,승용,여,46세,경상
2017071000100275,2017년 7월 10일 13시,월요일,전라북도 전주시 덕진구 팔복동3가,경상사고,0,0,1,0,차대차 - 측면충돌,신호위반,건조,맑음,교차로 - 교차로안,승용,여,43세,상해없음,승용,남,26세,경상
2017071000100298,2017년 7월 10일 14시,월요일,전라북도 부안군 행안면,경상사고,0,0,3,0,차대차 - 측면충돌,안전거리미확보,건조,맑음,단일로 - 기타,승용,남,47세,경상,화물,남,55세,경상
2017071000100332,2017년 7월 10일 15시,월요일,전라북도 군산시 나운동,경상사고,0,0,1,0,차대사람 - 차도통행중,안전운전불이행,젖음/습기,흐림,단일로 - 기타,승용,여,47세,상해없음,보행자,여,9세,경상
2017071000100470,2017년 7월 10일 19시,월요일,전라북도 남원시 금지면,사망사고,1,0,0,0,차량단독 - 도로외이탈 - 추락,안전운전불이행,건조,맑음,기타 - 기타,자전거,남,63세,사망,,,,
2017071000100527,2017년 7월 10일 21시,월요일,전라북도 익산시 모현동1가,중상사고,0,1,0,0,차대사람 - 차도통행중,안전운전불이행,젖음/습기,비,교차로 - 교차로부근,승용,남,60세,상해없음,보행자,남,67세,중상
2017071000100528,2017년 7월 10일 21시,월요일,전라북도 완주군 이서면,경상사고,0,0,1,0,차대차 - 측면충돌,안전운전불이행,건조,맑음,단일로 - 기타,승용,여,48세,기타불명,원동기,남,21세,경상
2017071000100597,2017년 7월 10일 23시,월요일,전라북도 전주시 완산구 서신동,경상사고,0,0,3,0,차대차 - 측면충돌,신호위반,젖음/습기,비,교차로 - 교차로안,승용,남,53세,상해없음,승용,남,51세,경상
2017071000100598,2017년 7월 10일 23시,월요일,전라북도 익산시 신용동,경상사고,0,0,1,0,차대차 - 측면충돌,중앙선침범,젖음/습기,비,교차로 - 교차로부근,승용,남,45세,상해없음,승용,남,43세,경상
2017071100100105,2017년 7월 11일 07시,화요일,전라북도 전주시 덕진구 덕진동1가,부상신고사고,0,0,0,1,차대차 - 측면충돌,불법유턴,건조,맑음,단일로 - 기타,승용,여,48세,상해없음,승용,남,59세,부상신고
2017071100100130,2017년 7월 11일 08시,화요일,전라북도 전주시 완산구 삼천동1가,사망사고,1,0,0,0,차대사람 - 횡단중,안전운전불이행,건조,흐림,교차로 - 교차로부근,승용,남,32세,상해없음,보행자,남,18세,사망
2017071100100131,2017년 7월 11일 08시,화요일,전라북도 군산시 내초동,중상사고,0,1,1,0,차대차 - 측면충돌,차로위반,건조,맑음,교차로 - 교차로부근,승용,남,34세,기타불명,승용,여,65세,중상
2017071100100132,2017년 7월 11일 08시,화요일,전라북도 군산시 소룡동,경상사고,0,0,2,0,차대차 - 추돌,안전거리미확보,건조,맑음,교차로 - 교차로부근,건설기계,남,46세,상해없음,화물,남,54세,경상
2017071100100133,2017년 7월 11일 08시,화요일,전라북도 익산시 신흥동,경상사고,0,0,1,0,차대차 - 추돌,안전운전불이행,건조,맑음,단일로 - 기타,승용,여,35세,상해없음,승용,여,51세,경상
2017071100100159,2017년 7월 11일 09시,화요일,전라북도 익산시 금마면,경상사고,0,0,1,0,차대차 - 측면충돌,안전운전불이행,건조,맑음,교차로 - 교차로안,승용,여,42세,상해없음,승합,남,53세,경상
2017071100100221,2017년 7월 11일 11시,화요일,전라북도 군산시 장미동,경상사고,0,0,1,0,차대차 - 추돌,안전거리미확보,건조,맑음,단일로 - 기타,승용,남,59세,기타불명,승용,남,58세,상해없음
2017071100100274,2017년 7월 11일 13시,화요일,전라북도 완주군 동상면,중상사고,0,1,1,0,차량단독 - 전도전복,안전운전불이행,건조,맑음,단일로 - 기타,원동기,남,38세,중상,미분류,미분류,미분류,미분류
2017071100100344,2017년 7월 11일 15시,화요일,전라북도 전주시 완산구 서신동,경상사고,0,0,1,0,차대사람 - 횡단중,안전운전불이행,건조,맑음,단일로 - 기타,승용,남,23세,상해없음,보행자,남,85세,경상
2017071100100345,2017년 7월 11일 15시,화요일,전라북도 익산시 인화동1가,중상사고,0,1,0,0,차대차 - 정면충돌,직진우회전진행방해,건조,맑음,교차로 - 교차로안,승용,여,47세,상해없음,이륜,남,72세,중상
2017071100100373,2017년 7월 11일 16시,화요일,전라북도 군산시 나운동,경상사고,0,0,1,0,차대차 - 측면충돌,차로위반,건조,맑음,단일로 - 기타,화물,남,44세,상해없음,화물,남,44세,경상
2017071100100374,2017년 7월 11일 16시,화요일,전라북도 정읍시 상동,중상사고,0,1,0,0,차대사람 - 횡단중,보행자보호의무위반,건조,맑음,교차로 - 교차로안,승용,남,46세,상해없음,보행자,여,76세,중상
2017071100100375,2017년 7월 11일 16시,화요일,전라북도 김제시 요촌동,경상사고,0,0,1,0,차대차 - 기타,불법유턴,건조,맑음,교차로 - 교차로안,승용,남,71세,상해없음,승용,남,18세,경상
2017071100100417,2017년 7월 11일 17시,화요일,전라북도 군산시 수송동,경상사고,0,0,1,0,차대차 - 추돌,안전거리미확보,건조,맑음,교차로 - 교차로부근,승용,남,24세,상해없음,승용,여,30세,경상
2017071100100461,2017년 7월 11일 18시,화요일,전라북도 전주시 완산구 삼천동1가,경상사고,0,0,1,0,차대사람 - 횡단중,안전운전불이행,건조,맑음,단일로 - 기타,승용,남,57세,상해없음,보행자,남,6세,경상
2017071100100500,2017년 7월 11일 19시,화요일,전라북도 군산시 소룡동,경상사고,0,0,1,0,차대사람 - 횡단중,안전운전불이행,건조,맑음,단일로 - 기타,승용,남,67세,상해없음,보행자,여,21세,경상
2017071100100532,2017년 7월 11일 20시,화요일,전라북도 군산시 경암동,경상사고,0,0,1,0,차대차 - 추돌,안전운전불이행,건조,맑음,단일로 - 기타,화물,남,47세,상해없음,자전거,남,70세,경상
2017071100100620,2017년 7월 11일 23시,화요일,전라북도 군산시 소룡동,경상사고,0,0,1,0,차대차 - 측면충돌,중앙선침범,건조,맑음,단일로 - 기타,승용,여,43세,상해없음,승용,여,33세,경상
2017071200100094,2017년 7월 12일 07시,수요일,전라북도 익산시 신동,중상사고,0,1,0,0,차대차 - 측면충돌,직진우회전진행방해,건조,맑음,교차로 - 교차로안,승용,남,48세,상해없음,자전거,남,68세,중상
2017071200100095,2017년 7월 12일 07시,수요일,전라북도 익산시 오산면,경상사고,0,0,1,0,차대차 - 측면충돌,직진우회전진행방해,건조,맑음,교차로 - 교차로안,승용,여,59세,상해없음,승용,남,55세,경상
2017071200100128,2017년 7월 12일 08시,수요일,전라북도 전주시 덕진구 우아동3가,경상사고,0,0,1,0,차대차 - 정면충돌,안전운전불이행,건조,맑음,교차로 - 교차로안,자전거,남,40세,상해없음,승용,남,61세,경상
2017071200100129,2017년 7월 12일 08시,수요일,전라북도 익산시 남중동,경상사고,0,0,1,0,차대차 - 추돌,안전운전불이행,건조,맑음,교차로 - 교차로안,승용,남,23세,상해없음,승용,남,70세,경상
2017071200100130,2017년 7월 12일 08시,수요일,전라북도 완주군 삼례읍,경상사고,0,0,1,0,차대차 - 측면충돌,안전운전불이행,건조,맑음,교차로 - 교차로안,승용,남,58세,상해없음,승용,남,30세,경상
2017071200100161,2017년 7월 12일 09시,수요일,전라북도 전주시 덕진구 진북동,경상사고,0,0,2,0,차대차 - 측면충돌,차로위반,건조,맑음,교차로 - 교차로부근,승용,여,46세,상해없음,승용,남,26세,경상
2017071200100162,2017년 7월 12일 09시,수요일,전라북도 군산시 나운동,경상사고,0,0,1,0,차대사람 - 횡단중,안전운전불이행,건조,맑음,단일로 - 지하차도(도로)내,승용,남,67세,상해없음,보행자,여,72세,경상
2017071200100163,2017년 7월 12일 09시,수요일,전라북도 부안군 부안읍,사망사고,1,0,0,0,차대사람 - 횡단중,안전운전불이행,건조,맑음,교차로 - 교차로부근,승합,남,45세,상해없음,보행자,여,89세,사망
2017071200100217,2017년 7월 12일 11시,수요일,전라북도 정읍시 수성동,경상사고,0,0,1,0,차대사람 - 차도통행중,안전운전불이행,건조,맑음,주차장 - 주차장,화물,남,23세,상해없음,보행자,남,60세,경상
2017071200100238,2017년 7월 12일 12시,수요일,전라북도 익산시 목천동,경상사고,0,0,1,0,차대차 - 측면충돌,신호위반,건조,맑음,교차로 - 교차로안,승용,남,72세,상해없음,승합,남,59세,경상
2017071200100296,2017년 7월 12일 14시,수요일,전라북도 전주시 완산구 삼천동1가,중상사고,0,1,0,0,차대차 - 정면충돌,중앙선침범,건조,맑음,단일로 - 기타,승용,남,48세,상해없음,승용,남,43세,중상
2017071200100297,2017년 7월 12일 14시,수요일,전라북도 정읍시 상동,경상사고,0,0,2,0,차대차 - 추돌,안전거리미확보,건조,맑음,교차로 - 교차로안,승용,여,45세,상해없음,승용,남,68세,경상
2017071200100327,2017년 7월 12일 15시,수요일,전라북도 군산시 문화동,경상사고,0,0,1,0,차대차 - 측면충돌,안전운전불이행,건조,맑음,단일로 - 지하차도(도로)내,승용,남,58세,상해없음,승합,여,43세,기타불명
2017071200100328,2017년 7월 12일 15시,수요일,전라북도 부안군 백산면,중상사고,0,1,2,0,차대차 - 기타,안전운전불이행,건조,맑음,단일로 - 기타,이륜,여,58세,경상,승용,남,26세,경상
2017071200100361,2017년 7월 12일 16시,수요일,전라북도 전주시 완산구 효자동2가,중상사고,0,1,0,0,차대사람 - 횡단중,안전운전불이행,건조,맑음,단일로 - 기타,승용,남,46세,상해없음,보행자,남,6세,중상
2017071200100362,2017년 7월 12일 16시,수요일,전라북도 익산시 영등동,중상사고,0,1,0,0,차대차 - 측면충돌,교차로운행방법위반,건조,맑음,교차로 - 교차로안,승용,여,43세,상해없음,원동기,남,81세,중상
2017071200100410,2017년 7월 12일 17시,수요일,전라북도 김제시 요촌동,경상사고,0,0,2,0,차량단독 - 기타,안전운전불이행,건조,맑음,단일로 - 기타,승용,남,61세,상해없음,,,,
2017071200100461,2017년 7월 12일 18시,수요일,전라북도 김제시 서암동,경상사고,0,0,1,0,차대차 - 추돌,안전거리미확보,건조,맑음,교차로 - 교차로부근,화물,남,32세,상해없음,승용,남,46세,경상
2017071200100511,2017년 7월 12일 19시,수요일,전라북도 부안군 동진면,경상사고,0,0,1,0,차대차 - 측면충돌,교차로운행방법위반,건조,맑음,교차로 - 교차로안,승합,남,60세,상해없음,화물,여,62세,경상
2017071200100543,2017년 7월 12일 20시,수요일,전라북도 군산시 수송동,중상사고,0,1,0,0,차대사람 - 횡단중,보행자보호의무위반,건조,맑음,교차로 - 교차로횡단보도내,화물,남,42세,상해없음,보행자,남,70세,중상
2017071200100598,2017년 7월 12일 22시,수요일,전라북도 고창군 아산면,중상사고,0,1,0,0,차대사람 - 횡단중,안전운전불이행,젖음/습기,맑음,단일로 - 기타,승용,남,36세,상해없음,보행자,남,46세,중상
2017071300100051,2017년 7월 13일 03시,목요일,전라북도 남원시 도통동,중상사고,0,1,3,0,차대차 - 측면충돌,신호위반,건조,흐림,교차로 - 교차로안,승합,남,48세,상해없음,승용,남,33세,경상
2017071300100096,2017년 7월 13일 07시,목요일,전라북도 익산시 영등동,경상사고,0,0,1,0,차대차 - 측면충돌,직진우회전진행방해,건조,맑음,교차로 - 교차로안,승용,남,64세,상해없음,승합,남,61세,경상
2017071300100097,2017년 7월 13일 07시,목요일,전라북도 남원시 동충동,경상사고,0,0,1,0,차대차 - 측면충돌,안전운전불이행,건조,맑음,교차로 - 교차로횡단보도내,승용,남,50세,상해없음,자전거,남,69세,경상
2017071300100121,2017년 7월 13일 08시,목요일,전라북도 정읍시 입암면,경상사고,0,0,1,0,차량단독 - 전도전복,안전운전불이행,건조,맑음,단일로 - 기타,농기계,남,76세,상해없음,미분류,미분류,미분류,미분류
2017071300100153,2017년 7월 13일 09시,목요일,전라북도 정읍시 수성동,경상사고,0,0,1,0,차대차 - 측면충돌,직진우회전진행방해,건조,맑음,교차로 - 교차로안,이륜,남,74세,경상,화물,남,56세,상해없음
2017071300100183,2017년 7월 13일 10시,목요일,전라북도 정읍시 북면,경상사고,0,0,1,0,차대차 - 측면충돌,기타,건조,맑음,단일로 - 기타,화물,남,53세,상해없음,이륜,남,61세,경상
2017071300100217,2017년 7월 13일 11시,목요일,전라북도 전주시 덕진구 동산동,경상사고,0,0,3,0,차대차 - 측면충돌,안전거리미확보,건조,맑음,교차로 - 교차로안,승용,남,70세,상해없음,승합,남,56세,경상
2017071300100264,2017년 7월 13일 13시,목요일,전라북도 김제시 갈공동,중상사고,0,1,2,0,차대차 - 측면충돌,안전거리미확보,건조,맑음,단일로 - 기타,승용,남,70세,상해없음,승용,남,78세,경상
2017071300100265,2017년 7월 13일 13시,목요일,전라북도 완주군 이서면,경상사고,0,0,1,0,차대사람 - 횡단중,신호위반,건조,맑음,단일로 - 기타,화물,남,28세,상해없음,보행자,여,6세,경상
2017071300100337,2017년 7월 13일 15시,목요일,전라북도 익산시 어양동,경상사고,0,0,3,0,차대차 - 측면충돌,신호위반,건조,맑음,교차로 - 교차로안,화물,남,76세,상해없음,승용,여,39세,경상
2017071300100363,2017년 7월 13일 16시,목요일,전라북도 익산시 오산면,경상사고,0,0,2,0,차대차 - 측면충돌,신호위반,건조,맑음,교차로 - 교차로안,승용,남,65세,상해없음,승용,남,30세,경상
2017071300100364,2017년 7월 13일 16시,목요일,전라북도 장수군 장계면,사망사고,1,1,0,0,차대차 - 기타,안전운전불이행,건조,맑음,단일로 - 터널,승용,남,57세,상해없음,화물,남,미분류,기타불명
2017071300100431,2017년 7월 13일 18시,목요일,전라북도 군산시 경장동,경상사고,0,0,2,0,차대차 - 정면충돌,안전거리미확보,건조,맑음,단일로 - 기타,화물,남,55세,상해없음,승용,남,53세,경상
2017071300100432,2017년 7월 13일 18시,목요일,전라북도 익산시 삼기면,사망사고,1,1,0,0,차대차 - 측면충돌,신호위반,건조,맑음,교차로 - 교차로안,승용,여,32세,중상,승용,남,36세,사망
2017071300100433,2017년 7월 13일 18시,목요일,전라북도 익산시 영등동,경상사고,0,0,1,0,차대사람 - 횡단중,안전운전불이행,건조,맑음,교차로 - 교차로안,승용,남,72세,상해없음,보행자,남,12세,경상
2017071300100494,2017년 7월 13일 20시,목요일,전라북도 정읍시 장명동,경상사고,0,0,1,0,차대차 - 측면충돌,기타,건조,맑음,교차로 - 교차로안,이륜,남,17세,상해없음,승용,남,20세,경상
2017071300100523,2017년 7월 13일 21시,목요일,전라북도 군산시 미원동,중상사고,0,1,0,0,차대차 - 정면충돌,직진우회전진행방해,건조,맑음,교차로 - 교차로안,승용,여,48세,상해없음,이륜,남,47세,중상
2017071300100552,2017년 7월 13일 22시,목요일,전라북도 전주시 완산구 중화산동2가,부상신고사고,0,0,0,1,차대사람 - 횡단중,안전운전불이행,건조,맑음,단일로 - 기타,승용,여,60세,기타불명,보행자,남,19세,부상신고
2017071300100553,2017년 7월 13일 22시,목요일,전라북도 정읍시 수성동,경상사고,0,0,1,0,차대차 - 측면충돌,교차로운행방법위반,건조,맑음,교차로 - 교차로안,승용,남,22세,상해없음,승용,남,48세,경상
2017071300100586,2017년 7월 13일 23시,목요일,전라북도 익산시 오산면,경상사고,0,0,2,0,차대차 - 측면충돌,안전운전불이행,건조,맑음,단일로 - 기타,승용,남,25세,상해없음,승용,남,53세,경상
2017071400100022,2017년 7월 14일 00시,금요일,전라북도 익산시 영등동,경상사고,0,0,1,0,차대차 - 측면충돌,직진우회전진행방해,건조,맑음,교차로 - 교차로안,승용,남,35세,상해없음,승용,남,39세,경상
2017071400100032,2017년 7월 14일 01시,금요일,전라북도 전주시 완산구 중화산동2가,경상사고,0,0,3,0,차대차 - 기타,안전운전불이행,건조,맑음,교차로 - 교차로안,승용,남,49세,상해없음,승용,남,50세,경상
2017071400100166,2017년 7월 14일 09시,금요일,전라북도 익산시 어양동,사망사고,1,0,0,0,차대사람 - 횡단중,안전운전불이행,건조,맑음,교차로 - 교차로횡단보도내,건설기계,남,29세,상해없음,보행자,여,61세,사망
2017071400100167,2017년 7월 14일 09시,금요일,전라북도 임실군 관촌면,중상사고,0,1,0,0,차대차 - 측면충돌,교차로운행방법위반,건조,맑음,교차로 - 교차로안,화물,남,53세,상해없음,농기계,남,84세,중상
2017071400100230,2017년 7월 14일 11시,금요일,전라북도 완주군 이서면,경상사고,0,0,1,0,차대차 - 측면충돌,안전운전불이행,건조,맑음,단일로 - 기타,승용,여,43세,상해없음,승용,남,51세,경상
2017071400100246,2017년 7월 14일 12시,금요일,전라북도 전주시 덕진구 팔복동2가,경상사고,0,0,1,0,차대사람 - 횡단중,신호위반,건조,맑음,교차로 - 교차로횡단보도내,승합,남,57세,상해없음,보행자,여,56세,경상
2017071400100302,2017년 7월 14일 14시,금요일,전라북도 군산시 월명동,중상사고,0,1,0,0,차대차 - 측면충돌,직진우회전진행방해,젖음/습기,비,교차로 - 교차로안,승용,여,52세,상해없음,승용,여,44세,중상
2017071400100303,2017년 7월 14일 14시,금요일,전라북도 정읍시 공평동,경상사고,0,0,1,0,차대차 - 추돌,안전운전불이행,건조,흐림,교차로 - 교차로안,건설기계,남,24세,상해없음,승용,여,61세,경상
2017071400100337,2017년 7월 14일 15시,금요일,전라북도 군산시 문화동,부상신고사고,0,0,0,2,차대차 - 측면충돌,안전운전불이행,젖음/습기,비,단일로 - 기타,승용,남,78세,상해없음,승용,여,43세,부상신고
2017071400100338,2017년 7월 14일 15시,금요일,전라북도 군산시 지곡동,부상신고사고,0,0,0,1,차량단독 - 전도전복,안전운전불이행,젖음/습기,비,교차로 - 교차로횡단보도내,이륜,남,40세,부상신고,미분류,미분류,미분류,미분류
2017071400100339,2017년 7월 14일 15시,금요일,전라북도 익산시 영등동,경상사고,0,0,1,0,차대사람 - 횡단중,안전운전불이행,건조,맑음,단일로 - 기타,승용,남,80세,상해없음,보행자,남,6세,경상
2017071400100340,2017년 7월 14일 15시,금요일,전라북도 임실군 성수면,경상사고,0,0,1,0,차대사람 - 기타,안전운전불이행,건조,흐림,단일로 - 기타,승용,남,66세,상해없음,보행자,남,48세,경상
2017071400100375,2017년 7월 14일 16시,금요일,전라북도 군산시 미원동,경상사고,0,0,1,0,차대차 - 측면충돌,직진우회전진행방해,젖음/습기,비,교차로 - 교차로안,승용,남,49세,상해없음,승용,남,57세,경상
2017071400100376,2017년 7월 14일 16시,금요일,전라북도 군산시 소룡동,경상사고,0,0,1,0,차대차 - 측면충돌,안전운전불이행,젖음/습기,비,교차로 - 교차로안,승용,남,42세,상해없음,자전거,남,57세,경상
2017071400100377,2017년 7월 14일 16시,금요일,전라북도 김제시 요촌동,경상사고,0,0,1,0,차대사람 - 횡단중,보행자보호의무위반,건조,흐림,단일로 - 기타,화물,남,73세,상해없음,보행자,여,32세,경상
2017071400100408,2017년 7월 14일 17시,금요일,전라북도 임실군 오수면,중상사고,0,1,1,0,차대차 - 측면충돌,직진우회전진행방해,젖음/습기,비,교차로 - 교차로안,화물,남,61세,상해없음,승용,남,60세,중상
2017071400100451,2017년 7월 14일 18시,금요일,전라북도 전주시 덕진구 인후동1가,경상사고,0,0,4,0,차대차 - 측면충돌,신호위반,건조,맑음,교차로 - 교차로안,승용,남,63세,상해없음,승용,남,41세,경상
2017071400100452,2017년 7월 14일 18시,금요일,전라북도 군산시 나운동,경상사고,0,0,1,0,차대차 - 측면충돌,중앙선침범,건조,맑음,교차로 - 교차로부근,원동기,남,21세,상해없음,승용,여,47세,경상
2017071400100453,2017년 7월 14일 18시,금요일,전라북도 군산시 문화동,경상사고,0,0,1,0,차대사람 - 횡단중,보행자보호의무위반,건조,맑음,단일로 - 기타,승용,남,50세,상해없음,보행자,여,10세,경상
2017071400100454,2017년 7월 14일 18시,금요일,전라북도 익산시 용제동,경상사고,0,0,1,0,차대차 - 측면충돌,안전거리미확보,건조,맑음,단일로 - 기타,승용,남,52세,상해없음,승용,여,34세,경상
2017071400100455,2017년 7월 14일 18시,금요일,전라북도 진안군 성수면,경상사고,0,0,1,0,차대사람 - 횡단중,안전운전불이행,건조,맑음,단일로 - 기타,승용,여,49세,상해없음,보행자,여,24세,경상
2017071400100487,2017년 7월 14일 19시,금요일,전라북도 전주시 덕진구 진북동,경상사고,0,0,3,1,차대차 - 측면충돌,안전운전불이행,젖음/습기,흐림,교차로 - 교차로부근,승용,남,38세,상해없음,승합,남,41세,상해없음
2017071400100488,2017년 7월 14일 19시,금요일,전라북도 완주군 이서면,부상신고사고,0,0,0,1,차대사람 - 기타,기타,건조,맑음,단일로 - 터널,기타불명,기타불명,미분류,기타불명,보행자,남,62세,부상신고
2017071400100522,2017년 7월 14일 20시,금요일,전라북도 군산시 사정동,경상사고,0,0,4,0,차대차 - 추돌,안전운전불이행,건조,맑음,단일로 - 기타,화물,남,40세,상해없음,승용,여,40세,경상
2017071400100523,2017년 7월 14일 20시,금요일,전라북도 익산시 남중동,경상사고,0,0,1,0,차대차 - 측면충돌,직진우회전진행방해,건조,흐림,교차로 - 교차로안,승용,남,62세,상해없음,승용,여,57세,경상
2017071400100524,2017년 7월 14일 20시,금요일,전라북도 남원시 금동,경상사고,0,0,2,0,차대차 - 기타,중앙선침범,건조,흐림,단일로 - 기타,승용,남,59세,상해없음,이륜,남,21세,경상
2017071400100561,2017년 7월 14일 21시,금요일,전라북도 전주시 완산구 평화동2가,경상사고,0,0,3,0,차대차 - 측면충돌,안전운전불이행,건조,맑음,단일로 - 기타,승용,남,28세,경상,승용,남,36세,경상
2017071400100562,2017년 7월 14일 21시,금요일,전라북도 익산시 부송동,사망사고,1,0,0,0,차대사람 - 횡단중,안전운전불이행,건조,맑음,교차로 - 교차로횡단보도내,화물,남,65세,상해없음,보행자,남,54세,사망
2017071400100596,2017년 7월 14일 22시,금요일,전라북도 익산시 춘포면,경상사고,0,0,1,0,차대차 - 추돌,안전운전불이행,건조,맑음,단일로 - 기타,화물,남,54세,상해없음,승용,여,53세,경상
2017071400100620,2017년 7월 14일 23시,금요일,전라북도 전주시 덕진구 호성동1가,경상사고,0,0,1,0,차대차 - 측면충돌,직진우회전진행방해,젖음/습기,흐림,교차로 - 교차로안,승용,남,52세,상해없음,이륜,남,53세,경상