사고번호,사고일시,요일,시군구,사고내용,사망자수,중상자수,경상자수,부상신고자수,사고유형,법규위반,노면상태,기상상태,도로형태,가해운전자 차종,가해운전자 성별,가해운전자 연령,가해운전자 상해정도,피해운전자 차종,피해운전자 성별,피해운전자 연령,피해운전자 상해정도
2017071400100621,2017년 7월 14일 23시,금요일,전라북도 전주시 덕진구 동산동,경상사고,0,0,1,0,차대차 - 측면충돌,안전운전불이행,건조,맑음,단일로 - 기타,승용,남,53세,상해없음,이륜,남,48세,경상
2017071400100622,2017년 7월 14일 23시,금요일,전라북도 진안군 백운면,사망사고,1,0,0,0,차량단독 - 기타,안전운전불이행,젖음/습기,비,단일로 - 기타,화물,남,46세,사망,,,,
2017071500100027,2017년 7월 15일 00시,토요일,전라북도 군산시 수송동,경상사고,0,0,3,0,차대차 - 측면충돌,안전운전불이행,젖음/습기,비,교차로 - 교차로안,승용,남,69세,상해없음,승용,남,66세,상해없음
2017071500100046,2017년 7월 15일 01시,토요일,전라북도 군산시 수송동,경상사고,0,0,1,0,차대사람 - 기타,안전운전불이행,기타,비,기타 - 기타,승용,여,36세,상해없음,보행자,남,34세,경상
2017071500100126,2017년 7월 15일 06시,토요일,전라북도 전주시 완산구 효자동2가,경상사고,0,0,2,0,차대차 - 기타,안전거리미확보,건조,맑음,단일로 - 기타,승용,남,64세,경상,승용,남,38세,경상
2017071500100175,2017년 7월 15일 09시,토요일,전라북도 전주시 덕진구 인후동2가,중상사고,0,1,0,0,차대사람 - 기타,안전운전불이행,건조,흐림,단일로 - 기타,승용,남,38세,상해없음,보행자,여,83세,중상
2017071500100176,2017년 7월 15일 09시,토요일,전라북도 순창군 순창읍,중상사고,0,1,0,0,차대차 - 측면충돌,중앙선침범,젖음/습기,비,단일로 - 기타,승용,여,28세,상해없음,자전거,여,51세,중상
2017071500100227,2017년 7월 15일 11시,토요일,전라북도 익산시 신동,경상사고,0,0,2,0,차대차 - 측면충돌,직진우회전진행방해,건조,맑음,교차로 - 교차로안,승용,남,62세,상해없음,승용,여,60세,경상
2017071500100292,2017년 7월 15일 13시,토요일,전라북도 전주시 덕진구 인후동1가,중상사고,0,1,0,0,차대사람 - 횡단중,안전운전불이행,젖음/습기,비,단일로 - 기타,이륜,남,49세,상해없음,보행자,남,12세,중상
2017071500100390,2017년 7월 15일 16시,토요일,전라북도 전주시 완산구 서신동,경상사고,0,0,1,0,차대차 - 측면충돌,신호위반,젖음/습기,비,교차로 - 교차로안,승용,여,35세,상해없음,승용,남,57세,경상
2017071500100391,2017년 7월 15일 16시,토요일,전라북도 익산시 왕궁면,경상사고,0,0,3,0,차대차 - 측면충돌,신호위반,건조,맑음,교차로 - 교차로안,승용,여,40세,상해없음,승용,남,62세,경상
2017071500100392,2017년 7월 15일 16시,토요일,전라북도 정읍시 시기동,중상사고,0,1,0,0,차대차 - 측면충돌,교차로운행방법위반,건조,맑음,교차로 - 교차로안,승용,남,44세,상해없음,자전거,여,72세,중상
2017071500100430,2017년 7월 15일 17시,토요일,전라북도 전주시 완산구 서서학동,경상사고,0,0,1,0,차대차 - 추돌,안전운전불이행,젖음/습기,비,단일로 - 기타,승용,남,54세,상해없음,승용,남,45세,경상
2017071500100457,2017년 7월 15일 18시,토요일,전라북도 전주시 덕진구 인후동1가,경상사고,0,0,2,0,차대차 - 측면충돌,안전거리미확보,건조,맑음,단일로 - 기타,승용,남,70세,상해없음,승용,남,38세,경상
2017071500100458,2017년 7월 15일 18시,토요일,전라북도 남원시 산내면,사망사고,1,0,0,0,차량단독 - 전도전복,안전운전불이행,젖음/습기,맑음,교차로 - 교차로부근,화물,남,67세,사망,미분류,미분류,미분류,미분류
2017071500100522,2017년 7월 15일 20시,토요일,전라북도 전주시 완산구 효자동3가,경상사고,0,0,1,0,차대차 - 측면충돌,신호위반,건조,맑음,교차로 - 교차로안,승용,여,28세,상해없음,승용,여,46세,경상
2017071500100560,2017년 7월 15일 21시,토요일,전라북도 전주시 덕진구 송천동1가,경상사고,0,0,1,0,차대사람 - 차도통행중,안전운전불이행,건조,맑음,교차로 - 교차로안,승용,남,64세,상해없음,보행자,남,48세,경상
2017071500100591,2017년 7월 15일 22시,토요일,전라북도 전주시 완산구 효자동3가,경상사고,0,0,1,0,차대사람 - 횡단중,안전운전불이행,건조,맑음,교차로 - 교차로부근,승용,남,28세,상해없음,보행자,여,54세,경상
2017071500100592,2017년 7월 15일 22시,토요일,전라북도 전주시 완산구 효자동2가,경상사고,0,0,2,0,차대차 - 측면충돌,안전운전불이행,건조,맑음,교차로 - 교차로안,승용,남,18세,상해없음,승용,남,23세,경상
2017071500100593,2017년 7월 15일 22시,토요일,전라북도 익산시 중앙동3가,사망사고,1,0,0,0,차대사람 - 횡단중,안전운전불이행,건조,맑음,교차로 - 교차로부근,승합,남,49세,상해없음,보행자,여,75세,사망
2017071500100594,2017년 7월 15일 22시,토요일,전라북도 익산시 어양동,중상사고,0,1,0,0,차대차 - 측면충돌,신호위반,건조,맑음,교차로 - 교차로안,승용,남,27세,상해없음,승용,여,45세,중상
2017071500100614,2017년 7월 15일 23시,토요일,전라북도 전주시 완산구 중화산동2가,경상사고,0,0,2,0,차대차 - 측면충돌,신호위반,건조,맑음,교차로 - 교차로안,승용,남,58세,상해없음,승용,남,44세,경상
2017071500100615,2017년 7월 15일 23시,토요일,전라북도 전주시 완산구 평화동2가,경상사고,0,0,3,0,차대차 - 후진중충돌,안전운전불이행,건조,맑음,기타 - 기타,승용,남,53세,상해없음,승용,남,58세,경상
2017071500100616,2017년 7월 15일 23시,토요일,전라북도 전주시 덕진구 우아동3가,경상사고,0,0,4,0,차대차 - 추돌,안전운전불이행,건조,맑음,교차로 - 교차로부근,승용,남,63세,상해없음,승용,여,32세,경상
2017071500100617,2017년 7월 15일 23시,토요일,전라북도 군산시 옥산면,경상사고,0,0,1,0,차대차 - 추돌,안전운전불이행,건조,맑음,교차로 - 교차로부근,승용,남,23세,상해없음,승용,남,39세,경상
2017071600100042,2017년 7월 16일 01시,일요일,전라북도 전주시 완산구 중화산동2가,경상사고,0,0,1,0,차대차 - 추돌,안전운전불이행,건조,맑음,교차로 - 교차로부근,승용,남,38세,상해없음,승용,남,31세,경상
2017071600100043,2017년 7월 16일 01시,일요일,전라북도 전주시 완산구 중노송동,경상사고,0,0,2,0,차대차 - 측면충돌,안전운전불이행,건조,기타,교차로 - 교차로부근,승용,남,27세,상해없음,승용,남,32세,경상
2017071600100090,2017년 7월 16일 04시,일요일,전라북도 익산시 마동,중상사고,0,1,0,0,차대차 - 측면충돌,신호위반,건조,맑음,교차로 - 교차로안,승용,남,19세,상해없음,승용,남,55세,중상
2017071600100091,2017년 7월 16일 04시,일요일,전라북도 정읍시 연지동,중상사고,0,1,2,0,차대차 - 측면충돌,중앙선침범,건조,흐림,교차로 - 교차로안,이륜,남,17세,경상,승용,여,61세,경상
2017071600100092,2017년 7월 16일 04시,일요일,전라북도 고창군 고수면,경상사고,0,0,2,0,차대차 - 측면충돌,신호위반,건조,맑음,교차로 - 교차로안,승용,남,36세,상해없음,승용,남,59세,경상
2017071600100142,2017년 7월 16일 09시,일요일,전라북도 군산시 미장동,경상사고,0,0,2,0,차대차 - 기타,신호위반,건조,맑음,교차로 - 교차로안,승용,남,24세,상해없음,승용,남,77세,경상
2017071600100143,2017년 7월 16일 09시,일요일,전라북도 김제시 신덕동,경상사고,0,0,5,0,차대차 - 측면충돌,안전운전불이행,건조,맑음,단일로 - 기타,승용,남,69세,상해없음,화물,남,48세,경상
2017071600100164,2017년 7월 16일 10시,일요일,전라북도 전주시 완산구 중화산동2가,경상사고,0,0,1,0,차대차 - 기타,차로위반,건조,맑음,단일로 - 기타,승용,여,51세,상해없음,승용,남,64세,경상
2017071600100165,2017년 7월 16일 10시,일요일,전라북도 익산시 동산동,경상사고,0,0,1,0,차대차 - 정면충돌,직진우회전진행방해,건조,맑음,교차로 - 교차로안,승용,남,59세,상해없음,승용,남,60세,경상
2017071600100183,2017년 7월 16일 11시,일요일,전라북도 부안군 변산면,중상사고,0,1,0,0,차대차 - 추돌,안전운전불이행,건조,맑음,단일로 - 기타,자전거,남,55세,중상,승용,남,46세,기타불명
2017071600100218,2017년 7월 16일 12시,일요일,전라북도 전주시 완산구 서신동,경상사고,0,0,1,0,차대차 - 측면충돌,안전거리미확보,건조,맑음,교차로 - 교차로안,승용,남,56세,상해없음,승용,여,51세,경상
2017071600100297,2017년 7월 16일 15시,일요일,전라북도 군산시 나운동,경상사고,0,0,1,0,차대차 - 기타,신호위반,건조,맑음,교차로 - 교차로안,승용,여,46세,상해없음,자전거,남,57세,경상
2017071600100298,2017년 7월 16일 15시,일요일,전라북도 정읍시 장명동,중상사고,0,1,3,0,차대차 - 측면충돌,직진우회전진행방해,건조,맑음,교차로 - 교차로안,승용,남,63세,경상,화물,남,49세,경상
2017071600100359,2017년 7월 16일 17시,일요일,전라북도 익산시 신동,중상사고,0,1,0,0,차대차 - 측면충돌,직진우회전진행방해,건조,맑음,교차로 - 교차로안,승용,남,56세,상해없음,원동기,남,35세,중상
2017071600100360,2017년 7월 16일 17시,일요일,전라북도 고창군 고창읍,경상사고,0,0,4,0,차대차 - 추돌,안전거리미확보,건조,맑음,기타 - 기타,승용,여,33세,상해없음,승용,여,39세,경상
2017071600100387,2017년 7월 16일 18시,일요일,전라북도 군산시 조촌동,사망사고,1,0,0,0,차대사람 - 횡단중,안전운전불이행,건조,맑음,단일로 - 기타,승용,남,28세,상해없음,보행자,여,75세,사망
2017071600100442,2017년 7월 16일 20시,일요일,전라북도 정읍시 연지동,경상사고,0,0,4,0,차대차 - 측면충돌,신호위반,건조,맑음,교차로 - 교차로안,승용,남,70세,상해없음,승용,남,36세,경상
2017071600100443,2017년 7월 16일 20시,일요일,전라북도 정읍시 망제동,중상사고,0,1,0,0,차대사람 - 횡단중,안전운전불이행,건조,맑음,단일로 - 기타,승용,남,49세,상해없음,보행자,남,66세,중상
2017071600100473,2017년 7월 16일 21시,일요일,전라북도 전주시 완산구 서신동,경상사고,0,0,1,0,차대차 - 측면충돌,안전운전불이행,건조,맑음,교차로 - 교차로횡단보도내,승용,남,28세,상해없음,자전거,남,26세,경상
2017071600100474,2017년 7월 16일 21시,일요일,전라북도 전주시 덕진구 금암동,중상사고,0,1,0,1,차대차 - 측면충돌,직진우회전진행방해,건조,흐림,교차로 - 교차로안,승용,여,25세,상해없음,승용,여,59세,중상
2017071700100025,2017년 7월 17일 00시,월요일,전라북도 군산시 경장동,사망사고,1,0,0,0,차대차 - 측면충돌,안전운전불이행,건조,맑음,교차로 - 교차로안,승용,여,53세,상해없음,이륜,남,17세,사망
2017071700100039,2017년 7월 17일 01시,월요일,전라북도 전주시 완산구 중화산동2가,중상사고,0,1,0,0,차대차 - 추돌,차로위반,건조,맑음,단일로 - 기타,승용,남,56세,상해없음,이륜,남,51세,중상
2017071700100057,2017년 7월 17일 04시,월요일,전라북도 전주시 덕진구 송천동1가,경상사고,0,0,2,1,차대차 - 측면충돌,직진우회전진행방해,건조,맑음,교차로 - 교차로안,승용,여,48세,상해없음,승용,남,61세,경상
2017071700100058,2017년 7월 17일 04시,월요일,전라북도 임실군 임실읍,경상사고,0,0,1,0,차대사람 - 횡단중,안전운전불이행,건조,맑음,교차로 - 교차로부근,승용,여,46세,상해없음,보행자,여,80세,경상
2017071700100065,2017년 7월 17일 05시,월요일,전라북도 전주시 덕진구 전미동2가,경상사고,0,0,1,0,차대차 - 측면충돌,신호위반,건조,맑음,교차로 - 교차로안,화물,남,43세,기타불명,화물,남,48세,경상
2017071700100096,2017년 7월 17일 07시,월요일,전라북도 고창군 고창읍,경상사고,0,0,1,0,차대차 - 측면충돌,교차로운행방법위반,건조,맑음,교차로 - 교차로안,승용,여,48세,상해없음,원동기,남,81세,경상
2017071700100097,2017년 7월 17일 07시,월요일,전라북도 부안군 백산면,중상사고,0,1,1,0,차대차 - 측면충돌,교차로운행방법위반,건조,맑음,교차로 - 교차로안,화물,남,58세,중상,승용,남,47세,경상
2017071700100098,2017년 7월 17일 07시,월요일,전라북도 부안군 하서면,중상사고,0,1,1,0,차량단독 - 전도전복,안전운전불이행,건조,맑음,단일로 - 기타,승용,여,25세,경상,미분류,미분류,미분류,미분류
2017071700100131,2017년 7월 17일 08시,월요일,전라북도 부안군 부안읍,경상사고,0,0,1,0,차대차 - 측면충돌,안전운전불이행,건조,맑음,교차로 - 교차로안,승용,남,50세,상해없음,이륜,남,62세,경상
2017071700100132,2017년 7월 17일 08시,월요일,전라북도 무주군 안성면,경상사고,0,0,1,0,차량단독 - 전도전복 - 전도,안전운전불이행,건조,맑음,교차로 - 교차로부근,사륜오토바이(ATV),여,65세,경상,,,,
2017071700100198,2017년 7월 17일 10시,월요일,전라북도 부안군 상서면,경상사고,0,0,5,0,차대차 - 추돌,안전운전불이행,건조,맑음,단일로 - 기타,화물,여,64세,상해없음,승용,남,65세,상해없음
2017071700100235,2017년 7월 17일 11시,월요일,전라북도 군산시 대명동,경상사고,0,0,1,0,차대사람 - 횡단중,기타,젖음/습기,흐림,기타 - 기타,승합,남,65세,상해없음,보행자,여,48세,경상
2017071700100270,2017년 7월 17일 12시,월요일,전라북도 전주시 덕진구 금암동,경상사고,0,0,1,1,차대차 - 측면충돌,신호위반,건조,흐림,교차로 - 교차로안,승용,여,50세,상해없음,승용,남,70세,부상신고
2017071700100271,2017년 7월 17일 12시,월요일,전라북도 군산시 나운동,경상사고,0,0,1,0,차대사람 - 횡단중,안전운전불이행,건조,맑음,교차로 - 교차로부근,승용,여,42세,상해없음,보행자,여,41세,경상
2017071700100292,2017년 7월 17일 13시,월요일,전라북도 군산시 구암동,중상사고,0,1,0,0,차대사람 - 기타,안전운전불이행,젖음/습기,흐림,교차로 - 교차로부근,기타불명,기타불명,미분류,기타불명,보행자,남,80세,중상
2017071700100293,2017년 7월 17일 13시,월요일,전라북도 정읍시 수성동,중상사고,0,1,0,0,차대사람 - 횡단중,보행자보호의무위반,건조,흐림,교차로 - 교차로부근,화물,남,53세,상해없음,보행자,여,78세,중상
2017071700100324,2017년 7월 17일 14시,월요일,전라북도 군산시 나운동,경상사고,0,0,1,0,차대사람 - 횡단중,안전운전불이행,젖음/습기,비,교차로 - 교차로안,승용,남,65세,상해없음,보행자,여,70세,경상
2017071700100361,2017년 7월 17일 15시,월요일,전라북도 전주시 완산구 고사동,경상사고,0,0,1,0,차대사람 - 횡단중,보행자보호의무위반,젖음/습기,흐림,교차로 - 교차로안,승용,남,75세,상해없음,보행자,남,73세,경상
2017071700100393,2017년 7월 17일 16시,월요일,전라북도 김제시 요촌동,중상사고,0,1,0,0,차대차 - 측면충돌,직진우회전진행방해,젖음/습기,비,교차로 - 교차로안,화물,남,24세,상해없음,화물,여,33세,중상
2017071700100429,2017년 7월 17일 17시,월요일,전라북도 부안군 줄포면,중상사고,0,1,0,0,차대차 - 기타,직진우회전진행방해,건조,맑음,교차로 - 교차로안,화물,남,39세,상해없음,사륜오토바이(ATV),남,76세,중상
2017071700100473,2017년 7월 17일 18시,월요일,전라북도 전주시 덕진구 진북동,경상사고,0,0,1,0,차대차 - 정면충돌,중앙선침범,건조,맑음,단일로 - 기타,승용,여,53세,상해없음,승용,여,41세,경상
2017071700100474,2017년 7월 17일 18시,월요일,전라북도 김제시 하동,경상사고,0,0,4,0,차대차 - 측면충돌,안전운전불이행,젖음/습기,비,교차로 - 교차로안,승용,남,37세,상해없음,승용,남,40세,경상
2017071700100505,2017년 7월 17일 19시,월요일,전라북도 전주시 완산구 서완산동1가,경상사고,0,0,1,0,차대차 - 측면충돌,차로위반,젖음/습기,비,기타 - 기타,승용,여,58세,상해없음,승용,남,49세,경상
2017071700100532,2017년 7월 17일 20시,월요일,전라북도 전주시 덕진구 금암동,경상사고,0,0,4,0,차대차 - 추돌,안전거리미확보,젖음/습기,맑음,단일로 - 기타,승용,여,50세,상해없음,승용,남,47세,경상
2017071700100533,2017년 7월 17일 20시,월요일,전라북도 전주시 덕진구 인후동1가,경상사고,0,0,1,0,차대차 - 추돌,안전거리미확보,건조,맑음,교차로 - 교차로안,승용,남,63세,기타불명,승용,남,28세,경상
2017071700100594,2017년 7월 17일 22시,월요일,전라북도 전주시 덕진구 덕진동1가,경상사고,0,0,1,0,차대차 - 측면충돌,안전운전불이행,젖음/습기,비,단일로 - 기타,승용,남,27세,상해없음,승용,남,42세,경상
2017071700100616,2017년 7월 17일 23시,월요일,전라북도 전주시 완산구 효자동1가,경상사고,0,0,2,0,차대차 - 추돌,안전운전불이행,젖음/습기,비,교차로 - 교차로부근,승용,남,44세,기타불명,승용,여,49세,경상
2017071700100617,2017년 7월 17일 23시,월요일,전라북도 전주시 완산구 효자동3가,경상사고,0,0,2,0,차대차 - 추돌,안전운전불이행,젖음/습기,비,단일로 - 기타,승용,남,44세,기타불명,승합,남,54세,경상
2017071800100027,2017년 7월 18일 00시,화요일,전라북도 군산시 나운동,중상사고,0,2,2,0,차대차 - 측면충돌,신호위반,건조,맑음,교차로 - 교차로안,승용,남,54세,중상,승용,남,54세,경상
2017071800100063,2017년 7월 18일 04시,화요일,전라북도 전주시 완산구 효자동2가,경상사고,0,0,1,0,차대차 - 측면충돌,교차로운행방법위반,건조,맑음,교차로 - 교차로안,승용,남,26세,상해없음,승용,남,59세,경상
2017071800100119,2017년 7월 18일 08시,화요일,전라북도 전주시 완산구 용복동,경상사고,0,0,4,0,차대차 - 측면충돌,신호위반,건조,맑음,교차로 - 교차로안,승용,여,51세,상해없음,화물,남,60세,경상
2017071800100120,2017년 7월 18일 08시,화요일,전라북도 군산시 오룡동,경상사고,0,0,3,0,차대차 - 추돌,안전운전불이행,젖음/습기,비,교차로 - 교차로부근,승용,여,47세,상해없음,승용,여,33세,경상
2017071800100121,2017년 7월 18일 08시,화요일,전라북도 고창군 아산면,경상사고,0,0,1,0,차대차 - 측면충돌,기타,건조,흐림,교차로 - 교차로안,승용,남,64세,상해없음,승용,여,52세,경상
2017071800100177,2017년 7월 18일 10시,화요일,전라북도 군산시 사정동,경상사고,0,0,1,0,차대차 - 추돌,안전운전불이행,젖음/습기,흐림,교차로 - 교차로부근,화물,남,38세,상해없음,승합,남,46세,상해없음
2017071800100178,2017년 7월 18일 10시,화요일,전라북도 순창군 유등면,경상사고,0,0,1,0,차량단독 - 전도전복,안전운전불이행,건조,맑음,기타 - 기타,승용,남,65세,경상,미분류,미분류,미분류,미분류
2017071800100198,2017년 7월 18일 11시,화요일,전라북도 고창군 성내면,중상사고,0,1,0,0,차대차 - 측면충돌,신호위반,건조,흐림,교차로 - 교차로안,원동기,남,62세,중상,승용,여,53세,상해없음
2017071800100255,2017년 7월 18일 13시,화요일,전라북도 완주군 용진읍,중상사고,0,2,0,0,차대차 - 정면충돌,교차로운행방법위반,건조,맑음,교차로 - 교차로안,승용,남,57세,상해없음,승용,남,71세,중상
2017071800100276,2017년 7월 18일 14시,화요일,전라북도 고창군 성내면,경상사고,0,0,1,0,차대차 - 추돌,안전거리미확보,건조,맑음,교차로 - 교차로부근,승용,남,28세,상해없음,승용,여,56세,경상
2017071800100277,2017년 7월 18일 14시,화요일,전라북도 부안군 변산면,경상사고,0,0,2,0,차대차 - 측면충돌,신호위반,건조,맑음,교차로 - 교차로안,화물,남,20세,상해없음,승용,남,27세,경상
2017071800100310,2017년 7월 18일 15시,화요일,전라북도 군산시 소룡동,중상사고,0,1,0,0,차대사람 - 횡단중,안전운전불이행,건조,맑음,단일로 - 기타,승용,남,36세,상해없음,보행자,여,73세,중상
2017071800100311,2017년 7월 18일 15시,화요일,전라북도 정읍시 연지동,경상사고,0,0,1,0,차대차 - 측면충돌,신호위반,건조,맑음,교차로 - 교차로안,이륜,여,60세,경상,승용,여,47세,상해없음
2017071800100375,2017년 7월 18일 17시,화요일,전라북도 군산시 영화동,경상사고,0,0,1,0,차대차 - 측면충돌,안전운전불이행,건조,맑음,교차로 - 교차로안,승용,남,47세,상해없음,자전거,남,21세,경상
2017071800100447,2017년 7월 18일 19시,화요일,전라북도 진안군 정천면,경상사고,0,0,1,0,차대차 - 측면충돌,신호위반,건조,맑음,교차로 - 교차로안,화물,남,60세,상해없음,승용,여,29세,경상
2017071800100509,2017년 7월 18일 21시,화요일,전라북도 전주시 완산구 중노송동,경상사고,0,0,1,0,차대차 - 추돌,안전거리미확보,건조,맑음,단일로 - 기타,승용,여,43세,상해없음,승용,남,47세,경상
2017071800100528,2017년 7월 18일 22시,화요일,전라북도 군산시 미룡동,경상사고,0,0,2,0,차대차 - 측면충돌,안전운전불이행,젖음/습기,흐림,교차로 - 교차로부근,승용,남,28세,상해없음,승용,남,44세,경상
2017071900100041,2017년 7월 19일 00시,수요일,전라북도 임실군 관촌면,경상사고,0,0,1,0,차대차 - 측면충돌,중앙선침범,건조,맑음,단일로 - 기타,승용,여,56세,상해없음,특수,남,41세,경상
2017071900100129,2017년 7월 19일 08시,수요일,전라북도 전주시 완산구 효자동2가,경상사고,0,0,1,0,차대차 - 측면충돌,신호위반,건조,맑음,교차로 - 교차로안,승용,여,52세,상해없음,승용,여,44세,경상
2017071900100204,2017년 7월 19일 10시,수요일,전라북도 익산시 함라면,경상사고,0,0,1,0,차량단독 - 전도전복,안전운전불이행,건조,맑음,단일로 - 기타,농기계,남,80세,경상,미분류,미분류,미분류,미분류
2017071900100205,2017년 7월 19일 10시,수요일,전라북도 김제시 진봉면,중상사고,0,1,0,0,차대차 - 추돌,안전운전불이행,건조,맑음,교차로 - 교차로부근,이륜,남,80세,중상,승용,여,61세,상해없음
2017071900100206,2017년 7월 19일 10시,수요일,전라북도 완주군 봉동읍,사망사고,1,0,1,0,차대차 - 측면충돌,신호위반,건조,맑음,교차로 - 교차로안,승용,남,60세,경상,화물,남,51세,상해없음
2017071900100248,2017년 7월 19일 12시,수요일,전라북도 전주시 완산구 삼천동1가,중상사고,0,1,0,0,차대차 - 측면충돌,안전거리미확보,건조,맑음,교차로 - 교차로안,화물,남,45세,상해없음,이륜,남,21세,중상
2017071900100249,2017년 7월 19일 12시,수요일,전라북도 정읍시 송산동,중상사고,0,2,1,0,차대차 - 측면충돌,직진우회전진행방해,건조,맑음,교차로 - 교차로안,화물,남,72세,경상,화물,남,62세,중상
2017071900100273,2017년 7월 19일 13시,수요일,전라북도 군산시 산북동,경상사고,0,0,1,0,차대차 - 정면충돌,안전운전불이행,건조,맑음,단일로 - 기타,건설기계,남,63세,상해없음,승용,남,62세,경상
2017071900100303,2017년 7월 19일 14시,수요일,전라북도 전주시 덕진구 덕진동1가,중상사고,0,1,0,0,차대사람 - 보도통행중,기타,건조,맑음,기타 - 기타,승용,남,56세,상해없음,보행자,남,56세,중상
2017071900100304,2017년 7월 19일 14시,수요일,전라북도 전주시 덕진구 여의동,경상사고,0,0,2,0,차대차 - 기타,직진우회전진행방해,건조,맑음,교차로 - 교차로안,승용,남,52세,상해없음,이륜,남,16세,경상
2017071900100305,2017년 7월 19일 14시,수요일,전라북도 완주군 용진읍,경상사고,0,0,2,0,차대차 - 측면충돌,안전운전불이행,건조,맑음,교차로 - 교차로안,승용,남,51세,상해없음,화물,남,69세,경상
2017071900100328,2017년 7월 19일 15시,수요일,전라북도 정읍시 상동,경상사고,0,0,3,0,차대차 - 측면충돌,중앙선침범,건조,맑음,단일로 - 기타,승용,남,57세,상해없음,승용,남,39세,경상
2017071900100429,2017년 7월 19일 17시,수요일,전라북도 전주시 완산구 서서학동,중상사고,0,2,0,0,차대차 - 정면충돌,중앙선침범,건조,맑음,교차로 - 교차로부근,승용,남,57세,상해없음,승용,남,66세,중상
2017071900100430,2017년 7월 19일 17시,수요일,전라북도 전주시 덕진구 우아동2가,경상사고,0,0,2,0,차대차 - 측면충돌,안전운전불이행,건조,맑음,교차로 - 교차로안,승용,남,47세,상해없음,승용,남,29세,경상
2017071900100431,2017년 7월 19일 17시,수요일,전라북도 김제시 금구면,경상사고,0,0,1,0,차대차 - 측면충돌,신호위반,건조,맑음,교차로 - 교차로안,농기계,남,75세,경상,승용,여,51세,상해없음
2017071900100432,2017년 7월 19일 17시,수요일,전라북도 김제시 공덕면,경상사고,0,0,2,0,차대차 - 측면충돌,안전거리미확보,건조,맑음,단일로 - 기타,승용,남,62세,상해없음,화물,남,56세,경상
2017071900100469,2017년 7월 19일 18시,수요일,전라북도 전주시 완산구 동서학동,중상사고,0,1,0,0,차대차 - 추돌,안전운전불이행,건조,맑음,단일로 - 기타,승용,남,52세,상해없음,승용,남,44세,중상
2017071900100470,2017년 7월 19일 18시,수요일,전라북도 전주시 완산구 중앙동1가,경상사고,0,0,1,0,차대사람 - 기타,안전운전불이행,건조,맑음,단일로 - 기타,자전거,여,46세,상해없음,보행자,여,70세,경상
2017071900100471,2017년 7월 19일 18시,수요일,전라북도 익산시 부송동,경상사고,0,0,1,0,차대차 - 측면충돌,신호위반,건조,맑음,교차로 - 교차로안,승용,남,59세,상해없음,이륜,남,48세,경상
2017071900100472,2017년 7월 19일 18시,수요일,전라북도 부안군 부안읍,중상사고,0,1,0,0,차대차 - 기타,중앙선침범,건조,맑음,단일로 - 기타,승용,남,64세,상해없음,이륜,남,47세,중상
2017071900100546,2017년 7월 19일 20시,수요일,전라북도 전주시 완산구 중화산동2가,경상사고,0,0,1,0,차대사람 - 기타,안전운전불이행,건조,맑음,교차로 - 교차로안,승용,여,36세,상해없음,보행자,남,49세,경상
2017071900100547,2017년 7월 19일 20시,수요일,전라북도 군산시 경장동,경상사고,0,0,3,0,차대차 - 측면충돌,중앙선침범,건조,맑음,교차로 - 교차로부근,승용,여,60세,상해없음,승용,남,57세,경상
2017071900100548,2017년 7월 19일 20시,수요일,전라북도 김제시 금산면,중상사고,0,1,0,0,차대차 - 추돌,과속,건조,맑음,단일로 - 기타,승용,남,35세,상해없음,원동기,남,41세,중상
2017071900100579,2017년 7월 19일 21시,수요일,전라북도 부안군 부안읍,경상사고,0,0,1,0,차대차 - 측면충돌,안전운전불이행,건조,맑음,단일로 - 기타,화물,남,56세,상해없음,승용,여,59세,경상
2017071900100619,2017년 7월 19일 23시,수요일,전라북도 김제시 백구면,경상사고,0,0,1,0,차대차 - 추돌,안전운전불이행,건조,맑음,단일로 - 기타,화물,남,42세,상해없음,화물,남,63세,경상
2017072000100033,2017년 7월 20일 00시,목요일,전라북도 군산시 비응도동,중상사고,0,2,0,0,차량단독 - 전도전복 - 전도,안전운전불이행,건조,맑음,교차로 - 교차로안,원동기,남,17세,중상,,,,
2017072000100042,2017년 7월 20일 01시,목요일,전라북도 군산시 산북동,경상사고,0,0,1,0,차대차 - 측면충돌,안전운전불이행,건조,맑음,교차로 - 교차로안,승용,남,37세,상해없음,승용,남,45세,경상
2017072000100076,2017년 7월 20일 05시,목요일,전라북도 고창군 심원면,사망사고,1,0,0,0,차대사람 - 길가장자리구역통행중,안전운전불이행,건조,맑음,단일로 - 기타,화물,남,34세,상해없음,보행자,여,75세,사망
2017072000100087,2017년 7월 20일 06시,목요일,전라북도 익산시 망성면,경상사고,0,0,1,0,차대차 - 측면충돌,신호위반,건조,맑음,교차로 - 교차로안,승합,남,64세,상해없음,화물,남,48세,경상
2017072000100110,2017년 7월 20일 07시,목요일,전라북도 익산시 삼기면,경상사고,0,0,1,0,차대사람 - 횡단중,안전운전불이행,건조,맑음,단일로 - 기타,자전거,남,57세,상해없음,보행자,여,73세,경상
2017072000100206,2017년 7월 20일 10시,목요일,전라북도 전주시 덕진구 우아동3가,경상사고,0,0,1,0,차대차 - 측면충돌,신호위반,건조,맑음,교차로 - 교차로안,승용,남,72세,상해없음,승용,남,53세,경상