사고번호,사고일시,요일,시군구,사고내용,사망자수,중상자수,경상자수,부상신고자수,사고유형,법규위반,노면상태,기상상태,도로형태,가해운전자 차종,가해운전자 성별,가해운전자 연령,가해운전자 상해정도,피해운전자 차종,피해운전자 성별,피해운전자 연령,피해운전자 상해정도
2017072000100207,2017년 7월 20일 10시,목요일,전라북도 전주시 덕진구 금암동,경상사고,0,0,1,0,차대사람 - 횡단중,안전운전불이행,건조,맑음,교차로 - 교차로안,승용,남,58세,상해없음,보행자,남,80세,경상
2017072000100234,2017년 7월 20일 11시,목요일,전라북도 전주시 덕진구 반월동,중상사고,0,1,1,0,차대차 - 측면충돌,신호위반,건조,맑음,교차로 - 교차로안,화물,남,58세,중상,승합,남,50세,경상
2017072000100235,2017년 7월 20일 11시,목요일,전라북도 정읍시 연지동,중상사고,0,1,1,0,차대차 - 측면충돌,안전운전불이행,건조,맑음,교차로 - 교차로안,승용,남,79세,중상,화물,남,55세,경상
2017072000100271,2017년 7월 20일 12시,목요일,전라북도 정읍시 송산동,중상사고,0,1,0,0,차대차 - 측면충돌,신호위반,건조,맑음,교차로 - 교차로안,승용,남,22세,상해없음,이륜,남,66세,중상
2017072000100347,2017년 7월 20일 15시,목요일,전라북도 부안군 부안읍,경상사고,0,0,1,0,차대차 - 추돌,안전운전불이행,건조,맑음,단일로 - 기타,승합,남,67세,상해없음,승용,남,72세,경상
2017072000100405,2017년 7월 20일 17시,목요일,전라북도 전주시 덕진구 진북동,중상사고,0,1,0,0,차대사람 - 횡단중,안전운전불이행,건조,맑음,교차로 - 교차로안,승용,남,59세,상해없음,보행자,여,74세,중상
2017072000100406,2017년 7월 20일 17시,목요일,전라북도 김제시 입석동,중상사고,0,1,2,0,차대차 - 측면충돌,안전운전불이행,건조,맑음,단일로 - 기타,승용,남,80세,상해없음,화물,남,52세,중상
2017072000100407,2017년 7월 20일 17시,목요일,전라북도 장수군 천천면,사망사고,1,0,0,0,차량단독 - 전도전복,안전운전불이행,건조,맑음,단일로 - 기타,건설기계,남,미분류,사망,미분류,미분류,미분류,미분류
2017072000100501,2017년 7월 20일 19시,목요일,전라북도 정읍시 신태인읍,경상사고,0,0,3,0,차대차 - 측면충돌,불법유턴,건조,맑음,교차로 - 교차로안,화물,남,73세,경상,화물,남,52세,경상
2017072000100587,2017년 7월 20일 22시,목요일,전라북도 전주시 완산구 서완산동1가,경상사고,0,0,1,0,차대차 - 측면충돌,안전운전불이행,건조,맑음,단일로 - 기타,승용,남,57세,상해없음,승용,여,53세,경상
2017072000100588,2017년 7월 20일 22시,목요일,전라북도 전주시 덕진구 진북동,경상사고,0,0,1,0,차대차 - 추돌,안전거리미확보,건조,맑음,교차로 - 교차로부근,승용,남,53세,상해없음,승용,남,29세,경상
2017072100100089,2017년 7월 21일 07시,금요일,전라북도 정읍시 망제동,중상사고,0,1,1,0,차대차 - 추돌,안전거리미확보,건조,맑음,단일로 - 기타,승용,남,53세,경상,승용,남,33세,중상
2017072100100118,2017년 7월 21일 08시,금요일,전라북도 군산시 수송동,경상사고,0,0,1,0,차대차 - 정면충돌,안전거리미확보,건조,맑음,단일로 - 기타,건설기계,남,40세,상해없음,승용,남,56세,경상
2017072100100119,2017년 7월 21일 08시,금요일,전라북도 정읍시 내장동,경상사고,0,0,2,0,차대차 - 측면충돌,중앙선침범,건조,맑음,단일로 - 기타,이륜,남,26세,경상,승용,여,51세,상해없음
2017072100100151,2017년 7월 21일 09시,금요일,전라북도 군산시 조촌동,중상사고,0,1,0,0,차대사람 - 횡단중,보행자보호의무위반,건조,맑음,교차로 - 교차로횡단보도내,승용,남,59세,상해없음,보행자,남,73세,중상
2017072100100152,2017년 7월 21일 09시,금요일,전라북도 정읍시 신태인읍,사망사고,1,0,0,0,차대사람 - 횡단중,과속,건조,맑음,단일로 - 기타,화물,남,45세,상해없음,보행자,여,83세,사망
2017072100100189,2017년 7월 21일 10시,금요일,전라북도 군산시 수송동,중상사고,0,2,0,0,차대사람 - 횡단중,보행자보호의무위반,건조,맑음,교차로 - 교차로횡단보도내,화물,남,50세,상해없음,보행자,여,73세,중상
2017072100100190,2017년 7월 21일 10시,금요일,전라북도 임실군 임실읍,중상사고,0,1,0,0,차대차 - 측면충돌,신호위반,건조,맑음,교차로 - 교차로안,건설기계,남,50세,상해없음,승용,남,63세,중상
2017072100100223,2017년 7월 21일 11시,금요일,전라북도 임실군 임실읍,중상사고,0,1,0,0,차대차 - 기타,안전거리미확보,건조,맑음,단일로 - 기타,승용,여,34세,상해없음,이륜,남,56세,중상
2017072100100252,2017년 7월 21일 12시,금요일,전라북도 남원시 도통동,중상사고,0,1,0,0,차대차 - 측면충돌,안전운전불이행,건조,맑음,단일로 - 기타,승용,여,30세,상해없음,이륜,남,16세,중상
2017072100100253,2017년 7월 21일 12시,금요일,전라북도 고창군 부안면,중상사고,0,1,0,0,차대사람 - 기타,안전운전불이행,건조,맑음,단일로 - 기타,승합,남,50세,상해없음,보행자,여,75세,중상
2017072100100288,2017년 7월 21일 13시,금요일,전라북도 무주군 설천면,중상사고,0,7,26,0,차대차 - 정면충돌,중앙선침범,건조,맑음,단일로 - 기타,승용,여,29세,중상,승합,남,42세,경상
2017072100100316,2017년 7월 21일 14시,금요일,전라북도 익산시 어양동,경상사고,0,0,1,0,차대차 - 측면충돌,안전거리미확보,건조,맑음,단일로 - 기타,승용,남,31세,상해없음,승용,여,45세,경상
2017072100100349,2017년 7월 21일 15시,금요일,전라북도 전주시 완산구 중앙동2가,중상사고,0,3,3,0,차대차 - 추돌,안전운전불이행,건조,맑음,교차로 - 교차로부근,승합,남,56세,상해없음,승용,남,40세,경상
2017072100100350,2017년 7월 21일 15시,금요일,전라북도 김제시 월봉동,경상사고,0,0,2,0,차대차 - 측면충돌,중앙선침범,건조,맑음,단일로 - 기타,승용,남,41세,상해없음,승용,여,54세,경상
2017072100100389,2017년 7월 21일 16시,금요일,전라북도 전주시 덕진구 덕진동1가,경상사고,0,0,1,0,차대차 - 추돌,안전운전불이행,건조,맑음,단일로 - 기타,기타불명,기타불명,미분류,기타불명,승용,여,54세,경상
2017072100100390,2017년 7월 21일 16시,금요일,전라북도 익산시 남중동,경상사고,0,0,1,0,차대사람 - 횡단중,안전운전불이행,건조,맑음,교차로 - 교차로안,승합,남,51세,상해없음,보행자,여,60세,경상
2017072100100482,2017년 7월 21일 18시,금요일,전라북도 전주시 덕진구 팔복동2가,경상사고,0,0,2,0,차대차 - 측면충돌,안전운전불이행,건조,맑음,교차로 - 교차로안,승용,남,51세,상해없음,승용,여,34세,경상
2017072100100556,2017년 7월 21일 20시,금요일,전라북도 무주군 무주읍,중상사고,0,1,1,0,차대차 - 측면충돌,안전운전불이행,건조,맑음,교차로 - 교차로안,승합,남,42세,상해없음,승용,남,18세,경상
2017072100100590,2017년 7월 21일 21시,금요일,전라북도 군산시 나운동,경상사고,0,0,1,0,차대차 - 측면충돌,중앙선침범,건조,맑음,단일로 - 기타,승용,남,56세,상해없음,이륜,남,17세,경상
2017072100100620,2017년 7월 21일 22시,금요일,전라북도 전주시 덕진구 송천동1가,경상사고,0,0,1,0,차대차 - 기타,안전운전불이행,건조,맑음,단일로 - 기타,승합,남,61세,상해없음,승합,여,41세,경상
2017072100100621,2017년 7월 21일 22시,금요일,전라북도 전주시 덕진구 우아동3가,경상사고,0,0,2,0,차대차 - 기타,안전운전불이행,건조,맑음,단일로 - 기타,승용,여,50세,상해없음,승용,남,42세,경상
2017072100100655,2017년 7월 21일 23시,금요일,전라북도 정읍시 수성동,경상사고,0,0,1,0,차대차 - 기타,신호위반,건조,맑음,교차로 - 교차로안,승용,남,51세,상해없음,승용,여,23세,상해없음
2017072200100033,2017년 7월 22일 00시,토요일,전라북도 전주시 덕진구 덕진동2가,경상사고,0,0,2,0,차대차 - 정면충돌,신호위반,건조,맑음,교차로 - 교차로안,승용,남,22세,상해없음,승용,남,29세,경상
2017072200100052,2017년 7월 22일 01시,토요일,전라북도 전주시 완산구 중화산동2가,경상사고,0,0,1,0,차대차 - 측면충돌,신호위반,건조,맑음,교차로 - 교차로안,승용,남,35세,상해없음,승용,남,19세,경상
2017072200100095,2017년 7월 22일 04시,토요일,전라북도 전주시 덕진구 진북동,경상사고,0,0,1,0,차대차 - 추돌,안전운전불이행,건조,맑음,교차로 - 교차로횡단보도내,승용,여,31세,상해없음,승용,남,56세,경상
2017072200100140,2017년 7월 22일 07시,토요일,전라북도 정읍시 상동,중상사고,0,1,0,0,차대사람 - 기타,안전운전불이행,건조,맑음,단일로 - 기타,승용,여,61세,상해없음,보행자,남,68세,중상
2017072200100198,2017년 7월 22일 10시,토요일,전라북도 전주시 완산구 평화동2가,중상사고,0,1,1,0,차대차 - 측면충돌,안전운전불이행,건조,맑음,교차로 - 교차로안,승용,남,58세,기타불명,이륜,남,73세,중상
2017072200100199,2017년 7월 22일 10시,토요일,전라북도 전주시 완산구 경원동3가,경상사고,0,0,1,0,차대차 - 측면충돌,안전운전불이행,건조,맑음,교차로 - 교차로안,승용,남,48세,상해없음,이륜,남,26세,경상
2017072200100200,2017년 7월 22일 10시,토요일,전라북도 정읍시 상동,경상사고,0,0,2,0,차대차 - 측면충돌,직진우회전진행방해,건조,맑음,교차로 - 교차로안,이륜,남,90세 이상,상해없음,승용,남,22세,경상
2017072200100201,2017년 7월 22일 10시,토요일,전라북도 김제시 만경읍,경상사고,0,0,1,0,차대차 - 추돌,기타,건조,맑음,교차로 - 교차로안,승용,여,52세,상해없음,화물,남,67세,경상
2017072200100233,2017년 7월 22일 11시,토요일,전라북도 전주시 덕진구 덕진동2가,경상사고,0,0,1,0,차대차 - 측면충돌,신호위반,건조,맑음,교차로 - 교차로횡단보도내,승용,남,56세,상해없음,이륜,남,22세,상해없음
2017072200100274,2017년 7월 22일 12시,토요일,전라북도 전주시 덕진구 용정동,중상사고,0,1,1,0,차대차 - 추돌,안전운전불이행,건조,맑음,단일로 - 기타,화물,남,45세,상해없음,승용,여,53세,중상
2017072200100275,2017년 7월 22일 12시,토요일,전라북도 정읍시 수성동,경상사고,0,0,1,0,차대사람 - 차도통행중,안전운전불이행,건조,맑음,기타 - 기타,승용,여,39세,상해없음,보행자,남,58세,경상
2017072200100276,2017년 7월 22일 12시,토요일,전라북도 남원시 산내면,중상사고,0,2,0,0,차량단독 - 전도전복,안전운전불이행,건조,맑음,단일로 - 기타,승용,여,54세,상해없음,미분류,미분류,미분류,미분류
2017072200100361,2017년 7월 22일 14시,토요일,전라북도 군산시 삼학동,경상사고,0,0,1,0,차대차 - 기타,안전운전불이행,건조,맑음,교차로 - 교차로부근,화물,남,45세,상해없음,자전거,남,59세,경상
2017072200100432,2017년 7월 22일 16시,토요일,전라북도 김제시 요촌동,경상사고,0,0,3,0,차대차 - 측면충돌,교차로운행방법위반,건조,맑음,교차로 - 교차로안,승용,남,60세,경상,승용,남,51세,경상
2017072200100468,2017년 7월 22일 17시,토요일,전라북도 전주시 완산구 평화동2가,경상사고,0,0,1,0,차대차 - 기타,안전운전불이행,건조,맑음,단일로 - 기타,승용,남,64세,상해없음,자전거,남,50세,경상
2017072200100511,2017년 7월 22일 18시,토요일,전라북도 전주시 덕진구 진북동,경상사고,0,0,1,0,차대차 - 측면충돌,안전거리미확보,건조,맑음,교차로 - 교차로부근,화물,여,60세,상해없음,승용,남,55세,경상
2017072200100512,2017년 7월 22일 18시,토요일,전라북도 군산시 지곡동,중상사고,0,1,0,0,차대차 - 측면충돌,신호위반,건조,맑음,교차로 - 교차로안,승용,남,45세,상해없음,이륜,남,65세,중상
2017072200100513,2017년 7월 22일 18시,토요일,전라북도 순창군 적성면,경상사고,0,0,1,0,차대차 - 측면충돌,안전운전불이행,건조,맑음,단일로 - 기타,자전거,여,76세,경상,승합,남,59세,상해없음
2017072200100556,2017년 7월 22일 19시,토요일,전라북도 군산시 수송동,경상사고,0,0,1,0,차대차 - 측면충돌,안전운전불이행,건조,맑음,교차로 - 교차로안,승용,남,35세,상해없음,원동기,남,18세,경상
2017072200100615,2017년 7월 22일 21시,토요일,전라북도 전주시 덕진구 인후동1가,중상사고,0,2,0,0,차대차 - 측면충돌,신호위반,건조,맑음,교차로 - 교차로안,승용,여,33세,상해없음,승용,남,39세,중상
2017072200100656,2017년 7월 22일 23시,토요일,전라북도 익산시 오산면,경상사고,0,0,1,0,차대차 - 추돌,과속,건조,맑음,단일로 - 기타,승용,남,35세,상해없음,승용,남,38세,경상
2017072300100055,2017년 7월 23일 02시,일요일,전라북도 전주시 덕진구 금상동,중상사고,0,1,0,0,차대차 - 측면충돌,중앙선침범,건조,맑음,단일로 - 기타,화물,남,46세,중상,화물,남,43세,상해없음
2017072300100056,2017년 7월 23일 02시,일요일,전라북도 군산시 중앙로1가,경상사고,0,0,1,0,차대차 - 측면충돌,신호위반,건조,맑음,교차로 - 교차로안,승용,남,54세,상해없음,승용,남,64세,상해없음
2017072300100064,2017년 7월 23일 03시,일요일,전라북도 완주군 동상면,중상사고,0,1,0,0,차량단독 - 전도전복 - 전도,안전운전불이행,건조,맑음,단일로 - 기타,승용,남,21세,상해없음,,,,
2017072300100082,2017년 7월 23일 04시,일요일,전라북도 군산시 비응도동,경상사고,0,0,1,0,차대차 - 측면충돌,교차로운행방법위반,건조,맑음,교차로 - 교차로안,원동기,남,17세,상해없음,원동기,남,16세,경상
2017072300100151,2017년 7월 23일 10시,일요일,전라북도 전주시 덕진구 고랑동,경상사고,0,0,1,0,차대차 - 추돌,안전운전불이행,건조,맑음,교차로 - 교차로부근,화물,남,50세,상해없음,승용,남,62세,경상
2017072300100228,2017년 7월 23일 13시,일요일,전라북도 익산시 모현동1가,경상사고,0,0,1,0,차대사람 - 기타,안전운전불이행,건조,맑음,주차장 - 주차장,승용,남,78세,상해없음,보행자,여,57세,경상
2017072300100266,2017년 7월 23일 15시,일요일,전라북도 완주군 고산면,경상사고,0,0,1,0,차량단독 - 전도전복,안전운전불이행,건조,맑음,교차로 - 교차로부근,원동기,남,51세,경상,미분류,미분류,미분류,미분류
2017072300100296,2017년 7월 23일 16시,일요일,전라북도 군산시 나운동,경상사고,0,0,1,0,차대차 - 측면충돌,안전운전불이행,건조,맑음,교차로 - 교차로안,승합,남,50세,상해없음,원동기,남,19세,경상
2017072300100330,2017년 7월 23일 17시,일요일,전라북도 군산시 옥서면,중상사고,0,1,0,0,차대사람 - 횡단중,안전운전불이행,건조,흐림,교차로 - 교차로안,승용,여,63세,상해없음,보행자,남,68세,중상
2017072300100331,2017년 7월 23일 17시,일요일,전라북도 익산시 모현동1가,경상사고,0,0,4,0,차대차 - 기타,신호위반,건조,맑음,교차로 - 교차로부근,승용,여,67세,상해없음,승용,여,56세,경상
2017072300100348,2017년 7월 23일 18시,일요일,전라북도 익산시 모현동1가,경상사고,0,0,1,0,차대차 - 기타,안전운전불이행,건조,맑음,주차장 - 주차장,화물,남,18세,상해없음,승용,남,26세,경상
2017072300100385,2017년 7월 23일 19시,일요일,전라북도 전주시 덕진구 반월동,경상사고,0,0,2,0,차대차 - 추돌,안전운전불이행,건조,맑음,교차로 - 교차로부근,승용,남,25세,상해없음,승용,남,57세,경상
2017072300100386,2017년 7월 23일 19시,일요일,전라북도 고창군 아산면,사망사고,1,0,0,0,차대사람 - 기타,불법유턴,건조,맑음,교차로 - 교차로안,화물,남,70세,상해없음,보행자,여,75세,사망
2017072300100408,2017년 7월 23일 20시,일요일,전라북도 전주시 완산구 삼천동1가,중상사고,0,1,0,0,차대사람 - 횡단중,안전운전불이행,건조,맑음,교차로 - 교차로횡단보도내,승용,남,26세,상해없음,보행자,남,58세,중상
2017072300100437,2017년 7월 23일 21시,일요일,전라북도 전주시 덕진구 고랑동,부상신고사고,0,0,0,1,차량단독 - 전도전복 - 전도,안전운전불이행,건조,맑음,교차로 - 교차로부근,원동기,남,19세,상해없음,,,,
2017072400100044,2017년 7월 24일 01시,월요일,전라북도 전주시 완산구 서신동,경상사고,0,0,1,0,차대차 - 측면충돌,신호위반,건조,맑음,교차로 - 교차로안,승용,남,34세,상해없음,승용,남,41세,경상
2017072400100050,2017년 7월 24일 02시,월요일,전라북도 군산시 나운동,경상사고,0,0,1,0,차량단독 - 전도전복,안전운전불이행,젖음/습기,비,단일로 - 지하차도(도로)내,승용,남,24세,상해없음,미분류,미분류,미분류,미분류
2017072400100051,2017년 7월 24일 02시,월요일,전라북도 남원시 쌍교동,경상사고,0,0,4,0,차대차 - 측면충돌,직진우회전진행방해,건조,맑음,교차로 - 교차로안,승용,남,30세,상해없음,승용,남,18세,경상
2017072400100069,2017년 7월 24일 04시,월요일,전라북도 전주시 완산구 삼천동1가,중상사고,0,1,0,0,차대사람 - 횡단중,보행자보호의무위반,건조,맑음,교차로 - 교차로횡단보도내,승용,여,55세,상해없음,보행자,여,47세,중상
2017072400100084,2017년 7월 24일 06시,월요일,전라북도 전주시 완산구 서서학동,부상신고사고,0,0,0,1,차대차 - 측면충돌,안전운전불이행,건조,맑음,교차로 - 교차로안,자전거,남,74세,부상신고,승용,남,77세,상해없음
2017072400100085,2017년 7월 24일 06시,월요일,전라북도 군산시 경장동,경상사고,0,0,1,0,차대차 - 기타,차로위반,건조,맑음,단일로 - 기타,승용,남,53세,상해없음,승용,남,35세,경상
2017072400100122,2017년 7월 24일 08시,월요일,전라북도 전주시 완산구 평화동2가,중상사고,0,1,1,17,차대차 - 추돌,안전운전불이행,건조,맑음,교차로 - 교차로부근,승합,남,54세,상해없음,승합,남,44세,경상
2017072400100196,2017년 7월 24일 10시,월요일,전라북도 부안군 진서면,경상사고,0,0,1,0,차대차 - 측면충돌,중앙선침범,건조,맑음,단일로 - 기타,승용,여,56세,상해없음,승용,여,51세,경상
2017072400100221,2017년 7월 24일 11시,월요일,전라북도 군산시 내흥동,경상사고,0,0,1,0,차대차 - 기타,안전운전불이행,건조,맑음,교차로 - 교차로안,승용,남,71세,상해없음,승용,남,65세,경상
2017072400100279,2017년 7월 24일 13시,월요일,전라북도 익산시 목천동,경상사고,0,0,1,0,차대차 - 측면충돌,안전거리미확보,젖음/습기,비,단일로 - 기타,승용,남,51세,상해없음,화물,남,44세,경상
2017072400100387,2017년 7월 24일 16시,월요일,전라북도 군산시 경암동,중상사고,0,1,0,0,차대사람 - 횡단중,보행자보호의무위반,건조,맑음,기타 - 기타,승합,남,56세,상해없음,보행자,여,63세,중상
2017072400100388,2017년 7월 24일 16시,월요일,전라북도 익산시 팔봉동,중상사고,0,1,0,0,차대사람 - 횡단중,안전운전불이행,건조,맑음,교차로 - 교차로안,승용,여,41세,상해없음,보행자,남,7세,중상
2017072400100463,2017년 7월 24일 18시,월요일,전라북도 전주시 완산구 중화산동1가,중상사고,0,2,0,0,차대사람 - 횡단중,안전운전불이행,건조,맑음,교차로 - 교차로안,승용,여,28세,상해없음,보행자,여,6세,중상
2017072400100483,2017년 7월 24일 19시,월요일,전라북도 전주시 완산구 서완산동1가,경상사고,0,0,1,0,차대차 - 기타,안전운전불이행,건조,맑음,교차로 - 교차로부근,승용,남,57세,상해없음,승용,남,31세,상해없음
2017072400100506,2017년 7월 24일 20시,월요일,전라북도 전주시 완산구 효자동3가,경상사고,0,0,1,0,차대사람 - 횡단중,보행자보호의무위반,건조,맑음,교차로 - 교차로부근,화물,남,54세,상해없음,보행자,남,28세,경상
2017072400100507,2017년 7월 24일 20시,월요일,전라북도 익산시 영등동,경상사고,0,0,1,0,차대차 - 측면충돌,중앙선침범,젖음/습기,흐림,단일로 - 기타,승용,남,49세,상해없음,원동기,남,27세,경상
2017072400100508,2017년 7월 24일 20시,월요일,전라북도 정읍시 수성동,경상사고,0,0,2,0,차대차 - 정면충돌,중앙선침범,건조,맑음,단일로 - 기타,승용,남,45세,상해없음,승용,남,52세,경상
2017072500100035,2017년 7월 25일 00시,화요일,전라북도 전주시 덕진구 우아동3가,경상사고,0,0,4,0,차대차 - 측면충돌,직진우회전진행방해,건조,맑음,교차로 - 교차로안,승용,남,23세,상해없음,승용,남,58세,경상
2017072500100049,2017년 7월 25일 02시,화요일,전라북도 전주시 완산구 효자동3가,경상사고,0,0,2,0,차대차 - 추돌,안전운전불이행,건조,맑음,교차로 - 교차로부근,승용,남,43세,상해없음,승용,남,58세,경상
2017072500100081,2017년 7월 25일 06시,화요일,전라북도 부안군 부안읍,경상사고,0,0,1,0,차대차 - 측면충돌,신호위반,건조,맑음,교차로 - 교차로안,승용,여,66세,경상,승합,남,62세,상해없음
2017072500100140,2017년 7월 25일 08시,화요일,전라북도 익산시 모현동2가,경상사고,0,0,5,0,차대차 - 추돌,안전운전불이행,건조,맑음,단일로 - 기타,승용,남,61세,상해없음,승용,남,75세,경상
2017072500100175,2017년 7월 25일 09시,화요일,전라북도 전주시 덕진구 진북동,경상사고,0,0,1,0,차대차 - 후진중충돌,안전운전불이행,건조,맑음,교차로 - 교차로횡단보도내,화물,남,55세,상해없음,자전거,여,67세,경상
2017072500100260,2017년 7월 25일 12시,화요일,전라북도 정읍시 수성동,경상사고,0,0,1,0,차대차 - 측면충돌,안전거리미확보,건조,맑음,단일로 - 기타,이륜,남,65세,경상,승용,여,39세,상해없음
2017072500100291,2017년 7월 25일 13시,화요일,전라북도 군산시 문화동,중상사고,0,1,0,0,차대사람 - 횡단중,보행자보호의무위반,건조,맑음,교차로 - 교차로안,화물,남,43세,상해없음,보행자,남,5세,중상
2017072500100292,2017년 7월 25일 13시,화요일,전라북도 익산시 영등동,경상사고,0,0,1,0,차대차 - 측면충돌,신호위반,건조,맑음,단일로 - 기타,승용,남,54세,상해없음,이륜,남,23세,경상
2017072500100293,2017년 7월 25일 13시,화요일,전라북도 정읍시 신태인읍,중상사고,0,1,0,0,차대차 - 기타,기타,건조,맑음,단일로 - 기타,화물,남,62세,기타불명,자전거,남,70세,중상
2017072500100294,2017년 7월 25일 13시,화요일,전라북도 정읍시 하북동,경상사고,0,0,2,0,차대차 - 추돌,안전운전불이행,건조,맑음,교차로 - 교차로부근,승용,남,48세,상해없음,승용,남,44세,상해없음
2017072500100329,2017년 7월 25일 14시,화요일,전라북도 익산시 평화동,중상사고,0,1,0,0,차대차 - 측면충돌,직진우회전진행방해,건조,맑음,교차로 - 교차로안,승용,여,47세,상해없음,승용,남,78세,중상
2017072500100330,2017년 7월 25일 14시,화요일,전라북도 정읍시 시기동,중상사고,0,1,0,0,차대사람 - 횡단중,안전운전불이행,건조,맑음,교차로 - 교차로안,승용,여,53세,상해없음,보행자,여,80세,중상
2017072500100365,2017년 7월 25일 15시,화요일,전라북도 전주시 완산구 서노송동,경상사고,0,0,1,0,차대차 - 추돌,안전운전불이행,건조,맑음,단일로 - 기타,승용,여,75세,상해없음,승용,여,41세,경상
2017072500100416,2017년 7월 25일 16시,화요일,전라북도 군산시 소룡동,경상사고,0,0,3,0,차대차 - 기타,교차로운행방법위반,건조,맑음,교차로 - 교차로안,승용,남,61세,상해없음,승용,여,31세,경상
2017072500100454,2017년 7월 25일 17시,화요일,전라북도 전주시 덕진구 금암동,경상사고,0,0,1,0,차대차 - 측면충돌,안전거리미확보,건조,맑음,단일로 - 기타,승용,남,64세,상해없음,승용,남,29세,경상
2017072500100491,2017년 7월 25일 18시,화요일,전라북도 전주시 완산구 서신동,중상사고,0,1,1,0,차대차 - 정면충돌,신호위반,건조,맑음,교차로 - 교차로안,이륜,남,27세,중상,승용,여,48세,경상
2017072500100492,2017년 7월 25일 18시,화요일,전라북도 전주시 덕진구 송천동2가,경상사고,0,0,1,0,차대사람 - 횡단중,안전운전불이행,젖음/습기,비,단일로 - 기타,승용,여,38세,상해없음,보행자,여,14세,경상
2017072500100493,2017년 7월 25일 18시,화요일,전라북도 전주시 덕진구 송천동1가,중상사고,0,1,0,0,차대차 - 기타,안전운전불이행,건조,맑음,단일로 - 기타,원동기,남,16세,상해없음,화물,남,32세,기타불명
2017072500100553,2017년 7월 25일 20시,화요일,전라북도 전주시 덕진구 송천동2가,경상사고,0,0,1,0,차대차 - 측면충돌,신호위반,건조,맑음,교차로 - 교차로안,승용,남,55세,상해없음,승용,남,53세,경상
2017072500100554,2017년 7월 25일 20시,화요일,전라북도 익산시 부송동,중상사고,0,1,0,0,차대사람 - 횡단중,안전운전불이행,건조,맑음,교차로 - 교차로안,승합,여,55세,상해없음,보행자,여,46세,중상
2017072500100588,2017년 7월 25일 21시,화요일,전라북도 전주시 완산구 서노송동,경상사고,0,0,1,0,차대차 - 기타,안전거리미확보,기타,맑음,단일로 - 기타,승용,남,56세,상해없음,승용,남,28세,경상
2017072600100065,2017년 7월 26일 04시,수요일,전라북도 전주시 덕진구 우아동1가,중상사고,0,1,0,0,차량단독 - 전도전복,안전운전불이행,건조,맑음,단일로 - 기타,원동기,남,18세,상해없음,미분류,미분류,미분류,미분류
2017072600100088,2017년 7월 26일 06시,수요일,전라북도 군산시 대명동,경상사고,0,0,1,0,차대사람 - 횡단중,안전운전불이행,건조,맑음,단일로 - 기타,승용,여,59세,상해없음,보행자,남,54세,경상
2017072600100111,2017년 7월 26일 07시,수요일,전라북도 익산시 마동,중상사고,0,1,0,0,차대사람 - 횡단중,안전운전불이행,건조,맑음,교차로 - 교차로안,승용,남,76세,상해없음,보행자,여,67세,중상
2017072600100177,2017년 7월 26일 09시,수요일,전라북도 전주시 덕진구 인후동1가,경상사고,0,0,1,0,차대차 - 측면충돌,안전운전불이행,건조,맑음,교차로 - 교차로안,화물,남,53세,상해없음,승용,여,43세,경상
2017072600100178,2017년 7월 26일 09시,수요일,전라북도 완주군 이서면,경상사고,0,0,1,0,차대차 - 정면충돌,중앙선침범,건조,맑음,교차로 - 교차로부근,승용,남,53세,상해없음,승용,남,30세,경상
2017072600100208,2017년 7월 26일 10시,수요일,전라북도 전주시 덕진구 반월동,경상사고,0,0,1,0,차대사람 - 횡단중,보행자보호의무위반,건조,맑음,교차로 - 교차로횡단보도내,특수,남,48세,상해없음,보행자,여,74세,경상
2017072600100209,2017년 7월 26일 10시,수요일,전라북도 익산시 모현동2가,경상사고,0,0,2,0,차대차 - 측면충돌,안전운전불이행,건조,맑음,교차로 - 교차로안,승용,남,56세,경상,승용,여,37세,경상
2017072600100210,2017년 7월 26일 10시,수요일,전라북도 김제시 청하면,경상사고,0,0,2,0,차대차 - 측면충돌,신호위반,건조,맑음,교차로 - 교차로안,화물,남,58세,상해없음,승용,남,72세,경상
2017072600100280,2017년 7월 26일 12시,수요일,전라북도 김제시 백산면,경상사고,0,0,3,0,차대차 - 기타,중앙선침범,건조,맑음,교차로 - 교차로안,특수,남,39세,상해없음,승용,여,40세,경상
2017072600100310,2017년 7월 26일 13시,수요일,전라북도 전주시 덕진구 우아동3가,경상사고,0,0,1,0,차대차 - 측면충돌,직진우회전진행방해,건조,맑음,교차로 - 교차로안,화물,남,63세,상해없음,화물,여,46세,경상
2017072600100373,2017년 7월 26일 15시,수요일,전라북도 군산시 경암동,경상사고,0,0,1,0,차대차 - 추돌,안전운전불이행,건조,맑음,단일로 - 기타,승용,여,35세,기타불명,승용,남,30세,상해없음
2017072600100419,2017년 7월 26일 16시,수요일,전라북도 전주시 덕진구 진북동,경상사고,0,0,2,0,차대차 - 측면충돌,교차로운행방법위반,건조,맑음,교차로 - 교차로횡단보도내,승용,남,35세,상해없음,승용,남,51세,경상
2017072600100460,2017년 7월 26일 17시,수요일,전라북도 군산시 임피면,경상사고,0,0,2,0,차대차 - 측면충돌,과속,건조,맑음,단일로 - 기타,승용,남,37세,경상,건설기계,남,60세,경상