사고번호,사고일시,요일,시군구,사고내용,사망자수,중상자수,경상자수,부상신고자수,사고유형,법규위반,노면상태,기상상태,도로형태,가해운전자 차종,가해운전자 성별,가해운전자 연령,가해운전자 상해정도,피해운전자 차종,피해운전자 성별,피해운전자 연령,피해운전자 상해정도
2017072600100502,2017년 7월 26일 18시,수요일,전라북도 전주시 덕진구 인후동1가,경상사고,0,0,1,0,차대차 - 측면충돌,안전운전불이행,건조,맑음,단일로 - 기타,승용,남,45세,상해없음,자전거,여,11세,경상
2017072600100503,2017년 7월 26일 18시,수요일,전라북도 익산시 성당면,경상사고,0,0,1,0,차대차 - 측면충돌,안전운전불이행,건조,맑음,교차로 - 교차로안,승용,남,60세,상해없음,승용,남,38세,경상
2017072600100542,2017년 7월 26일 19시,수요일,전라북도 익산시 함라면,사망사고,1,0,0,0,차대사람 - 횡단중,안전운전불이행,건조,맑음,교차로 - 교차로안,승용,남,53세,상해없음,보행자,여,77세,사망
2017072600100575,2017년 7월 26일 20시,수요일,전라북도 군산시 나운동,경상사고,0,0,1,0,차대차 - 추돌,안전거리미확보,젖음/습기,맑음,단일로 - 기타,화물,남,36세,상해없음,승용,여,44세,경상
2017072600100576,2017년 7월 26일 20시,수요일,전라북도 김제시 요촌동,경상사고,0,0,2,0,차대사람 - 횡단중,보행자보호의무위반,건조,맑음,교차로 - 교차로횡단보도내,승용,남,73세,상해없음,보행자,여,22세,경상
2017072600100607,2017년 7월 26일 21시,수요일,전라북도 전주시 완산구 서서학동,중상사고,0,1,2,0,차대차 - 추돌,안전거리미확보,건조,맑음,단일로 - 기타,승용,남,54세,중상,승용,남,58세,경상
2017072600100642,2017년 7월 26일 22시,수요일,전라북도 전주시 덕진구 덕진동2가,경상사고,0,0,1,0,차대차 - 측면충돌,신호위반,건조,맑음,교차로 - 교차로안,승용,남,41세,상해없음,승용,여,26세,경상
2017072600100643,2017년 7월 26일 22시,수요일,전라북도 무주군 무주읍,경상사고,0,0,1,0,차대차 - 측면충돌,신호위반,젖음/습기,맑음,교차로 - 교차로안,화물,남,49세,상해없음,승용,남,37세,경상
2017072700100037,2017년 7월 27일 00시,목요일,전라북도 전주시 완산구 중노송동,경상사고,0,0,2,0,차대차 - 측면충돌,신호위반,건조,맑음,교차로 - 교차로안,승용,남,52세,경상,승용,남,39세,경상
2017072700100146,2017년 7월 27일 08시,목요일,전라북도 전주시 완산구 서신동,경상사고,0,0,2,0,차대차 - 측면충돌,직진우회전진행방해,건조,맑음,교차로 - 교차로안,승용,여,52세,경상,승용,남,39세,경상
2017072700100147,2017년 7월 27일 08시,목요일,전라북도 완주군 이서면,경상사고,0,0,1,0,차대차 - 측면충돌,신호위반,건조,맑음,교차로 - 교차로안,건설기계,남,32세,상해없음,승용,남,68세,경상
2017072700100265,2017년 7월 27일 12시,목요일,전라북도 익산시 팔봉동,부상신고사고,0,0,0,1,차대차 - 측면충돌,안전운전불이행,건조,맑음,교차로 - 교차로안,원동기,남,52세,부상신고,화물,남,58세,상해없음
2017072700100297,2017년 7월 27일 13시,목요일,전라북도 김제시 용지면,경상사고,0,0,1,0,차대차 - 측면충돌,신호위반,건조,맑음,교차로 - 교차로안,건설기계,남,65세,기타불명,화물,남,50세,경상
2017072700100298,2017년 7월 27일 13시,목요일,전라북도 남원시 쌍교동,경상사고,0,0,1,0,차대차 - 측면충돌,중앙선침범,건조,맑음,단일로 - 기타,승용,남,60세,상해없음,승용,여,26세,경상
2017072700100331,2017년 7월 27일 14시,목요일,전라북도 김제시 용지면,중상사고,0,1,1,0,차대차 - 추돌,안전운전불이행,건조,맑음,단일로 - 기타,승용,여,58세,기타불명,승용,남,38세,중상
2017072700100371,2017년 7월 27일 15시,목요일,전라북도 익산시 신동,중상사고,0,1,1,0,차대사람 - 횡단중,보행자보호의무위반,건조,맑음,교차로 - 교차로횡단보도내,화물,남,39세,상해없음,보행자,남,17세,중상
2017072700100412,2017년 7월 27일 16시,목요일,전라북도 전주시 완산구 평화동1가,중상사고,0,1,0,0,차대차 - 기타,안전거리미확보,건조,맑음,단일로 - 기타,기타불명,기타불명,미분류,기타불명,이륜,남,22세,중상
2017072700100457,2017년 7월 27일 17시,목요일,전라북도 김제시 금구면,경상사고,0,0,3,0,차대차 - 정면충돌,안전운전불이행,건조,맑음,단일로 - 기타,승용,남,46세,경상,승용,남,34세,경상
2017072700100458,2017년 7월 27일 17시,목요일,전라북도 고창군 상하면,중상사고,0,1,0,0,차대차 - 기타,안전운전불이행,건조,맑음,교차로 - 교차로부근,승용,여,59세,상해없음,농기계,여,60세,중상
2017072700100504,2017년 7월 27일 18시,목요일,전라북도 전주시 완산구 전동,중상사고,0,1,2,0,차대차 - 측면충돌,신호위반,건조,맑음,교차로 - 교차로안,이륜,남,64세,중상,승용,남,57세,경상
2017072700100622,2017년 7월 27일 22시,목요일,전라북도 전주시 덕진구 우아동2가,경상사고,0,0,1,0,차대차 - 측면충돌,직진우회전진행방해,건조,맑음,교차로 - 교차로안,승용,남,52세,상해없음,이륜,남,23세,경상
2017072700100623,2017년 7월 27일 22시,목요일,전라북도 익산시 신동,경상사고,0,0,2,0,차대차 - 추돌,안전운전불이행,건조,맑음,단일로 - 기타,승용,남,39세,상해없음,승용,여,50세,경상
2017072700100650,2017년 7월 27일 23시,목요일,전라북도 전주시 완산구 효자동2가,경상사고,0,0,1,0,차대차 - 정면충돌,차로위반,건조,맑음,단일로 - 기타,승용,남,56세,상해없음,승용,여,47세,경상
2017072700100651,2017년 7월 27일 23시,목요일,전라북도 전주시 덕진구 전미동2가,중상사고,0,1,0,0,차대차 - 측면충돌,중앙선침범,건조,맑음,단일로 - 기타,승용,남,27세,상해없음,승용,남,45세,중상
2017072800100084,2017년 7월 28일 04시,금요일,전라북도 군산시 옥도면,경상사고,0,0,1,0,차량단독 - 전도전복 - 전도,안전운전불이행,건조,맑음,단일로 - 기타,이륜,남,17세,기타불명,,,,
2017072800100098,2017년 7월 28일 05시,금요일,전라북도 전주시 완산구 중노송동,중상사고,0,1,3,0,차량단독 - 공작물충돌,안전운전불이행,건조,맑음,교차로 - 교차로부근,승용,남,23세,경상,,,,
2017072800100135,2017년 7월 28일 07시,금요일,전라북도 전주시 덕진구 송천동1가,중상사고,0,1,0,0,차대사람 - 횡단중,보행자보호의무위반,건조,맑음,교차로 - 교차로횡단보도내,화물,남,58세,상해없음,보행자,남,60세,중상
2017072800100166,2017년 7월 28일 08시,금요일,전라북도 전주시 완산구 효자동1가,경상사고,0,0,2,0,차대차 - 기타,안전운전불이행,건조,맑음,단일로 - 기타,승용,남,44세,상해없음,승합,남,51세,경상
2017072800100223,2017년 7월 28일 10시,금요일,전라북도 김제시 요촌동,경상사고,0,0,1,0,차대차 - 측면충돌,직진우회전진행방해,건조,맑음,교차로 - 교차로안,승용,남,61세,상해없음,승용,남,72세,경상
2017072800100224,2017년 7월 28일 10시,금요일,전라북도 부안군 백산면,사망사고,1,0,0,0,차량단독 - 전도전복 - 전도,안전운전불이행,건조,맑음,교차로 - 교차로안,이륜,여,44세,사망,,,,
2017072800100225,2017년 7월 28일 10시,금요일,전라북도 순창군 순창읍,중상사고,0,1,0,0,차대차 - 측면충돌,안전운전불이행,건조,맑음,단일로 - 교량,화물,남,27세,상해없음,이륜,남,87세,중상
2017072800100246,2017년 7월 28일 11시,금요일,전라북도 고창군 고창읍,경상사고,0,0,1,0,차대차 - 측면충돌,직진우회전진행방해,건조,맑음,교차로 - 교차로안,승용,여,55세,상해없음,원동기,남,75세,경상
2017072800100406,2017년 7월 28일 16시,금요일,전라북도 익산시 중앙동3가,중상사고,0,1,1,0,차대차 - 기타,기타,건조,맑음,단일로 - 기타,승용,남,46세,상해없음,원동기,남,57세,중상
2017072800100407,2017년 7월 28일 16시,금요일,전라북도 정읍시 상동,경상사고,0,0,1,0,차대사람 - 횡단중,보행자보호의무위반,건조,맑음,단일로 - 기타,승용,남,65세,상해없음,보행자,남,8세,경상
2017072800100449,2017년 7월 28일 17시,금요일,전라북도 전주시 덕진구 금상동,중상사고,0,1,0,0,차대차 - 정면충돌,교차로운행방법위반,건조,맑음,교차로 - 교차로안,승용,여,49세,상해없음,이륜,여,47세,중상
2017072800100450,2017년 7월 28일 17시,금요일,전라북도 군산시 수송동,중상사고,0,1,0,0,차대사람 - 횡단중,보행자보호의무위반,건조,맑음,교차로 - 교차로안,승용,여,37세,상해없음,보행자,남,74세,중상
2017072800100451,2017년 7월 28일 17시,금요일,전라북도 익산시 영등동,중상사고,0,1,0,0,차대차 - 측면충돌,직진우회전진행방해,건조,맑음,교차로 - 교차로안,화물,남,47세,상해없음,자전거,여,62세,중상
2017072800100452,2017년 7월 28일 17시,금요일,전라북도 익산시 영등동,경상사고,0,0,3,0,차대차 - 측면충돌,직진우회전진행방해,건조,맑음,교차로 - 교차로안,승용,여,21세,경상,승용,남,64세,경상
2017072800100524,2017년 7월 28일 19시,금요일,전라북도 익산시 함열읍,경상사고,0,0,3,0,차대차 - 측면충돌,직진우회전진행방해,건조,맑음,교차로 - 교차로안,승용,남,70세,경상,승용,남,61세,경상
2017072800100554,2017년 7월 28일 20시,금요일,전라북도 전주시 덕진구 인후동1가,경상사고,0,0,1,0,차대차 - 측면충돌,신호위반,건조,맑음,교차로 - 교차로횡단보도내,이륜,남,54세,상해없음,자전거,남,74세,경상
2017072800100555,2017년 7월 28일 20시,금요일,전라북도 군산시 나운동,경상사고,0,0,1,0,차대차 - 측면충돌,안전운전불이행,건조,맑음,교차로 - 교차로부근,승용,여,21세,상해없음,원동기,남,27세,경상
2017072800100556,2017년 7월 28일 20시,금요일,전라북도 군산시 대야면,경상사고,0,0,1,0,차대차 - 기타,안전거리미확보,건조,맑음,단일로 - 지하차도(도로)내,승용,남,56세,상해없음,승용,남,18세,경상
2017072800100557,2017년 7월 28일 20시,금요일,전라북도 군산시 산북동,중상사고,0,1,0,0,차대차 - 측면충돌,직진우회전진행방해,건조,맑음,교차로 - 교차로안,화물,남,66세,상해없음,이륜,남,60세,중상
2017072800100640,2017년 7월 28일 22시,금요일,전라북도 전주시 덕진구 우아동3가,중상사고,0,2,0,0,차대차 - 측면충돌,직진우회전진행방해,건조,맑음,교차로 - 교차로안,승용,남,57세,상해없음,이륜,남,27세,중상
2017072900100029,2017년 7월 29일 00시,토요일,전라북도 무주군 안성면,경상사고,0,0,2,0,차대차 - 측면충돌,직진우회전진행방해,건조,맑음,교차로 - 교차로안,승용,남,48세,상해없음,화물,남,54세,경상
2017072900100133,2017년 7월 29일 06시,토요일,전라북도 군산시 삼학동,중상사고,0,1,0,0,차대차 - 측면충돌,직진우회전진행방해,건조,맑음,교차로 - 교차로안,승용,남,24세,상해없음,승용,남,59세,중상
2017072900100168,2017년 7월 29일 08시,토요일,전라북도 전주시 완산구 서완산동1가,중상사고,0,1,1,0,차대사람 - 횡단중,안전운전불이행,건조,맑음,단일로 - 기타,승용,여,46세,상해없음,보행자,여,74세,경상
2017072900100169,2017년 7월 29일 08시,토요일,전라북도 전주시 완산구 삼천동1가,경상사고,0,0,4,0,차대차 - 측면충돌,교차로운행방법위반,젖음/습기,맑음,교차로 - 교차로안,승용,여,35세,경상,승용,남,23세,경상
2017072900100194,2017년 7월 29일 09시,토요일,전라북도 군산시 옥산면,경상사고,0,0,2,0,차대차 - 측면충돌,신호위반,건조,맑음,교차로 - 교차로안,승용,남,25세,경상,승용,남,41세,경상
2017072900100217,2017년 7월 29일 10시,토요일,전라북도 전주시 덕진구 금암동,경상사고,0,0,1,0,차대차 - 측면충돌,안전거리미확보,건조,맑음,단일로 - 기타,승용,남,60세,상해없음,승용,남,45세,경상
2017072900100316,2017년 7월 29일 13시,토요일,전라북도 전주시 완산구 중화산동2가,중상사고,0,1,0,0,차대차 - 측면충돌,안전거리미확보,건조,맑음,단일로 - 기타,승용,남,50세,상해없음,이륜,남,52세,중상
2017072900100317,2017년 7월 29일 13시,토요일,전라북도 전주시 덕진구 덕진동1가,중상사고,0,1,0,0,차대사람 - 횡단중,보행자보호의무위반,건조,맑음,교차로 - 교차로안,화물,남,47세,상해없음,보행자,여,39세,중상
2017072900100418,2017년 7월 29일 16시,토요일,전라북도 익산시 부송동,경상사고,0,0,2,0,차대차 - 측면충돌,신호위반,건조,맑음,교차로 - 교차로안,승용,남,77세,상해없음,승용,남,31세,경상
2017072900100419,2017년 7월 29일 16시,토요일,전라북도 김제시 검산동,중상사고,0,1,0,0,차대차 - 측면충돌,안전운전불이행,건조,맑음,단일로 - 기타,승용,남,24세,상해없음,원동기,남,30세,중상
2017072900100457,2017년 7월 29일 17시,토요일,전라북도 김제시 검산동,경상사고,0,0,1,0,차대차 - 측면충돌,교차로운행방법위반,건조,맑음,교차로 - 교차로안,승용,남,47세,상해없음,원동기,남,66세,경상
2017072900100458,2017년 7월 29일 17시,토요일,전라북도 장수군 장계면,경상사고,0,0,3,0,차대차 - 측면충돌,신호위반,젖음/습기,비,교차로 - 교차로안,승용,남,39세,상해없음,승용,남,39세,경상
2017072900100493,2017년 7월 29일 18시,토요일,전라북도 전주시 완산구 경원동1가,경상사고,0,0,1,0,차대차 - 기타,안전운전불이행,건조,맑음,단일로 - 기타,승용,남,49세,상해없음,승용,남,29세,상해없음
2017072900100494,2017년 7월 29일 18시,토요일,전라북도 전주시 완산구 효자동1가,경상사고,0,0,1,0,차대차 - 기타,안전운전불이행,건조,맑음,단일로 - 기타,승용,남,70세,상해없음,승용,남,58세,경상
2017072900100495,2017년 7월 29일 18시,토요일,전라북도 군산시 경장동,경상사고,0,0,1,0,차대차 - 기타,기타,건조,맑음,교차로 - 교차로안,승용,남,78세,상해없음,승용,여,30세,경상
2017072900100496,2017년 7월 29일 18시,토요일,전라북도 정읍시 금붕동,경상사고,0,0,3,0,차대차 - 측면충돌,중앙선침범,건조,맑음,단일로 - 기타,승용,여,29세,경상,화물,남,66세,경상
2017072900100531,2017년 7월 29일 19시,토요일,전라북도 군산시 경암동,경상사고,0,0,2,0,차대차 - 추돌,안전거리미확보,건조,맑음,교차로 - 교차로안,승용,남,35세,상해없음,승용,여,25세,경상
2017072900100532,2017년 7월 29일 19시,토요일,전라북도 김제시 검산동,경상사고,0,0,4,0,차대차 - 측면충돌,교차로운행방법위반,건조,맑음,교차로 - 교차로안,승용,남,62세,상해없음,승용,남,74세,경상
2017072900100533,2017년 7월 29일 19시,토요일,전라북도 익산시 왕궁면,사망사고,1,1,0,0,차량단독 - 기타,안전운전불이행,건조,맑음,단일로 - 기타,승용,남,36세,상해없음,,,,
2017072900100577,2017년 7월 29일 21시,토요일,전라북도 익산시 모현동1가,경상사고,0,0,3,0,차대차 - 측면충돌,안전거리미확보,건조,맑음,단일로 - 기타,화물,남,63세,상해없음,승용,여,31세,경상
2017072900100578,2017년 7월 29일 21시,토요일,전라북도 부안군 변산면,경상사고,0,0,1,0,차대차 - 측면충돌,중앙선침범,건조,맑음,교차로 - 교차로부근,이륜,남,65세,경상,승용,남,59세,상해없음
2017073000100070,2017년 7월 30일 03시,일요일,전라북도 전주시 완산구 중화산동2가,경상사고,0,0,1,0,차대차 - 추돌,안전거리미확보,건조,맑음,단일로 - 기타,승용,남,28세,상해없음,승용,남,24세,경상
2017073000100120,2017년 7월 30일 08시,일요일,전라북도 김제시 백구면,경상사고,0,0,2,0,차대차 - 측면충돌,신호위반,젖음/습기,비,교차로 - 교차로안,승용,여,50세,상해없음,화물,남,58세,경상
2017073000100121,2017년 7월 30일 08시,일요일,전라북도 무주군 안성면,경상사고,0,0,1,0,차대사람 - 횡단중,안전운전불이행,건조,맑음,단일로 - 기타,화물,남,73세,상해없음,보행자,여,83세,경상
2017073000100138,2017년 7월 30일 09시,일요일,전라북도 남원시 이백면,중상사고,0,1,0,0,차대차 - 측면충돌,중앙선침범,건조,맑음,교차로 - 교차로안,승용,남,69세,상해없음,승용,남,69세,중상
2017073000100176,2017년 7월 30일 11시,일요일,전라북도 남원시 산내면,경상사고,0,0,1,0,차대사람 - 횡단중,안전운전불이행,건조,맑음,주차장 - 주차장,승용,남,67세,상해없음,보행자,남,19세,경상
2017073000100192,2017년 7월 30일 12시,일요일,전라북도 전주시 완산구 중화산동2가,경상사고,0,0,2,0,차대차 - 추돌,안전운전불이행,건조,맑음,주차장 - 주차장,승용,남,71세,상해없음,승용,남,54세,경상
2017073000100285,2017년 7월 30일 16시,일요일,전라북도 전주시 덕진구 금암동,경상사고,0,0,1,0,차대차 - 측면충돌,신호위반,건조,흐림,교차로 - 교차로안,승합,남,57세,상해없음,승용,여,38세,경상
2017073000100286,2017년 7월 30일 16시,일요일,전라북도 군산시 장미동,중상사고,0,1,0,0,차대차 - 측면충돌,직진우회전진행방해,건조,맑음,교차로 - 교차로안,승용,여,22세,상해없음,이륜,남,33세,중상
2017073000100311,2017년 7월 30일 17시,일요일,전라북도 군산시 경암동,경상사고,0,0,1,0,차대차 - 측면충돌,안전운전불이행,건조,맑음,단일로 - 기타,승용,여,46세,상해없음,이륜,남,30세,경상
2017073000100312,2017년 7월 30일 17시,일요일,전라북도 진안군 백운면,사망사고,1,0,0,0,차대사람 - 횡단중,불법유턴,젖음/습기,비,단일로 - 기타,화물,남,59세,상해없음,보행자,남,90세 이상,사망
2017073000100336,2017년 7월 30일 18시,일요일,전라북도 군산시 나운동,경상사고,0,0,1,0,차대차 - 측면충돌,안전운전불이행,건조,맑음,교차로 - 교차로안,승용,남,71세,상해없음,승용,여,50세,상해없음
2017073000100366,2017년 7월 30일 19시,일요일,전라북도 군산시 조촌동,경상사고,0,0,4,0,차대차 - 측면충돌,직진우회전진행방해,건조,맑음,교차로 - 교차로안,승용,남,64세,상해없음,승용,여,60세,경상
2017073000100367,2017년 7월 30일 19시,일요일,전라북도 남원시 노암동,경상사고,0,0,1,0,차대차 - 측면충돌,신호위반,젖음/습기,비,교차로 - 교차로안,승용,여,53세,상해없음,승용,남,53세,경상
2017073000100419,2017년 7월 30일 21시,일요일,전라북도 군산시 문화동,중상사고,0,1,0,0,차대사람 - 횡단중,보행자보호의무위반,건조,맑음,단일로 - 기타,이륜,남,19세,상해없음,보행자,남,80세,중상
2017073000100440,2017년 7월 30일 22시,일요일,전라북도 전주시 완산구 서신동,경상사고,0,0,3,0,차대차 - 추돌,안전운전불이행,건조,맑음,단일로 - 기타,승용,남,35세,경상,승용,남,24세,경상
2017073000100454,2017년 7월 30일 23시,일요일,전라북도 전주시 완산구 고사동,경상사고,0,0,6,0,차대차 - 측면충돌,안전운전불이행,건조,맑음,단일로 - 기타,승용,남,42세,경상,승용,남,58세,경상
2017073000100455,2017년 7월 30일 23시,일요일,전라북도 전주시 덕진구 금암동,경상사고,0,0,1,0,차대사람 - 횡단중,안전운전불이행,건조,맑음,교차로 - 교차로부근,원동기,남,16세,상해없음,보행자,여,17세,경상
2017073100100032,2017년 7월 31일 01시,월요일,전라북도 전주시 완산구 효자동3가,경상사고,0,0,1,0,차대차 - 추돌,안전운전불이행,건조,맑음,교차로 - 교차로부근,승용,남,40세,상해없음,승용,남,59세,경상
2017073100100041,2017년 7월 31일 02시,월요일,전라북도 전주시 덕진구 진북동,경상사고,0,0,2,0,차대차 - 측면충돌,신호위반,건조,맑음,교차로 - 교차로안,승용,여,21세,상해없음,승용,여,35세,경상
2017073100100042,2017년 7월 31일 02시,월요일,전라북도 군산시 나운동,중상사고,0,1,0,0,차대차 - 추돌,안전운전불이행,건조,맑음,단일로 - 기타,승용,남,27세,상해없음,자전거,남,17세,중상
2017073100100103,2017년 7월 31일 08시,월요일,전라북도 익산시 망성면,경상사고,0,0,1,0,차대차 - 측면충돌,안전운전불이행,젖음/습기,비,단일로 - 기타,화물,남,55세,상해없음,승용,여,55세,경상
2017073100100136,2017년 7월 31일 09시,월요일,전라북도 전주시 덕진구 송천동1가,경상사고,0,0,2,0,차대차 - 추돌,안전거리미확보,젖음/습기,비,교차로 - 교차로부근,승용,여,26세,상해없음,승용,남,73세,경상
2017073100100137,2017년 7월 31일 09시,월요일,전라북도 군산시 나운동,경상사고,0,0,1,0,차대차 - 추돌,안전운전불이행,젖음/습기,비,단일로 - 기타,승용,남,20세,상해없음,승용,여,35세,경상
2017073100100154,2017년 7월 31일 10시,월요일,전라북도 군산시 신창동,경상사고,0,0,1,0,차대사람 - 길가장자리구역통행중,안전운전불이행,젖음/습기,비,단일로 - 기타,승용,남,62세,상해없음,보행자,남,68세,경상
2017073100100155,2017년 7월 31일 10시,월요일,전라북도 익산시 영등동,경상사고,0,0,1,0,차대사람 - 횡단중,안전운전불이행,젖음/습기,비,교차로 - 교차로안,승용,여,38세,상해없음,보행자,여,53세,경상
2017073100100198,2017년 7월 31일 11시,월요일,전라북도 전주시 덕진구 호성동1가,경상사고,0,0,2,0,차대차 - 측면충돌,신호위반,젖음/습기,비,교차로 - 교차로안,승용,남,48세,상해없음,화물,남,60세,경상
2017073100100199,2017년 7월 31일 11시,월요일,전라북도 군산시 장재동,경상사고,0,0,1,0,차대차 - 후진중충돌,안전운전불이행,젖음/습기,비,주차장 - 주차장,승용,남,45세,상해없음,자전거,남,82세,경상
2017073100100200,2017년 7월 31일 11시,월요일,전라북도 김제시 요촌동,경상사고,0,0,1,0,차대차 - 측면충돌,신호위반,젖음/습기,비,교차로 - 교차로안,승용,여,53세,상해없음,승용,남,54세,경상
2017073100100240,2017년 7월 31일 12시,월요일,전라북도 전주시 완산구 효자동2가,경상사고,0,0,1,0,차대차 - 추돌,안전거리미확보,건조,맑음,단일로 - 기타,승용,남,59세,상해없음,화물,남,23세,경상
2017073100100241,2017년 7월 31일 12시,월요일,전라북도 익산시 송학동,경상사고,0,0,1,0,차대차 - 측면충돌,안전운전불이행,젖음/습기,비,교차로 - 교차로부근,승용,남,19세,상해없음,승용,여,59세,경상
2017073100100242,2017년 7월 31일 12시,월요일,전라북도 고창군 고창읍,경상사고,0,0,1,0,차대차 - 측면충돌,교차로운행방법위반,젖음/습기,비,교차로 - 교차로안,승용,남,58세,상해없음,승용,여,62세,경상
2017073100100266,2017년 7월 31일 13시,월요일,전라북도 전주시 덕진구 덕진동2가,중상사고,0,1,0,0,차대차 - 측면충돌,신호위반,젖음/습기,비,교차로 - 교차로안,승용,남,53세,상해없음,승용,남,26세,중상
2017073100100267,2017년 7월 31일 13시,월요일,전라북도 임실군 임실읍,경상사고,0,0,1,0,차대차 - 측면충돌,교차로운행방법위반,젖음/습기,비,교차로 - 교차로안,건설기계,남,63세,상해없음,화물,남,49세,경상
2017073100100292,2017년 7월 31일 14시,월요일,전라북도 익산시 남중동,경상사고,0,0,2,0,차대차 - 추돌,안전운전불이행,젖음/습기,비,교차로 - 교차로부근,승합,남,45세,상해없음,화물,남,67세,경상
2017073100100331,2017년 7월 31일 15시,월요일,전라북도 전주시 덕진구 호성동1가,중상사고,0,1,0,0,차대차 - 측면충돌,직진우회전진행방해,젖음/습기,비,교차로 - 교차로안,승용,여,42세,기타불명,이륜,남,57세,중상
2017073100100332,2017년 7월 31일 15시,월요일,전라북도 전주시 덕진구 송천동1가,경상사고,0,0,1,0,차대차 - 기타,안전운전불이행,젖음/습기,비,단일로 - 기타,승용,여,45세,상해없음,승용,남,24세,경상
2017073100100333,2017년 7월 31일 15시,월요일,전라북도 전주시 덕진구 송천동1가,경상사고,0,0,1,0,차대차 - 측면충돌,안전운전불이행,젖음/습기,비,교차로 - 교차로안,승합,남,74세,상해없음,승용,남,22세,경상
2017073100100334,2017년 7월 31일 15시,월요일,전라북도 익산시 평화동,경상사고,0,0,1,0,차대차 - 측면충돌,안전운전불이행,젖음/습기,비,교차로 - 교차로안,승용,남,35세,상해없음,승용,남,61세,상해없음
2017073100100335,2017년 7월 31일 15시,월요일,전라북도 부안군 변산면,경상사고,0,0,2,0,차대차 - 측면충돌,안전운전불이행,젖음/습기,비,교차로 - 교차로안,승용,남,30세,상해없음,승용,남,32세,경상
2017073100100370,2017년 7월 31일 16시,월요일,전라북도 전주시 완산구 동서학동,경상사고,0,0,4,0,차대차 - 측면충돌,신호위반,건조,맑음,교차로 - 교차로안,승용,남,65세,상해없음,승용,남,52세,경상
2017073100100371,2017년 7월 31일 16시,월요일,전라북도 군산시 나운동,경상사고,0,0,1,0,차대차 - 기타,안전운전불이행,젖음/습기,비,단일로 - 기타,승용,남,43세,상해없음,원동기,남,19세,경상
2017073100100403,2017년 7월 31일 17시,월요일,전라북도 전주시 덕진구 금암동,경상사고,0,0,1,0,차대차 - 측면충돌,안전운전불이행,젖음/습기,비,교차로 - 교차로안,승용,남,46세,기타불명,승용,여,42세,경상
2017073100100439,2017년 7월 31일 18시,월요일,전라북도 군산시 옥도면,중상사고,0,1,0,0,차량단독 - 전도전복 - 전도,안전운전불이행,건조,흐림,단일로 - 기타,원동기,남,52세,상해없음,,,,
2017073100100469,2017년 7월 31일 19시,월요일,전라북도 부안군 부안읍,중상사고,0,1,0,0,차대차 - 측면충돌,안전운전불이행,건조,맑음,교차로 - 교차로안,승용,남,67세,기타불명,승용,남,66세,중상
2017073100100569,2017년 7월 31일 22시,월요일,전라북도 전주시 덕진구 송천동1가,경상사고,0,0,4,0,차대차 - 추돌,안전운전불이행,건조,맑음,교차로 - 교차로부근,승용,남,51세,상해없음,승용,여,46세,경상
2017073100100570,2017년 7월 31일 22시,월요일,전라북도 익산시 영등동,중상사고,0,1,3,0,차대차 - 추돌,안전운전불이행,건조,맑음,교차로 - 교차로부근,승용,여,32세,상해없음,승용,남,51세,경상
2017073100100598,2017년 7월 31일 23시,월요일,전라북도 익산시 송학동,경상사고,0,0,1,0,차대차 - 측면충돌,신호위반,건조,맑음,교차로 - 교차로안,승용,남,42세,상해없음,승용,남,33세,경상
2017080100100029,2017년 8월 1일 00시,화요일,전라북도 전주시 완산구 평화동1가,경상사고,0,0,2,0,차대사람 - 횡단중,보행자보호의무위반,건조,맑음,교차로 - 교차로안,승용,남,21세,기타불명,보행자,남,23세,경상
2017080100100045,2017년 8월 1일 01시,화요일,전라북도 전주시 완산구 중화산동2가,중상사고,0,1,0,0,차대차 - 추돌,안전운전불이행,건조,맑음,단일로 - 기타,승용,남,29세,상해없음,이륜,남,46세,중상
2017080100100046,2017년 8월 1일 01시,화요일,전라북도 익산시 인화동1가,경상사고,0,0,1,0,차대사람 - 기타,안전운전불이행,건조,맑음,단일로 - 기타,기타불명,기타불명,미분류,기타불명,보행자,남,40세,경상
2017080100100056,2017년 8월 1일 02시,화요일,전라북도 익산시 신동,경상사고,0,0,1,0,차대차 - 기타,직진우회전진행방해,건조,맑음,교차로 - 교차로안,이륜,남,18세,상해없음,승용,남,36세,상해없음
2017080100100159,2017년 8월 1일 09시,화요일,전라북도 군산시 대야면,경상사고,0,0,1,0,차대차 - 기타,안전거리미확보,건조,맑음,단일로 - 기타,승용,남,60세,상해없음,승용,여,37세,경상
2017080100100160,2017년 8월 1일 09시,화요일,전라북도 진안군 진안읍,경상사고,0,0,4,0,차대차 - 측면충돌,신호위반,건조,맑음,교차로 - 교차로안,화물,남,56세,상해없음,화물,남,64세,경상
2017080100100187,2017년 8월 1일 10시,화요일,전라북도 군산시 산북동,경상사고,0,0,1,0,차량단독 - 기타,안전운전불이행,건조,맑음,단일로 - 기타,승용,남,47세,상해없음,,,,
2017080100100188,2017년 8월 1일 10시,화요일,전라북도 정읍시 농소동,경상사고,0,0,1,0,차대차 - 측면충돌,직진우회전진행방해,건조,맑음,교차로 - 교차로안,승용,남,66세,상해없음,화물,남,48세,상해없음
2017080100100210,2017년 8월 1일 11시,화요일,전라북도 군산시 내흥동,중상사고,0,1,0,0,차대차 - 기타,교차로운행방법위반,건조,맑음,교차로 - 교차로안,화물,남,70세,상해없음,화물,남,54세,중상