사고번호,사고일시,요일,시군구,사고내용,사망자수,중상자수,경상자수,부상신고자수,사고유형,법규위반,노면상태,기상상태,도로형태,가해운전자 차종,가해운전자 성별,가해운전자 연령,가해운전자 상해정도,피해운전자 차종,피해운전자 성별,피해운전자 연령,피해운전자 상해정도
2017080100100211,2017년 8월 1일 11시,화요일,전라북도 정읍시 산외면,경상사고,0,0,3,2,차대차 - 측면충돌,신호위반,건조,맑음,교차로 - 교차로안,화물,남,53세,경상,화물,남,75세,부상신고
2017080100100212,2017년 8월 1일 11시,화요일,전라북도 김제시 상동동,중상사고,0,1,0,0,차대차 - 측면충돌,안전운전불이행,건조,맑음,단일로 - 기타,화물,남,40세,상해없음,이륜,남,59세,중상
2017080100100247,2017년 8월 1일 12시,화요일,전라북도 군산시 사정동,경상사고,0,0,2,0,차대차 - 기타,신호위반,건조,맑음,교차로 - 교차로안,승용,여,35세,상해없음,승합,남,43세,경상
2017080100100270,2017년 8월 1일 13시,화요일,전라북도 남원시 이백면,중상사고,0,1,0,0,차량단독 - 공작물충돌,안전운전불이행,건조,맑음,단일로 - 기타,승용,여,57세,상해없음,,,,
2017080100100271,2017년 8월 1일 13시,화요일,전라북도 임실군 임실읍,중상사고,0,2,0,0,차대차 - 측면충돌,교차로운행방법위반,건조,맑음,교차로 - 교차로안,승용,남,44세,상해없음,이륜,남,66세,중상
2017080100100300,2017년 8월 1일 14시,화요일,전라북도 남원시 주생면,경상사고,0,0,1,0,차대차 - 측면충돌,직진우회전진행방해,건조,맑음,교차로 - 교차로안,승용,여,53세,상해없음,이륜,여,63세,경상
2017080100100301,2017년 8월 1일 14시,화요일,전라북도 남원시 산동면,경상사고,0,0,5,0,차대차 - 측면충돌,중앙선침범,건조,맑음,단일로 - 기타,승용,남,38세,상해없음,승용,남,48세,경상
2017080100100302,2017년 8월 1일 14시,화요일,전라북도 순창군 순창읍,경상사고,0,0,1,0,차대차 - 측면충돌,직진우회전진행방해,건조,맑음,교차로 - 교차로안,승용,남,60세,상해없음,승용,남,34세,경상
2017080100100337,2017년 8월 1일 15시,화요일,전라북도 전주시 완산구 중화산동2가,중상사고,0,1,0,0,차대사람 - 길가장자리구역통행중,안전운전불이행,건조,맑음,단일로 - 기타,승용,여,55세,상해없음,보행자,여,61세,중상
2017080100100338,2017년 8월 1일 15시,화요일,전라북도 군산시 내흥동,중상사고,0,1,0,0,차대차 - 측면충돌,안전운전불이행,건조,맑음,단일로 - 기타,화물,남,60세,상해없음,이륜,남,73세,중상
2017080100100339,2017년 8월 1일 15시,화요일,전라북도 익산시 중앙동3가,경상사고,0,0,1,0,차대차 - 측면충돌,중앙선침범,건조,맑음,단일로 - 기타,승합,남,74세,상해없음,승용,남,60세,경상
2017080100100370,2017년 8월 1일 16시,화요일,전라북도 군산시 영화동,경상사고,0,0,1,0,차대차 - 기타,교차로운행방법위반,건조,맑음,교차로 - 교차로안,승용,남,57세,상해없음,이륜,남,81세,경상
2017080100100371,2017년 8월 1일 16시,화요일,전라북도 익산시 영등동,경상사고,0,0,1,0,차대차 - 기타,신호위반,건조,맑음,단일로 - 기타,승용,남,41세,상해없음,원동기,남,38세,경상
2017080100100372,2017년 8월 1일 16시,화요일,전라북도 부안군 변산면,경상사고,0,0,1,0,차대차 - 측면충돌,중앙선침범,건조,맑음,단일로 - 기타,승용,남,78세,상해없음,승용,남,34세,경상
2017080100100410,2017년 8월 1일 17시,화요일,전라북도 전주시 덕진구 진북동,중상사고,0,1,1,0,차대사람 - 횡단중,안전운전불이행,건조,맑음,단일로 - 기타,승용,남,59세,상해없음,보행자,여,10세,중상
2017080100100411,2017년 8월 1일 17시,화요일,전라북도 전주시 덕진구 금상동,경상사고,0,0,5,0,차대차 - 추돌,안전운전불이행,건조,맑음,단일로 - 기타,승용,남,55세,상해없음,승용,남,25세,경상
2017080100100455,2017년 8월 1일 18시,화요일,전라북도 익산시 신동,경상사고,0,0,1,0,차대차 - 정면충돌,안전운전불이행,건조,맑음,교차로 - 교차로안,승용,여,30세,상해없음,승용,남,47세,경상
2017080100100486,2017년 8월 1일 19시,화요일,전라북도 전주시 완산구 서신동,경상사고,0,0,1,0,차대차 - 기타,기타,건조,맑음,단일로 - 기타,승용,남,70세,상해없음,이륜,남,48세,경상
2017080100100487,2017년 8월 1일 19시,화요일,전라북도 정읍시 연지동,경상사고,0,0,2,0,차대차 - 측면충돌,신호위반,건조,맑음,교차로 - 교차로안,승용,남,65세,상해없음,승용,남,49세,경상
2017080100100488,2017년 8월 1일 19시,화요일,전라북도 장수군 천천면,중상사고,0,1,0,0,차량단독 - 전도전복,안전운전불이행,건조,맑음,단일로 - 기타,이륜,남,55세,중상,미분류,미분류,미분류,미분류
2017080100100521,2017년 8월 1일 20시,화요일,전라북도 전주시 완산구 풍남동1가,경상사고,0,0,1,0,차량단독 - 기타,기타,건조,맑음,단일로 - 기타,승합,남,60세,상해없음,,,,
2017080100100563,2017년 8월 1일 22시,화요일,전라북도 전주시 덕진구 인후동1가,경상사고,0,0,1,0,차대차 - 측면충돌,신호위반,건조,맑음,교차로 - 교차로안,원동기,남,59세,기타불명,원동기,남,44세,경상
2017080100100564,2017년 8월 1일 22시,화요일,전라북도 익산시 신동,경상사고,0,0,1,0,차대사람 - 횡단중,직진우회전진행방해,건조,맑음,교차로 - 교차로안,승용,남,52세,상해없음,보행자,남,62세,경상
2017080100100565,2017년 8월 1일 22시,화요일,전라북도 완주군 봉동읍,중상사고,0,1,1,0,차대차 - 측면충돌,차로위반,건조,맑음,단일로 - 기타,승용,남,44세,상해없음,원동기,남,27세,중상
2017080200100124,2017년 8월 2일 09시,수요일,전라북도 정읍시 영원면,중상사고,0,1,0,0,차대차 - 측면충돌,중앙선침범,건조,맑음,교차로 - 교차로부근,원동기,남,27세,중상,승용,남,78세,상해없음
2017080200100125,2017년 8월 2일 09시,수요일,전라북도 완주군 소양면,중상사고,0,1,0,0,차대사람 - 횡단중,안전운전불이행,건조,맑음,단일로 - 기타,화물,남,48세,상해없음,보행자,남,50세,중상
2017080200100152,2017년 8월 2일 10시,수요일,전라북도 전주시 완산구 태평동,경상사고,0,0,1,0,차대차 - 측면충돌,안전운전불이행,건조,맑음,단일로 - 기타,승용,남,72세,상해없음,이륜,남,64세,경상
2017080200100181,2017년 8월 2일 11시,수요일,전라북도 전주시 완산구 동완산동,경상사고,0,0,1,0,차대차 - 측면충돌,교차로운행방법위반,건조,맑음,교차로 - 교차로안,화물,남,68세,상해없음,승용,남,56세,경상
2017080200100218,2017년 8월 2일 12시,수요일,전라북도 전주시 덕진구 팔복동1가,경상사고,0,0,1,0,차대차 - 후진중충돌,안전운전불이행,건조,맑음,교차로 - 교차로부근,승용,남,64세,상해없음,승용,여,51세,경상
2017080200100219,2017년 8월 2일 12시,수요일,전라북도 군산시 문화동,경상사고,0,0,1,0,차대차 - 기타,안전운전불이행,건조,맑음,교차로 - 교차로안,승용,여,55세,상해없음,자전거,남,70세,경상
2017080200100284,2017년 8월 2일 14시,수요일,전라북도 정읍시 시기동,중상사고,0,2,0,0,차대차 - 측면충돌,안전거리미확보,건조,맑음,단일로 - 기타,건설기계,남,55세,상해없음,승용,남,60세,중상
2017080200100324,2017년 8월 2일 15시,수요일,전라북도 전주시 완산구 삼천동1가,경상사고,0,0,1,0,차대차 - 측면충돌,안전운전불이행,건조,맑음,단일로 - 기타,승용,남,60세,상해없음,승용,여,41세,상해없음
2017080200100325,2017년 8월 2일 15시,수요일,전라북도 김제시 요촌동,경상사고,0,0,1,0,차대차 - 측면충돌,차로위반,건조,맑음,단일로 - 기타,승용,여,52세,상해없음,승용,남,31세,경상
2017080200100359,2017년 8월 2일 16시,수요일,전라북도 남원시 죽항동,사망사고,1,0,0,0,차대차 - 추돌,안전운전불이행,건조,맑음,단일로 - 기타,이륜,남,78세,사망,화물,남,70세,상해없음
2017080200100438,2017년 8월 2일 18시,수요일,전라북도 김제시 금산면,경상사고,0,0,1,0,차대차 - 측면충돌,직진우회전진행방해,젖음/습기,비,교차로 - 교차로안,승용,여,62세,상해없음,자전거,남,75세,경상
2017080200100439,2017년 8월 2일 18시,수요일,전라북도 고창군 대산면,중상사고,0,1,0,0,차대사람 - 차도통행중,불법유턴,건조,맑음,단일로 - 기타,승용,남,50세,상해없음,보행자,여,72세,중상
2017080200100468,2017년 8월 2일 19시,수요일,전라북도 군산시 장미동,중상사고,0,1,0,0,차대사람 - 횡단중,보행자보호의무위반,건조,맑음,교차로 - 교차로횡단보도내,승용,여,62세,상해없음,보행자,남,79세,중상
2017080200100504,2017년 8월 2일 20시,수요일,전라북도 전주시 완산구 효자동1가,경상사고,0,0,1,0,차대차 - 정면충돌,중앙선침범,건조,맑음,단일로 - 기타,승용,여,54세,상해없음,이륜,남,16세,경상
2017080200100505,2017년 8월 2일 20시,수요일,전라북도 군산시 수송동,중상사고,0,1,0,0,차대차 - 기타,신호위반,건조,맑음,교차로 - 교차로부근,승용,남,63세,상해없음,이륜,남,17세,중상
2017080200100506,2017년 8월 2일 20시,수요일,전라북도 익산시 창인동1가,중상사고,0,1,0,0,차대사람 - 횡단중,보행자보호의무위반,건조,맑음,교차로 - 교차로횡단보도내,승용,남,69세,상해없음,보행자,여,63세,중상
2017080200100507,2017년 8월 2일 20시,수요일,전라북도 익산시 남중동,경상사고,0,0,1,0,차대차 - 측면충돌,직진우회전진행방해,건조,맑음,교차로 - 교차로안,승용,여,24세,상해없음,승용,남,60세,상해없음
2017080200100532,2017년 8월 2일 21시,수요일,전라북도 정읍시 연지동,경상사고,0,0,6,0,차대차 - 측면충돌,안전운전불이행,건조,맑음,교차로 - 교차로안,승용,남,26세,경상,승용,여,42세,경상
2017080200100549,2017년 8월 2일 22시,수요일,전라북도 전주시 완산구 삼천동1가,중상사고,0,1,0,0,차대사람 - 횡단중,보행자보호의무위반,건조,맑음,교차로 - 교차로안,승용,남,25세,상해없음,보행자,여,57세,중상
2017080200100564,2017년 8월 2일 23시,수요일,전라북도 전주시 완산구 삼천동1가,경상사고,0,0,1,0,차대차 - 기타,안전거리미확보,건조,맑음,교차로 - 교차로부근,승용,남,49세,상해없음,승용,남,64세,경상
2017080200100565,2017년 8월 2일 23시,수요일,전라북도 전주시 덕진구 금암동,경상사고,0,0,1,0,차대차 - 기타,안전운전불이행,건조,맑음,단일로 - 기타,기타불명,기타불명,미분류,기타불명,자전거,남,58세,경상
2017080300100043,2017년 8월 3일 02시,목요일,전라북도 전주시 완산구 서신동,경상사고,0,0,4,0,차대차 - 정면충돌,신호위반,건조,맑음,교차로 - 교차로안,승용,남,70세,상해없음,승용,남,32세,경상
2017080300100044,2017년 8월 3일 02시,목요일,전라북도 정읍시 수성동,경상사고,0,0,2,0,차량단독 - 공작물충돌,안전운전불이행,건조,맑음,교차로 - 교차로안,승용,남,19세,상해없음,,,,
2017080300100094,2017년 8월 3일 07시,목요일,전라북도 전주시 덕진구 우아동3가,경상사고,0,0,2,0,차대차 - 측면충돌,신호위반,건조,맑음,교차로 - 교차로안,승용,남,74세,상해없음,승용,남,64세,경상
2017080300100095,2017년 8월 3일 07시,목요일,전라북도 정읍시 삼산동,경상사고,0,0,1,0,차대차 - 추돌,기타,건조,맑음,단일로 - 기타,승용,남,59세,상해없음,승용,남,66세,경상
2017080300100158,2017년 8월 3일 09시,목요일,전라북도 정읍시 감곡면,경상사고,0,0,1,0,차대차 - 정면충돌,안전운전불이행,건조,맑음,교차로 - 교차로부근,자전거,남,13세,경상,승용,여,54세,상해없음
2017080300100203,2017년 8월 3일 10시,목요일,전라북도 정읍시 신태인읍,중상사고,0,1,1,0,차대차 - 측면충돌,중앙선침범,건조,맑음,단일로 - 기타,승용,여,53세,상해없음,승용,여,61세,중상
2017080300100204,2017년 8월 3일 10시,목요일,전라북도 남원시 송동면,중상사고,0,1,0,0,차량단독 - 전도전복,안전운전불이행,건조,맑음,단일로 - 기타,농기계,남,57세,중상,미분류,미분류,미분류,미분류
2017080300100205,2017년 8월 3일 10시,목요일,전라북도 고창군 부안면,중상사고,0,3,3,0,차대차 - 측면충돌,신호위반,건조,맑음,교차로 - 교차로안,화물,남,47세,상해없음,승용,여,69세,경상
2017080300100206,2017년 8월 3일 10시,목요일,전라북도 장수군 장계면,경상사고,0,0,2,0,차대차 - 측면충돌,안전운전불이행,건조,맑음,단일로 - 기타,승합,남,34세,상해없음,승용,남,73세,경상
2017080300100238,2017년 8월 3일 11시,목요일,전라북도 김제시 금구면,경상사고,0,0,2,0,차대차 - 추돌,안전운전불이행,건조,맑음,교차로 - 교차로안,건설기계,남,53세,상해없음,승용,여,57세,경상
2017080300100239,2017년 8월 3일 11시,목요일,전라북도 남원시 사매면,중상사고,0,1,0,0,차대사람 - 기타,안전운전불이행,건조,맑음,단일로 - 기타,화물,남,62세,상해없음,보행자,여,74세,중상
2017080300100240,2017년 8월 3일 11시,목요일,전라북도 장수군 계남면,중상사고,0,1,0,0,차대차 - 정면충돌,교차로운행방법위반,건조,맑음,교차로 - 교차로안,승용,남,28세,상해없음,원동기,남,59세,중상
2017080300100284,2017년 8월 3일 12시,목요일,전라북도 정읍시 수성동,경상사고,0,0,1,0,차대차 - 측면충돌,안전운전불이행,건조,맑음,단일로 - 기타,승용,여,36세,상해없음,이륜,남,75세,경상
2017080300100357,2017년 8월 3일 14시,목요일,전라북도 김제시 교동,중상사고,0,4,0,0,차대차 - 기타,안전운전불이행,건조,맑음,단일로 - 기타,승합,여,47세,상해없음,승용,남,39세,중상
2017080300100423,2017년 8월 3일 16시,목요일,전라북도 전주시 완산구 고사동,경상사고,0,0,1,0,차대사람 - 횡단중,안전운전불이행,건조,맑음,기타 - 기타,기타불명,기타불명,미분류,기타불명,보행자,여,17세,경상
2017080300100424,2017년 8월 3일 16시,목요일,전라북도 군산시 수송동,경상사고,0,0,6,0,차대차 - 측면충돌,불법유턴,건조,맑음,교차로 - 교차로부근,승용,남,34세,경상,승용,여,41세,경상
2017080300100425,2017년 8월 3일 16시,목요일,전라북도 익산시 어양동,중상사고,0,1,0,0,차대사람 - 기타,안전운전불이행,건조,맑음,주차장 - 주차장,화물,남,23세,상해없음,보행자,여,15세,중상
2017080300100455,2017년 8월 3일 17시,목요일,전라북도 정읍시 신태인읍,중상사고,0,1,1,0,차대차 - 측면충돌,교차로운행방법위반,건조,맑음,교차로 - 교차로안,승용,여,61세,상해없음,이륜,남,60세,경상
2017080300100456,2017년 8월 3일 17시,목요일,전라북도 고창군 신림면,경상사고,0,0,1,0,차대차 - 측면충돌,불법유턴,건조,맑음,교차로 - 교차로부근,화물,남,78세,상해없음,이륜,남,54세,경상
2017080300100457,2017년 8월 3일 17시,목요일,전라북도 무주군 설천면,중상사고,0,1,0,0,차량단독 - 전도전복 - 전도,안전운전불이행,건조,맑음,단일로 - 기타,이륜,남,74세,중상,,,,
2017080300100493,2017년 8월 3일 18시,목요일,전라북도 익산시 용안면,사망사고,1,0,0,0,차량단독 - 전도전복 - 전복,안전운전불이행,건조,맑음,단일로 - 기타,사륜오토바이(ATV),남,85세,사망,,,,
2017080300100494,2017년 8월 3일 18시,목요일,전라북도 김제시 백학동,경상사고,0,0,1,0,차대차 - 측면충돌,직진우회전진행방해,건조,맑음,교차로 - 교차로안,화물,남,63세,상해없음,승용,남,57세,경상
2017080300100558,2017년 8월 3일 20시,목요일,전라북도 정읍시 수성동,경상사고,0,0,1,0,차대사람 - 기타,안전운전불이행,건조,맑음,단일로 - 기타,화물,남,57세,상해없음,보행자,남,52세,경상
2017080300100584,2017년 8월 3일 21시,목요일,전라북도 군산시 경장동,경상사고,0,0,1,0,차대차 - 측면충돌,안전거리미확보,건조,맑음,교차로 - 교차로부근,승용,여,22세,상해없음,승용,남,29세,경상
2017080300100639,2017년 8월 3일 23시,목요일,전라북도 익산시 어양동,경상사고,0,0,2,0,차대차 - 추돌,안전운전불이행,건조,맑음,교차로 - 교차로부근,승용,남,25세,상해없음,승용,남,45세,경상
2017080400100047,2017년 8월 4일 01시,금요일,전라북도 전주시 완산구 중화산동2가,경상사고,0,0,1,0,차대차 - 추돌,불법유턴,건조,맑음,단일로 - 기타,승용,남,53세,상해없음,승용,남,32세,경상
2017080400100058,2017년 8월 4일 02시,금요일,전라북도 전주시 완산구 중화산동2가,경상사고,0,0,2,0,차대차 - 측면충돌,신호위반,건조,맑음,교차로 - 교차로안,화물,남,64세,상해없음,승용,남,79세,경상
2017080400100059,2017년 8월 4일 02시,금요일,전라북도 부안군 부안읍,중상사고,0,1,0,0,차대사람 - 기타,안전운전불이행,건조,맑음,교차로 - 교차로안,승용,남,54세,상해없음,보행자,남,36세,중상
2017080400100091,2017년 8월 4일 06시,금요일,전라북도 남원시 주천면,중상사고,0,2,0,0,차대차 - 추돌,안전운전불이행,건조,맑음,교차로 - 교차로부근,화물,남,63세,상해없음,화물,남,38세,중상
2017080400100095,2017년 8월 4일 06시,금요일,전라북도 완주군 이서면,중상사고,0,1,0,0,차대차 - 추돌,안전운전불이행,건조,맑음,단일로 - 기타,승용,여,28세,상해없음,화물,남,46세,중상
2017080400100110,2017년 8월 4일 07시,금요일,전라북도 정읍시 시기동,경상사고,0,0,1,0,차대차 - 측면충돌,안전운전불이행,건조,맑음,교차로 - 교차로부근,승용,남,68세,상해없음,자전거,여,51세,경상
2017080400100141,2017년 8월 4일 08시,금요일,전라북도 익산시 동산동,중상사고,0,1,0,0,차대사람 - 횡단중,보행자보호의무위반,건조,맑음,교차로 - 교차로횡단보도내,승용,여,46세,상해없음,보행자,여,74세,중상
2017080400100142,2017년 8월 4일 08시,금요일,전라북도 익산시 영등동,중상사고,0,1,0,0,차대사람 - 횡단중,안전운전불이행,건조,맑음,교차로 - 교차로안,승용,여,51세,상해없음,보행자,여,78세,중상
2017080400100169,2017년 8월 4일 09시,금요일,전라북도 김제시 용지면,경상사고,0,0,1,0,차량단독 - 전도전복,안전운전불이행,건조,맑음,교차로 - 교차로안,사륜오토바이(ATV),남,83세,경상,미분류,미분류,미분류,미분류
2017080400100250,2017년 8월 4일 11시,금요일,전라북도 익산시 남중동,중상사고,0,1,0,0,차대차 - 측면충돌,직진우회전진행방해,건조,맑음,교차로 - 교차로안,이륜,남,74세,중상,승용,남,19세,상해없음
2017080400100290,2017년 8월 4일 12시,금요일,전라북도 전주시 완산구 평화동2가,경상사고,0,0,2,0,차대차 - 정면충돌,중앙선침범,건조,맑음,단일로 - 기타,승합,남,58세,상해없음,화물,남,44세,경상
2017080400100311,2017년 8월 4일 13시,금요일,전라북도 전주시 완산구 경원동1가,중상사고,0,1,1,0,차대차 - 측면충돌,안전거리미확보,건조,맑음,단일로 - 기타,승용,남,56세,상해없음,승용,남,48세,경상
2017080400100352,2017년 8월 4일 14시,금요일,전라북도 익산시 부송동,경상사고,0,0,1,0,차대사람 - 차도통행중,안전운전불이행,건조,맑음,단일로 - 기타,화물,남,68세,상해없음,보행자,여,35세,경상
2017080400100353,2017년 8월 4일 14시,금요일,전라북도 임실군 오수면,경상사고,0,0,2,0,차대차 - 측면충돌,교차로운행방법위반,건조,맑음,교차로 - 교차로안,승용,남,62세,상해없음,이륜,남,72세,경상
2017080400100479,2017년 8월 4일 17시,금요일,전라북도 순창군 순창읍,중상사고,0,1,0,0,차대차 - 측면충돌,기타,건조,맑음,단일로 - 기타,승용,여,24세,상해없음,자전거,남,9세,중상
2017080400100521,2017년 8월 4일 18시,금요일,전라북도 정읍시 수성동,경상사고,0,0,1,0,차대차 - 측면충돌,기타,건조,맑음,교차로 - 교차로안,이륜,남,18세,상해없음,승용,여,49세,경상
2017080400100522,2017년 8월 4일 18시,금요일,전라북도 김제시 신풍동,경상사고,0,0,2,0,차대차 - 추돌,안전운전불이행,건조,맑음,교차로 - 교차로부근,승용,남,63세,상해없음,승용,여,23세,경상
2017080400100559,2017년 8월 4일 19시,금요일,전라북도 군산시 삼학동,중상사고,0,1,0,0,차대차 - 기타,안전운전불이행,건조,맑음,단일로 - 기타,승용,남,78세,상해없음,자전거,남,90세 이상,중상
2017080400100593,2017년 8월 4일 20시,금요일,전라북도 군산시 금광동,중상사고,0,1,0,0,차대사람 - 보도통행중,안전운전불이행,건조,맑음,단일로 - 기타,승용,여,26세,상해없음,보행자,여,63세,중상
2017080400100650,2017년 8월 4일 22시,금요일,전라북도 부안군 동진면,경상사고,0,0,3,0,차대차 - 측면충돌,신호위반,건조,맑음,교차로 - 교차로안,승용,남,57세,상해없음,승용,남,38세,경상
2017080500100040,2017년 8월 5일 02시,토요일,전라북도 전주시 덕진구 덕진동1가,경상사고,0,0,4,0,차대차 - 추돌,차로위반,건조,맑음,단일로 - 기타,승용,남,64세,경상,승용,남,34세,경상
2017080500100079,2017년 8월 5일 05시,토요일,전라북도 군산시 내초동,경상사고,0,0,1,0,차대차 - 추돌,안전거리미확보,건조,맑음,교차로 - 교차로부근,승용,여,60세,상해없음,화물,남,24세,경상
2017080500100102,2017년 8월 5일 07시,토요일,전라북도 부안군 행안면,중상사고,0,1,0,0,차대차 - 측면충돌,안전운전불이행,건조,맑음,단일로 - 기타,이륜,여,69세,중상,승용,남,60세,상해없음
2017080500100103,2017년 8월 5일 07시,토요일,전라북도 순창군 구림면,경상사고,0,0,1,0,차량단독 - 전도전복,안전운전불이행,건조,맑음,단일로 - 기타,농기계,남,77세,경상,미분류,미분류,미분류,미분류
2017080500100125,2017년 8월 5일 08시,토요일,전라북도 군산시 경암동,중상사고,0,1,0,0,차대사람 - 횡단중,중앙선침범,건조,맑음,단일로 - 기타,승용,남,64세,상해없음,보행자,여,58세,중상
2017080500100126,2017년 8월 5일 08시,토요일,전라북도 익산시 춘포면,경상사고,0,0,2,0,차대차 - 추돌,안전거리미확보,건조,맑음,단일로 - 기타,승용,남,37세,상해없음,승합,남,69세,상해없음
2017080500100150,2017년 8월 5일 09시,토요일,전라북도 김제시 백구면,경상사고,0,0,2,0,차대차 - 추돌,안전거리미확보,건조,맑음,단일로 - 기타,승용,남,47세,상해없음,승용,여,54세,경상
2017080500100185,2017년 8월 5일 10시,토요일,전라북도 전주시 완산구 효자동3가,중상사고,0,1,0,0,차대사람 - 횡단중,안전운전불이행,건조,맑음,교차로 - 교차로안,화물,남,35세,상해없음,보행자,여,42세,중상
2017080500100186,2017년 8월 5일 10시,토요일,전라북도 전주시 덕진구 팔복동2가,사망사고,1,0,0,0,차대차 - 측면충돌,안전운전불이행,건조,맑음,교차로 - 교차로안,건설기계,남,54세,상해없음,자전거,남,78세,사망
2017080500100253,2017년 8월 5일 12시,토요일,전라북도 전주시 덕진구 인후동2가,경상사고,0,0,2,0,차대차 - 측면충돌,안전거리미확보,건조,맑음,단일로 - 기타,승용,여,50세,상해없음,승용,남,70세,상해없음
2017080500100254,2017년 8월 5일 12시,토요일,전라북도 전주시 덕진구 금암동,경상사고,0,0,1,0,차량단독 - 기타,안전운전불이행,건조,맑음,단일로 - 기타,승합,남,44세,상해없음,,,,
2017080500100255,2017년 8월 5일 12시,토요일,전라북도 익산시 금강동,사망사고,1,1,0,0,차대차 - 추돌,안전운전불이행,건조,맑음,단일로 - 기타,승용,남,27세,중상,화물,남,42세,기타불명
2017080500100256,2017년 8월 5일 12시,토요일,전라북도 김제시 백구면,중상사고,0,1,3,0,차대차 - 추돌,안전거리미확보,건조,맑음,단일로 - 기타,승용,남,36세,상해없음,승용,여,44세,중상
2017080500100329,2017년 8월 5일 14시,토요일,전라북도 남원시 동충동,경상사고,0,0,2,0,차대차 - 추돌,안전운전불이행,건조,맑음,단일로 - 기타,승용,여,57세,경상,승용,여,61세,경상
2017080500100361,2017년 8월 5일 15시,토요일,전라북도 전주시 완산구 효자동2가,중상사고,0,1,0,0,차대사람 - 횡단중,안전운전불이행,건조,맑음,단일로 - 기타,승용,남,47세,상해없음,보행자,남,15세,중상
2017080500100362,2017년 8월 5일 15시,토요일,전라북도 전주시 덕진구 인후동1가,중상사고,0,1,0,0,차대차 - 측면충돌,교차로운행방법위반,건조,맑음,교차로 - 교차로안,승용,여,25세,상해없음,이륜,남,23세,중상
2017080500100482,2017년 8월 5일 18시,토요일,전라북도 익산시 영등동,경상사고,0,0,1,0,차대사람 - 횡단중,안전운전불이행,건조,맑음,단일로 - 기타,승용,남,35세,상해없음,보행자,남,57세,경상
2017080500100537,2017년 8월 5일 20시,토요일,전라북도 익산시 금강동,경상사고,0,0,3,0,차대차 - 측면충돌,신호위반,건조,흐림,교차로 - 교차로안,승용,남,53세,상해없음,승용,남,29세,경상
2017080500100560,2017년 8월 5일 21시,토요일,전라북도 정읍시 입암면,경상사고,0,0,2,0,차대차 - 측면충돌,교차로운행방법위반,건조,맑음,교차로 - 교차로안,승용,남,62세,상해없음,승용,여,41세,경상
2017080600100021,2017년 8월 6일 00시,일요일,전라북도 군산시 소룡동,경상사고,0,0,2,0,차대차 - 기타,신호위반,건조,맑음,교차로 - 교차로안,승용,남,62세,상해없음,승용,남,24세,경상
2017080600100022,2017년 8월 6일 00시,일요일,전라북도 익산시 어양동,중상사고,0,2,0,0,차대차 - 측면충돌,신호위반,건조,맑음,교차로 - 교차로안,승용,남,20세,상해없음,승용,남,23세,중상
2017080600100048,2017년 8월 6일 02시,일요일,전라북도 전주시 완산구 서신동,중상사고,0,1,2,0,차대차 - 측면충돌,교차로운행방법위반,건조,맑음,교차로 - 교차로안,승용,여,30세,상해없음,승용,남,58세,경상
2017080600100083,2017년 8월 6일 05시,일요일,전라북도 전주시 덕진구 진북동,중상사고,0,1,1,0,차대차 - 측면충돌,신호위반,건조,맑음,교차로 - 교차로안,화물,여,50세,상해없음,승용,남,48세,중상
2017080600100106,2017년 8월 6일 08시,일요일,전라북도 전주시 완산구 효자동3가,경상사고,0,0,1,0,차대차 - 측면충돌,신호위반,건조,맑음,교차로 - 교차로안,승합,남,50세,상해없음,승용,여,26세,경상
2017080600100211,2017년 8월 6일 13시,일요일,전라북도 전주시 덕진구 덕진동1가,경상사고,0,0,1,0,차대사람 - 횡단중,안전운전불이행,건조,맑음,단일로 - 기타,기타불명,기타불명,미분류,기타불명,보행자,여,24세,경상
2017080600100377,2017년 8월 6일 19시,일요일,전라북도 정읍시 태인면,경상사고,0,0,1,0,차량단독 - 전도전복 - 전도,안전운전불이행,건조,맑음,단일로 - 기타,이륜,남,70세,경상,,,,
2017080600100407,2017년 8월 6일 20시,일요일,전라북도 전주시 덕진구 금암동,경상사고,0,0,3,0,차대차 - 추돌,안전운전불이행,건조,맑음,단일로 - 기타,승용,남,20세,상해없음,승용,남,49세,경상
2017080600100408,2017년 8월 6일 20시,일요일,전라북도 익산시 창인동1가,중상사고,0,1,1,0,차대차 - 추돌,안전운전불이행,건조,맑음,단일로 - 기타,승용,남,24세,상해없음,승합,남,66세,경상
2017080600100472,2017년 8월 6일 23시,일요일,전라북도 익산시 모현동1가,중상사고,0,1,0,0,차대차 - 측면충돌,신호위반,건조,맑음,교차로 - 교차로안,승용,남,18세,상해없음,승용,여,62세,중상
2017080700100038,2017년 8월 7일 01시,월요일,전라북도 전주시 덕진구 인후동1가,중상사고,0,1,2,0,차대차 - 측면충돌,신호위반,건조,맑음,교차로 - 교차로안,승용,남,52세,경상,승용,남,29세,중상
2017080700100047,2017년 8월 7일 02시,월요일,전라북도 전주시 덕진구 덕진동1가,경상사고,0,0,2,0,차대차 - 추돌,안전운전불이행,건조,맑음,교차로 - 교차로부근,승용,남,22세,상해없음,승용,여,37세,경상
2017080700100067,2017년 8월 7일 05시,월요일,전라북도 정읍시 산외면,경상사고,0,0,1,0,차대사람 - 횡단중,안전운전불이행,건조,맑음,교차로 - 교차로부근,승용,여,23세,상해없음,보행자,여,74세,경상