사고번호,사고일시,요일,시군구,사고내용,사망자수,중상자수,경상자수,부상신고자수,사고유형,법규위반,노면상태,기상상태,도로형태,가해운전자 차종,가해운전자 성별,가해운전자 연령,가해운전자 상해정도,피해운전자 차종,피해운전자 성별,피해운전자 연령,피해운전자 상해정도
2017080700100105,2017년 8월 7일 07시,월요일,전라북도 군산시 오식도동,경상사고,0,0,1,0,차대차 - 측면충돌,신호위반,건조,맑음,교차로 - 교차로안,화물,남,51세,상해없음,승용,남,34세,경상
2017080700100106,2017년 8월 7일 07시,월요일,전라북도 김제시 흥사동,경상사고,0,0,2,0,차대차 - 측면충돌,과속,건조,맑음,단일로 - 기타,승용,남,36세,경상,승합,남,57세,경상
2017080700100168,2017년 8월 7일 09시,월요일,전라북도 김제시 요촌동,경상사고,0,0,1,0,차대차 - 정면충돌,중앙선침범,건조,맑음,교차로 - 교차로부근,승용,여,73세,상해없음,승용,남,55세,경상
2017080700100219,2017년 8월 7일 11시,월요일,전라북도 전주시 덕진구 송천동1가,경상사고,0,0,2,0,차대차 - 측면충돌,신호위반,건조,맑음,교차로 - 교차로안,승용,여,74세,상해없음,승용,남,70세,경상
2017080700100220,2017년 8월 7일 11시,월요일,전라북도 익산시 용안면,중상사고,0,1,0,0,차대차 - 측면충돌,안전운전불이행,건조,맑음,단일로 - 기타,승용,여,59세,상해없음,이륜,여,71세,중상
2017080700100251,2017년 8월 7일 12시,월요일,전라북도 전주시 완산구 효자동3가,경상사고,0,0,1,0,차대차 - 측면충돌,안전운전불이행,건조,맑음,교차로 - 교차로횡단보도내,승용,여,26세,상해없음,자전거,남,23세,경상
2017080700100252,2017년 8월 7일 12시,월요일,전라북도 전주시 덕진구 송천동1가,중상사고,0,1,0,0,차대차 - 측면충돌,신호위반,건조,맑음,교차로 - 교차로부근,승용,여,42세,상해없음,이륜,남,55세,중상
2017080700100287,2017년 8월 7일 13시,월요일,전라북도 군산시 장미동,중상사고,0,1,0,0,차대차 - 측면충돌,직진우회전진행방해,건조,맑음,교차로 - 교차로안,승용,남,71세,상해없음,승용,남,55세,중상
2017080700100324,2017년 8월 7일 14시,월요일,전라북도 부안군 부안읍,중상사고,0,1,0,0,차대사람 - 횡단중,안전운전불이행,건조,맑음,단일로 - 기타,승용,남,58세,상해없음,보행자,여,70세,중상
2017080700100353,2017년 8월 7일 15시,월요일,전라북도 익산시 함열읍,경상사고,0,0,2,0,차대차 - 추돌,안전운전불이행,건조,맑음,단일로 - 기타,농기계,남,45세,상해없음,승용,여,59세,경상
2017080700100354,2017년 8월 7일 15시,월요일,전라북도 김제시 백구면,경상사고,0,0,8,0,차대차 - 추돌,안전운전불이행,건조,맑음,단일로 - 기타,화물,남,67세,상해없음,승용,남,41세,경상
2017080700100387,2017년 8월 7일 16시,월요일,전라북도 임실군 오수면,중상사고,0,1,0,0,차량단독 - 기타,기타,건조,맑음,단일로 - 기타,승합,남,56세,상해없음,,,,
2017080700100426,2017년 8월 7일 17시,월요일,전라북도 익산시 어양동,경상사고,0,0,1,0,차대차 - 측면충돌,안전운전불이행,건조,맑음,단일로 - 기타,승용,남,58세,상해없음,자전거,남,16세,경상
2017080700100427,2017년 8월 7일 17시,월요일,전라북도 익산시 남중동,경상사고,0,0,1,0,차대차 - 측면충돌,신호위반,건조,맑음,교차로 - 교차로안,승용,남,59세,상해없음,자전거,남,71세,경상
2017080700100474,2017년 8월 7일 18시,월요일,전라북도 전주시 덕진구 덕진동2가,경상사고,0,0,1,0,차대사람 - 횡단중,보행자보호의무위반,건조,맑음,단일로 - 기타,승용,남,50세,상해없음,보행자,여,44세,경상
2017080700100475,2017년 8월 7일 18시,월요일,전라북도 정읍시 북면,경상사고,0,0,5,0,차대차 - 측면충돌,직진우회전진행방해,건조,맑음,교차로 - 교차로안,승용,남,38세,경상,승용,남,63세,경상
2017080700100504,2017년 8월 7일 19시,월요일,전라북도 전주시 완산구 효자동3가,경상사고,0,0,2,0,차대차 - 측면충돌,안전운전불이행,건조,맑음,교차로 - 교차로안,승용,남,74세,경상,화물,남,24세,경상
2017080700100534,2017년 8월 7일 20시,월요일,전라북도 군산시 수송동,경상사고,0,0,1,0,차대사람 - 횡단중,기타,건조,맑음,기타 - 기타,자전거,여,62세,상해없음,보행자,여,48세,경상
2017080700100587,2017년 8월 7일 22시,월요일,전라북도 군산시 경장동,경상사고,0,0,2,0,차대차 - 추돌,안전운전불이행,건조,맑음,교차로 - 교차로안,화물,남,68세,상해없음,승용,남,56세,경상
2017080700100605,2017년 8월 7일 23시,월요일,전라북도 익산시 신흥동,경상사고,0,0,4,0,차대차 - 정면충돌,중앙선침범,젖음/습기,흐림,단일로 - 기타,승용,남,39세,상해없음,승용,남,61세,경상
2017080800100077,2017년 8월 8일 07시,화요일,전라북도 정읍시 정우면,경상사고,0,0,1,0,차량단독 - 전도전복 - 전복,안전운전불이행,건조,맑음,단일로 - 기타,자전거,여,74세,경상,,,,
2017080800100098,2017년 8월 8일 08시,화요일,전라북도 임실군 청웅면,사망사고,1,0,0,0,차량단독 - 전도전복 - 전도,안전운전불이행,건조,맑음,교차로 - 교차로부근,화물,남,64세,상해없음,,,,
2017080800100139,2017년 8월 8일 09시,화요일,전라북도 전주시 덕진구 우아동3가,경상사고,0,0,1,0,차대차 - 측면충돌,안전거리미확보,건조,맑음,교차로 - 교차로부근,승용,남,27세,상해없음,승용,여,64세,경상
2017080800100140,2017년 8월 8일 09시,화요일,전라북도 익산시 신동,중상사고,0,1,0,0,차대차 - 기타,안전운전불이행,건조,맑음,단일로 - 기타,화물,남,63세,상해없음,이륜,남,75세,중상
2017080800100172,2017년 8월 8일 10시,화요일,전라북도 김제시 요촌동,경상사고,0,0,1,0,차대차 - 측면충돌,직진우회전진행방해,건조,맑음,교차로 - 교차로안,승용,남,44세,상해없음,사륜오토바이(ATV),남,56세,경상
2017080800100173,2017년 8월 8일 10시,화요일,전라북도 순창군 동계면,경상사고,0,0,1,0,차대차 - 후진중충돌,안전운전불이행,건조,맑음,교차로 - 교차로안,화물,남,63세,상해없음,이륜,여,71세,경상
2017080800100174,2017년 8월 8일 10시,화요일,전라북도 무주군 무주읍,경상사고,0,0,1,0,차대차 - 측면충돌,신호위반,건조,맑음,교차로 - 교차로안,승용,남,40세,상해없음,이륜,남,69세,경상
2017080800100216,2017년 8월 8일 11시,화요일,전라북도 전주시 완산구 상림동,중상사고,0,2,0,0,차대차 - 정면충돌,중앙선침범,건조,맑음,단일로 - 기타,화물,남,56세,중상,화물,남,35세,중상
2017080800100217,2017년 8월 8일 11시,화요일,전라북도 정읍시 수성동,경상사고,0,0,2,0,차대차 - 측면충돌,직진우회전진행방해,건조,맑음,교차로 - 교차로안,승용,남,54세,경상,승용,남,60세,경상
2017080800100248,2017년 8월 8일 12시,화요일,전라북도 전주시 완산구 서신동,경상사고,0,0,1,0,차대차 - 기타,안전거리미확보,건조,맑음,단일로 - 기타,승용,여,53세,상해없음,승용,여,58세,경상
2017080800100249,2017년 8월 8일 12시,화요일,전라북도 익산시 영등동,중상사고,0,1,0,0,차대사람 - 기타,안전운전불이행,건조,맑음,교차로 - 교차로안,승합,남,43세,상해없음,보행자,여,70세,중상
2017080800100250,2017년 8월 8일 12시,화요일,전라북도 임실군 강진면,중상사고,0,1,2,0,차대차 - 측면충돌,교차로운행방법위반,건조,맑음,교차로 - 교차로안,승합,남,43세,상해없음,승용,남,56세,경상
2017080800100279,2017년 8월 8일 13시,화요일,전라북도 익산시 남중동,중상사고,0,1,0,0,차대차 - 측면충돌,직진우회전진행방해,건조,맑음,교차로 - 교차로안,승용,남,46세,상해없음,승용,여,71세,중상
2017080800100322,2017년 8월 8일 14시,화요일,전라북도 전주시 완산구 전동,경상사고,0,0,1,0,차대차 - 추돌,차로위반,건조,맑음,단일로 - 기타,승용,여,66세,상해없음,승용,남,28세,경상
2017080800100323,2017년 8월 8일 14시,화요일,전라북도 익산시 영등동,경상사고,0,0,2,0,차대차 - 추돌,안전거리미확보,건조,맑음,교차로 - 교차로안,승용,남,58세,상해없음,승용,여,57세,경상
2017080800100324,2017년 8월 8일 14시,화요일,전라북도 익산시 갈산동,중상사고,0,1,0,0,차대차 - 측면충돌,안전운전불이행,건조,맑음,교차로 - 교차로횡단보도내,승합,남,55세,상해없음,자전거,남,74세,중상
2017080800100353,2017년 8월 8일 15시,화요일,전라북도 군산시 내초동,경상사고,0,0,2,0,차대차 - 기타,신호위반,건조,맑음,교차로 - 교차로안,승용,남,67세,경상,건설기계,남,61세,상해없음
2017080800100405,2017년 8월 8일 17시,화요일,전라북도 익산시 마동,경상사고,0,0,1,0,차대차 - 기타,직진우회전진행방해,건조,맑음,교차로 - 교차로안,승용,남,78세,상해없음,승용,남,28세,경상
2017080800100434,2017년 8월 8일 18시,화요일,전라북도 군산시 옥산면,사망사고,1,1,0,0,차대차 - 기타,신호위반,젖음/습기,흐림,교차로 - 교차로안,원동기,남,70세,중상,원동기,남,81세,사망
2017080800100435,2017년 8월 8일 18시,화요일,전라북도 군산시 수송동,경상사고,0,0,1,0,차대차 - 추돌,안전운전불이행,건조,맑음,교차로 - 교차로부근,승용,여,44세,상해없음,자전거,남,37세,경상
2017080800100436,2017년 8월 8일 18시,화요일,전라북도 군산시 수송동,경상사고,0,0,1,0,차대사람 - 횡단중,보행자보호의무위반,건조,흐림,교차로 - 교차로안,승용,여,53세,상해없음,보행자,여,7세,경상
2017080800100437,2017년 8월 8일 18시,화요일,전라북도 김제시 금산면,사망사고,1,0,2,0,차대차 - 추돌,안전운전불이행,건조,맑음,단일로 - 기타,화물,남,58세,상해없음,승용,남,61세,상해없음
2017080800100438,2017년 8월 8일 18시,화요일,전라북도 남원시 노암동,경상사고,0,0,2,0,차대차 - 측면충돌,불법유턴,건조,맑음,단일로 - 기타,승용,남,56세,상해없음,승용,남,75세,경상
2017080800100475,2017년 8월 8일 19시,화요일,전라북도 군산시 나운동,경상사고,0,0,3,0,차대차 - 기타,안전운전불이행,건조,맑음,교차로 - 교차로부근,승용,남,18세,상해없음,승용,여,33세,경상
2017080800100506,2017년 8월 8일 20시,화요일,전라북도 고창군 성송면,경상사고,0,0,1,2,차대차 - 기타,직진우회전진행방해,건조,흐림,교차로 - 교차로안,승용,남,60세,상해없음,승합,남,50세,상해없음
2017080800100536,2017년 8월 8일 21시,화요일,전라북도 전주시 완산구 삼천동1가,중상사고,0,1,0,0,차대사람 - 횡단중,안전운전불이행,건조,맑음,교차로 - 교차로부근,승용,남,54세,상해없음,보행자,여,18세,중상
2017080800100537,2017년 8월 8일 21시,화요일,전라북도 군산시 미장동,경상사고,0,0,1,0,차대차 - 측면충돌,안전운전불이행,건조,맑음,교차로 - 교차로안,승용,남,59세,상해없음,화물,여,48세,경상
2017080800100538,2017년 8월 8일 21시,화요일,전라북도 정읍시 상동,경상사고,0,0,1,0,차대차 - 측면충돌,신호위반,젖음/습기,흐림,교차로 - 교차로안,원동기,남,18세,경상,승용,여,43세,상해없음
2017080800100572,2017년 8월 8일 22시,화요일,전라북도 익산시 영등동,경상사고,0,0,1,0,차대사람 - 기타,안전운전불이행,건조,맑음,단일로 - 기타,승합,남,58세,상해없음,보행자,여,20세,경상
2017080800100586,2017년 8월 8일 23시,화요일,전라북도 전주시 덕진구 금암동,경상사고,0,0,1,0,차대사람 - 보도통행중,기타,건조,맑음,단일로 - 기타,이륜,남,28세,상해없음,보행자,여,26세,경상
2017080800100587,2017년 8월 8일 23시,화요일,전라북도 군산시 문화동,경상사고,0,0,1,0,차대차 - 측면충돌,안전운전불이행,젖음/습기,비,단일로 - 기타,승용,남,55세,경상,기타불명,기타불명,미분류,기타불명
2017080800100588,2017년 8월 8일 23시,화요일,전라북도 익산시 신동,경상사고,0,0,1,0,차대차 - 측면충돌,안전운전불이행,건조,맑음,교차로 - 교차로부근,기타불명,기타불명,미분류,기타불명,이륜,남,35세,경상
2017080900100088,2017년 8월 9일 06시,수요일,전라북도 전주시 덕진구 금암동,중상사고,0,1,0,0,차대차 - 추돌,신호위반,건조,흐림,교차로 - 교차로안,승합,남,51세,상해없음,승용,남,68세,상해없음
2017080900100107,2017년 8월 9일 07시,수요일,전라북도 순창군 순창읍,중상사고,0,1,0,0,차대차 - 측면충돌,안전운전불이행,젖음/습기,맑음,교차로 - 교차로안,이륜,남,83세,중상,승용,남,45세,상해없음
2017080900100140,2017년 8월 9일 08시,수요일,전라북도 전주시 덕진구 호성동1가,경상사고,0,0,1,0,차대차 - 측면충돌,교차로운행방법위반,건조,맑음,교차로 - 교차로안,승용,여,53세,상해없음,승용,남,26세,경상
2017080900100141,2017년 8월 9일 08시,수요일,전라북도 정읍시 과교동,경상사고,0,0,1,0,차대차 - 추돌,안전거리미확보,건조,맑음,교차로 - 교차로안,승합,남,60세,상해없음,승용,여,56세,경상
2017080900100172,2017년 8월 9일 09시,수요일,전라북도 정읍시 용계동,경상사고,0,0,2,0,차대차 - 추돌,안전운전불이행,젖음/습기,흐림,교차로 - 교차로부근,승용,여,61세,상해없음,승용,여,56세,경상
2017080900100208,2017년 8월 9일 10시,수요일,전라북도 군산시 수송동,경상사고,0,0,1,0,차대차 - 기타,교차로운행방법위반,건조,맑음,교차로 - 교차로안,승용,여,39세,상해없음,이륜,남,80세,경상
2017080900100209,2017년 8월 9일 10시,수요일,전라북도 김제시 백구면,경상사고,0,0,5,0,차대차 - 추돌,안전운전불이행,젖음/습기,비,단일로 - 기타,화물,남,59세,상해없음,화물,남,48세,경상
2017080900100230,2017년 8월 9일 11시,수요일,전라북도 익산시 영등동,경상사고,0,0,1,0,차대차 - 측면충돌,안전운전불이행,건조,맑음,교차로 - 교차로안,승용,여,28세,상해없음,원동기,남,27세,경상
2017080900100272,2017년 8월 9일 12시,수요일,전라북도 전주시 완산구 평화동1가,사망사고,1,0,0,0,차대차 - 정면충돌,안전운전불이행,건조,맑음,단일로 - 기타,승용,남,67세,상해없음,자전거,남,76세,사망
2017080900100301,2017년 8월 9일 13시,수요일,전라북도 익산시 모현동2가,경상사고,0,0,1,0,차대차 - 측면충돌,불법유턴,건조,맑음,교차로 - 교차로횡단보도내,자전거,남,13세,경상,기타불명,기타불명,미분류,기타불명
2017080900100302,2017년 8월 9일 13시,수요일,전라북도 김제시 용지면,경상사고,0,0,1,0,차대차 - 측면충돌,신호위반,젖음/습기,비,교차로 - 교차로안,승용,남,62세,상해없음,승용,남,32세,경상
2017080900100336,2017년 8월 9일 14시,수요일,전라북도 정읍시 고부면,중상사고,0,1,0,0,차대차 - 기타,안전운전불이행,건조,흐림,단일로 - 기타,화물,남,56세,상해없음,자전거,남,61세,중상
2017080900100362,2017년 8월 9일 15시,수요일,전라북도 남원시 주생면,사망사고,1,0,0,0,차대차 - 추돌,안전운전불이행,젖음/습기,비,단일로 - 기타,승용,남,48세,상해없음,이륜,남,80세,사망
2017080900100363,2017년 8월 9일 15시,수요일,전라북도 순창군 순창읍,사망사고,1,0,0,0,차대차 - 측면충돌,안전운전불이행,젖음/습기,흐림,단일로 - 기타,화물,남,39세,상해없음,자전거,남,70세,사망
2017080900100402,2017년 8월 9일 16시,수요일,전라북도 완주군 구이면,경상사고,0,0,1,0,차대차 - 측면충돌,안전운전불이행,젖음/습기,비,단일로 - 기타,승용,남,36세,상해없음,화물,남,53세,경상
2017080900100438,2017년 8월 9일 17시,수요일,전라북도 전주시 덕진구 호성동1가,경상사고,0,0,1,0,차대차 - 추돌,안전운전불이행,젖음/습기,비,단일로 - 기타,승용,남,39세,상해없음,화물,남,47세,경상
2017080900100463,2017년 8월 9일 18시,수요일,전라북도 전주시 완산구 효자동3가,경상사고,0,0,1,0,차대차 - 측면충돌,안전운전불이행,젖음/습기,비,단일로 - 기타,이륜,남,24세,경상,승용,남,52세,상해없음
2017080900100509,2017년 8월 9일 19시,수요일,전라북도 전주시 덕진구 인후동1가,중상사고,0,1,0,0,차대차 - 측면충돌,교차로운행방법위반,젖음/습기,흐림,교차로 - 교차로안,승용,여,33세,상해없음,이륜,남,50세,중상
2017080900100545,2017년 8월 9일 20시,수요일,전라북도 전주시 덕진구 팔복동2가,경상사고,0,0,1,0,차대사람 - 길가장자리구역통행중,안전운전불이행,젖음/습기,흐림,교차로 - 교차로안,승용,남,45세,상해없음,보행자,남,39세,경상
2017080900100546,2017년 8월 9일 20시,수요일,전라북도 정읍시 수성동,경상사고,0,0,1,0,차대사람 - 차도통행중,안전운전불이행,건조,맑음,단일로 - 기타,승용,여,59세,상해없음,보행자,남,24세,경상
2017080900100547,2017년 8월 9일 20시,수요일,전라북도 남원시 죽항동,경상사고,0,0,1,0,차대차 - 추돌,차로위반,젖음/습기,비,단일로 - 기타,화물,남,62세,상해없음,이륜,남,19세,경상
2017080900100580,2017년 8월 9일 21시,수요일,전라북도 전주시 완산구 서신동,경상사고,0,0,1,0,차대차 - 측면충돌,안전운전불이행,건조,맑음,단일로 - 기타,승용,남,47세,상해없음,승용,남,23세,경상
2017080900100658,2017년 8월 9일 23시,수요일,전라북도 전주시 덕진구 팔복동2가,경상사고,0,0,1,0,차대차 - 측면충돌,신호위반,건조,흐림,교차로 - 교차로안,승합,남,47세,기타불명,승용,여,46세,경상
2017081000100119,2017년 8월 10일 07시,목요일,전라북도 정읍시 감곡면,중상사고,0,1,0,0,차대차 - 측면충돌,안전운전불이행,건조,맑음,단일로 - 기타,승용,남,45세,상해없음,이륜,남,81세,중상
2017081000100120,2017년 8월 10일 07시,목요일,전라북도 정읍시 시기동,중상사고,0,1,0,0,차대차 - 측면충돌,신호위반,건조,맑음,교차로 - 교차로안,승용,여,62세,상해없음,승용,여,43세,중상
2017081000100154,2017년 8월 10일 08시,목요일,전라북도 전주시 덕진구 인후동1가,경상사고,0,0,2,0,차대차 - 측면충돌,안전거리미확보,건조,맑음,단일로 - 기타,승용,남,63세,상해없음,승용,여,56세,경상
2017081000100155,2017년 8월 10일 08시,목요일,전라북도 정읍시 시기동,중상사고,0,1,0,0,차대차 - 측면충돌,안전운전불이행,건조,맑음,단일로 - 기타,화물,남,46세,상해없음,이륜,남,72세,중상
2017081000100156,2017년 8월 10일 08시,목요일,전라북도 정읍시 입암면,중상사고,0,1,0,0,차대차 - 측면충돌,교차로운행방법위반,건조,맑음,교차로 - 교차로안,이륜,남,74세,중상,화물,남,42세,상해없음
2017081000100227,2017년 8월 10일 10시,목요일,전라북도 정읍시 신태인읍,경상사고,0,0,1,0,차대차 - 측면충돌,안전운전불이행,건조,맑음,단일로 - 기타,이륜,남,52세,경상,화물,남,50세,상해없음
2017081000100228,2017년 8월 10일 10시,목요일,전라북도 부안군 백산면,경상사고,0,0,1,0,차대차 - 측면충돌,직진우회전진행방해,건조,맑음,교차로 - 교차로안,승용,여,73세,경상,화물,남,59세,상해없음
2017081000100255,2017년 8월 10일 11시,목요일,전라북도 김제시 금구면,경상사고,0,0,1,0,차대차 - 추돌,안전운전불이행,건조,맑음,교차로 - 교차로부근,건설기계,남,50세,상해없음,화물,남,52세,경상
2017081000100283,2017년 8월 10일 12시,목요일,전라북도 정읍시 시기동,경상사고,0,0,2,0,차대차 - 측면충돌,신호위반,건조,맑음,교차로 - 교차로안,승용,남,29세,상해없음,승용,남,55세,경상
2017081000100317,2017년 8월 10일 13시,목요일,전라북도 군산시 나운동,중상사고,0,1,0,0,차대차 - 기타,신호위반,건조,맑음,교차로 - 교차로안,승용,여,54세,상해없음,이륜,남,20세,중상
2017081000100318,2017년 8월 10일 13시,목요일,전라북도 김제시 금구면,경상사고,0,0,2,0,차대차 - 추돌,안전운전불이행,건조,맑음,교차로 - 교차로부근,화물,남,50세,상해없음,승용,남,60세,경상
2017081000100347,2017년 8월 10일 14시,목요일,전라북도 고창군 고창읍,경상사고,0,0,2,0,차대차 - 측면충돌,신호위반,건조,맑음,교차로 - 교차로안,화물,남,57세,상해없음,승용,남,61세,경상
2017081000100379,2017년 8월 10일 15시,목요일,전라북도 전주시 완산구 효자동3가,중상사고,0,1,0,0,차대차 - 측면충돌,안전운전불이행,건조,맑음,교차로 - 교차로안,승용,여,46세,상해없음,이륜,남,21세,중상
2017081000100380,2017년 8월 10일 15시,목요일,전라북도 임실군 임실읍,중상사고,0,1,0,0,차대차 - 정면충돌,중앙선침범,건조,맑음,단일로 - 기타,승용,남,29세,상해없음,이륜,남,39세,중상
2017081000100421,2017년 8월 10일 16시,목요일,전라북도 전주시 덕진구 송천동1가,경상사고,0,0,1,0,차대사람 - 기타,안전운전불이행,건조,맑음,교차로 - 교차로안,승용,남,57세,상해없음,보행자,남,17세,경상
2017081000100463,2017년 8월 10일 17시,목요일,전라북도 전주시 덕진구 우아동3가,중상사고,0,1,0,0,차대사람 - 횡단중,안전운전불이행,건조,맑음,단일로 - 기타,화물,남,51세,상해없음,보행자,여,43세,중상
2017081000100464,2017년 8월 10일 17시,목요일,전라북도 군산시 명산동,중상사고,0,1,0,0,차대사람 - 횡단중,안전운전불이행,건조,맑음,단일로 - 기타,승용,남,74세,상해없음,보행자,남,20세,중상
2017081000100465,2017년 8월 10일 17시,목요일,전라북도 고창군 상하면,경상사고,0,0,2,0,차대차 - 측면충돌,신호위반,건조,맑음,교차로 - 교차로안,화물,남,71세,경상,승용,여,56세,경상
2017081000100532,2017년 8월 10일 19시,목요일,전라북도 전주시 완산구 효자동1가,경상사고,0,0,2,0,차대차 - 측면충돌,신호위반,건조,맑음,교차로 - 교차로안,이륜,남,41세,경상,승용,남,65세,경상
2017081000100533,2017년 8월 10일 19시,목요일,전라북도 전주시 덕진구 금암동,경상사고,0,0,1,0,차대차 - 추돌,안전운전불이행,건조,맑음,단일로 - 기타,승합,남,46세,상해없음,승용,남,46세,경상
2017081000100635,2017년 8월 10일 22시,목요일,전라북도 전주시 완산구 서신동,경상사고,0,0,4,0,차대차 - 정면충돌,안전운전불이행,건조,맑음,단일로 - 기타,화물,남,69세,경상,승용,남,50세,경상
2017081100100095,2017년 8월 11일 06시,금요일,전라북도 전주시 완산구 다가동2가,경상사고,0,0,2,0,차대차 - 정면충돌,안전운전불이행,건조,맑음,단일로 - 기타,승용,남,22세,상해없음,승용,여,52세,경상
2017081100100143,2017년 8월 11일 08시,금요일,전라북도 김제시 백구면,부상신고사고,0,0,0,1,차대차 - 측면충돌,안전운전불이행,건조,맑음,단일로 - 기타,승합,남,58세,상해없음,승용,남,55세,부상신고
2017081100100274,2017년 8월 11일 12시,금요일,전라북도 군산시 소룡동,경상사고,0,0,3,0,차대차 - 측면충돌,직진우회전진행방해,건조,맑음,교차로 - 교차로안,승용,여,45세,상해없음,승용,남,32세,경상
2017081100100275,2017년 8월 11일 12시,금요일,전라북도 정읍시 소성면,중상사고,0,2,0,0,차대차 - 추돌,안전운전불이행,건조,맑음,교차로 - 교차로부근,화물,남,54세,상해없음,화물,남,65세,중상
2017081100100346,2017년 8월 11일 14시,금요일,전라북도 완주군 동상면,중상사고,0,1,0,0,차대차 - 추돌,기타,건조,맑음,단일로 - 기타,특수,남,38세,상해없음,원동기,남,30세,중상
2017081100100390,2017년 8월 11일 15시,금요일,전라북도 전주시 덕진구 우아동3가,경상사고,0,0,1,0,차대차 - 추돌,안전운전불이행,건조,맑음,단일로 - 기타,승용,남,63세,상해없음,승용,남,46세,경상
2017081100100440,2017년 8월 11일 16시,금요일,전라북도 군산시 수송동,경상사고,0,0,1,0,차대차 - 측면충돌,신호위반,건조,맑음,교차로 - 교차로안,승용,남,54세,상해없음,승용,남,62세,경상
2017081100100441,2017년 8월 11일 16시,금요일,전라북도 군산시 대야면,경상사고,0,0,1,0,차대차 - 측면충돌,안전거리미확보,건조,맑음,교차로 - 교차로부근,이륜,남,79세,경상,승용,여,23세,상해없음
2017081100100442,2017년 8월 11일 16시,금요일,전라북도 부안군 줄포면,경상사고,0,0,4,0,차대차 - 측면충돌,안전운전불이행,건조,맑음,단일로 - 기타,승용,남,51세,상해없음,승용,남,54세,경상
2017081100100486,2017년 8월 11일 17시,금요일,전라북도 전주시 덕진구 송천동1가,경상사고,0,0,1,0,차대차 - 추돌,안전운전불이행,건조,맑음,교차로 - 교차로안,이륜,남,17세,경상,승용,여,46세,상해없음
2017081100100487,2017년 8월 11일 17시,금요일,전라북도 무주군 무주읍,중상사고,0,1,1,0,차대차 - 측면충돌,안전운전불이행,젖음/습기,비,교차로 - 교차로안,승용,여,47세,경상,승용,남,35세,중상
2017081100100528,2017년 8월 11일 18시,금요일,전라북도 정읍시 수성동,부상신고사고,0,0,0,1,차대차 - 정면충돌,안전운전불이행,건조,맑음,교차로 - 교차로부근,자전거,남,14세,부상신고,승용,여,47세,상해없음
2017081100100529,2017년 8월 11일 18시,금요일,전라북도 부안군 부안읍,중상사고,0,3,1,0,차대차 - 측면충돌,신호위반,건조,맑음,교차로 - 교차로안,화물,여,59세,중상,승용,여,43세,중상
2017081100100620,2017년 8월 11일 20시,금요일,전라북도 전주시 완산구 풍남동1가,중상사고,0,1,2,0,차대차 - 측면충돌,중앙선침범,젖음/습기,흐림,단일로 - 기타,승용,남,30세,상해없음,승용,남,64세,경상
2017081100100621,2017년 8월 11일 20시,금요일,전라북도 군산시 조촌동,중상사고,0,1,0,0,차대차 - 기타,신호위반,건조,맑음,교차로 - 교차로안,승용,남,72세,상해없음,이륜,남,20세,중상
2017081100100712,2017년 8월 11일 23시,금요일,전라북도 군산시 경장동,경상사고,0,0,2,0,차대차 - 측면충돌,안전운전불이행,건조,맑음,교차로 - 교차로부근,승용,남,44세,상해없음,승용,남,30세,경상
2017081200100054,2017년 8월 12일 01시,토요일,전라북도 전주시 덕진구 덕진동1가,중상사고,0,1,0,0,차대사람 - 차도통행중,안전운전불이행,건조,맑음,단일로 - 기타,승용,남,23세,상해없음,보행자,남,45세,중상
2017081200100095,2017년 8월 12일 04시,토요일,전라북도 전주시 완산구 효자동2가,중상사고,0,1,0,0,차대차 - 측면충돌,안전운전불이행,건조,맑음,교차로 - 교차로안,승용,여,30세,상해없음,승용,남,33세,중상
2017081200100164,2017년 8월 12일 08시,토요일,전라북도 군산시 미장동,경상사고,0,0,4,0,차대차 - 기타,신호위반,건조,맑음,교차로 - 교차로안,승용,남,58세,경상,화물,남,45세,경상
2017081200100165,2017년 8월 12일 08시,토요일,전라북도 남원시 보절면,중상사고,0,1,0,0,차대차 - 측면충돌,기타,건조,맑음,단일로 - 기타,승용,남,64세,상해없음,이륜,남,75세,중상
2017081200100190,2017년 8월 12일 09시,토요일,전라북도 부안군 부안읍,중상사고,0,1,1,0,차대사람 - 기타,안전운전불이행,건조,흐림,단일로 - 기타,이륜,남,61세,상해없음,보행자,남,32세,중상
2017081200100222,2017년 8월 12일 10시,토요일,전라북도 전주시 완산구 서신동,경상사고,0,0,1,0,차대차 - 측면충돌,직진우회전진행방해,건조,맑음,교차로 - 교차로안,승용,남,58세,상해없음,승용,남,62세,상해없음
2017081200100223,2017년 8월 12일 10시,토요일,전라북도 전주시 완산구 경원동3가,중상사고,0,1,0,0,차대차 - 측면충돌,안전운전불이행,건조,맑음,단일로 - 기타,자전거,남,60세,중상,승용,남,59세,상해없음
2017081200100246,2017년 8월 12일 11시,토요일,전라북도 전주시 완산구 효자동3가,경상사고,0,0,1,0,차대차 - 측면충돌,안전운전불이행,건조,맑음,교차로 - 교차로부근,승용,여,41세,상해없음,승용,남,27세,경상
2017081200100247,2017년 8월 12일 11시,토요일,전라북도 전주시 덕진구 인후동1가,경상사고,0,0,2,0,차대차 - 측면충돌,안전운전불이행,건조,맑음,교차로 - 교차로부근,승용,여,56세,상해없음,승용,남,24세,경상
2017081200100248,2017년 8월 12일 11시,토요일,전라북도 군산시 수송동,중상사고,0,1,1,0,차대차 - 기타,신호위반,건조,맑음,단일로 - 기타,승용,여,27세,상해없음,원동기,남,67세,중상