사고번호,사고일시,요일,시군구,사고내용,사망자수,중상자수,경상자수,부상신고자수,사고유형,법규위반,노면상태,기상상태,도로형태,가해운전자 차종,가해운전자 성별,가해운전자 연령,가해운전자 상해정도,피해운전자 차종,피해운전자 성별,피해운전자 연령,피해운전자 상해정도
2017081200100250,2017년 8월 12일 11시,토요일,전라북도 정읍시 정우면,중상사고,0,1,0,0,차량단독 - 전도전복 - 전도,안전운전불이행,건조,맑음,단일로 - 기타,승용,여,47세,중상,,,,
2017081200100282,2017년 8월 12일 12시,토요일,전라북도 전주시 덕진구 송천동2가,경상사고,0,0,1,0,차대차 - 측면충돌,신호위반,건조,맑음,교차로 - 교차로안,이륜,남,70세,상해없음,승용,여,45세,경상
2017081200100283,2017년 8월 12일 12시,토요일,전라북도 전주시 덕진구 산정동,경상사고,0,0,1,0,차대사람 - 횡단중,안전운전불이행,건조,맑음,교차로 - 교차로부근,승용,남,35세,상해없음,보행자,남,6세,경상
2017081200100321,2017년 8월 12일 13시,토요일,전라북도 김제시 하동,경상사고,0,0,2,0,차대차 - 측면충돌,불법유턴,건조,맑음,단일로 - 기타,승용,남,59세,상해없음,승용,남,59세,경상
2017081200100384,2017년 8월 12일 15시,토요일,전라북도 군산시 개정면,중상사고,0,1,0,0,차대차 - 추돌,안전거리미확보,건조,맑음,단일로 - 기타,승용,여,46세,상해없음,농기계,남,42세,중상
2017081200100385,2017년 8월 12일 15시,토요일,전라북도 군산시 대야면,경상사고,0,0,1,0,차량단독 - 전도전복 - 전도,안전운전불이행,건조,맑음,단일로 - 기타,이륜,남,21세,경상,,,,
2017081200100386,2017년 8월 12일 15시,토요일,전라북도 익산시 금마면,경상사고,0,0,9,0,차대차 - 측면충돌,안전운전불이행,건조,맑음,단일로 - 기타,승용,여,43세,경상,승용,남,44세,경상
2017081200100405,2017년 8월 12일 16시,토요일,전라북도 익산시 영등동,경상사고,0,0,3,0,차대차 - 추돌,안전운전불이행,건조,맑음,단일로 - 기타,승용,남,28세,상해없음,승용,여,35세,경상
2017081200100406,2017년 8월 12일 16시,토요일,전라북도 부안군 변산면,중상사고,0,1,0,0,차대사람 - 기타,불법유턴,건조,맑음,주차장 - 주차장,승용,여,42세,상해없음,보행자,남,82세,중상
2017081200100431,2017년 8월 12일 17시,토요일,전라북도 전주시 덕진구 호성동1가,중상사고,0,1,0,0,차대사람 - 기타,안전운전불이행,건조,맑음,단일로 - 기타,자전거,남,41세,상해없음,보행자,여,55세,중상
2017081200100432,2017년 8월 12일 17시,토요일,전라북도 부안군 부안읍,경상사고,0,0,1,0,차대차 - 추돌,안전운전불이행,건조,맑음,기타 - 기타,승용,남,49세,상해없음,승용,남,41세,상해없음
2017081200100460,2017년 8월 12일 18시,토요일,전라북도 전주시 완산구 서노송동,경상사고,0,0,1,0,차대사람 - 횡단중,안전운전불이행,건조,맑음,기타 - 기타,기타불명,기타불명,미분류,기타불명,보행자,여,83세,경상
2017081200100461,2017년 8월 12일 18시,토요일,전라북도 익산시 영등동,경상사고,0,0,1,0,차대차 - 측면충돌,안전운전불이행,건조,맑음,단일로 - 기타,원동기,남,17세,경상,승용,남,38세,상해없음
2017081200100462,2017년 8월 12일 18시,토요일,전라북도 남원시 산동면,경상사고,0,0,1,0,차대차 - 정면충돌,중앙선침범,젖음/습기,비,단일로 - 기타,승용,여,68세,상해없음,승용,여,39세,상해없음
2017081200100466,2017년 8월 12일 18시,토요일,전라북도 김제시 금산면,경상사고,0,0,1,0,차대차 - 추돌,안전운전불이행,건조,맑음,단일로 - 기타,승용,남,27세,상해없음,승용,남,62세,상해없음
2017081200100489,2017년 8월 12일 19시,토요일,전라북도 정읍시 수성동,경상사고,0,0,1,0,차대차 - 측면충돌,안전운전불이행,건조,맑음,교차로 - 교차로안,승용,남,50세,상해없음,이륜,남,19세,경상
2017081200100490,2017년 8월 12일 19시,토요일,전라북도 부안군 계화면,중상사고,0,1,0,0,차대차 - 측면충돌,안전운전불이행,건조,맑음,단일로 - 기타,승용,남,60세,상해없음,승용,남,47세,중상
2017081200100520,2017년 8월 12일 20시,토요일,전라북도 전주시 완산구 삼천동1가,경상사고,0,0,3,0,차대차 - 측면충돌,직진우회전진행방해,건조,맑음,교차로 - 교차로안,화물,남,45세,상해없음,승용,남,26세,경상
2017081200100596,2017년 8월 12일 23시,토요일,전라북도 군산시 회현면,경상사고,0,0,2,0,차대차 - 추돌,안전운전불이행,건조,맑음,단일로 - 기타,승용,남,30세,상해없음,승용,남,30세,경상
2017081200100597,2017년 8월 12일 23시,토요일,전라북도 정읍시 농소동,경상사고,0,0,5,0,차대차 - 측면충돌,안전운전불이행,젖음/습기,비,교차로 - 교차로안,승용,남,18세,경상,승용,남,31세,경상
2017081300100067,2017년 8월 13일 03시,일요일,전라북도 익산시 마동,중상사고,0,2,0,0,차대차 - 측면충돌,안전운전불이행,건조,맑음,교차로 - 교차로안,승용,남,31세,상해없음,승용,남,54세,상해없음
2017081300100144,2017년 8월 13일 10시,일요일,전라북도 익산시 마동,중상사고,0,2,0,0,차대사람 - 횡단중,보행자보호의무위반,젖음/습기,비,교차로 - 교차로횡단보도내,승용,남,42세,상해없음,보행자,여,67세,중상
2017081300100145,2017년 8월 13일 10시,일요일,전라북도 김제시 용지면,중상사고,0,1,0,0,차대사람 - 횡단중,안전운전불이행,건조,맑음,단일로 - 기타,승용,남,39세,상해없음,보행자,여,73세,중상
2017081300100146,2017년 8월 13일 10시,일요일,전라북도 완주군 운주면,중상사고,0,1,4,0,차대차 - 추돌,안전거리미확보,건조,맑음,교차로 - 교차로안,화물,남,47세,상해없음,승용,남,29세,경상
2017081300100164,2017년 8월 13일 11시,일요일,전라북도 부안군 상서면,중상사고,0,1,0,0,차대차 - 측면충돌,직진우회전진행방해,건조,맑음,교차로 - 교차로안,이륜,남,79세,중상,화물,남,58세,상해없음
2017081300100231,2017년 8월 13일 14시,일요일,전라북도 익산시 모현동2가,경상사고,0,0,4,0,차대차 - 정면충돌,중앙선침범,젖음/습기,흐림,단일로 - 기타,승용,여,52세,상해없음,승용,남,46세,경상
2017081300100298,2017년 8월 13일 17시,일요일,전라북도 순창군 금과면,경상사고,0,0,4,0,차대차 - 추돌,안전거리미확보,젖음/습기,비,단일로 - 기타,승용,여,30세,상해없음,승용,남,44세,경상
2017081300100323,2017년 8월 13일 18시,일요일,전라북도 군산시 구암동,경상사고,0,0,1,0,차대차 - 측면충돌,신호위반,젖음/습기,비,교차로 - 교차로안,승용,여,62세,상해없음,이륜,남,34세,경상
2017081300100382,2017년 8월 13일 20시,일요일,전라북도 군산시 나운동,중상사고,0,1,0,0,차대차 - 측면충돌,안전운전불이행,젖음/습기,비,단일로 - 기타,승용,남,26세,상해없음,이륜,남,23세,중상
2017081300100383,2017년 8월 13일 20시,일요일,전라북도 군산시 소룡동,경상사고,0,0,2,0,차대차 - 측면충돌,신호위반,젖음/습기,비,교차로 - 교차로안,화물,남,66세,상해없음,화물,여,54세,경상
2017081300100384,2017년 8월 13일 20시,일요일,전라북도 김제시 황산면,경상사고,0,0,1,0,차대차 - 추돌,안전운전불이행,젖음/습기,비,단일로 - 기타,승용,남,34세,상해없음,승용,여,50세,경상
2017081300100417,2017년 8월 13일 21시,일요일,전라북도 전주시 덕진구 덕진동1가,경상사고,0,0,1,0,차대차 - 측면충돌,안전거리미확보,건조,맑음,교차로 - 교차로안,화물,남,58세,상해없음,승용,남,33세,경상
2017081300100418,2017년 8월 13일 21시,일요일,전라북도 완주군 고산면,경상사고,0,0,2,0,차대차 - 측면충돌,안전운전불이행,젖음/습기,비,교차로 - 교차로안,승용,남,39세,상해없음,승용,남,34세,경상
2017081300100441,2017년 8월 13일 22시,일요일,전라북도 전주시 완산구 효자동2가,경상사고,0,0,1,0,차대차 - 측면충돌,신호위반,젖음/습기,비,교차로 - 교차로안,승용,남,49세,상해없음,승용,남,49세,경상
2017081300100458,2017년 8월 13일 23시,일요일,전라북도 전주시 완산구 효자동3가,경상사고,0,0,1,0,차대차 - 측면충돌,안전운전불이행,젖음/습기,비,교차로 - 교차로안,승용,남,20세,상해없음,승용,남,23세,경상
2017081400100044,2017년 8월 14일 01시,월요일,전라북도 전주시 완산구 삼천동1가,중상사고,0,1,0,0,차대사람 - 횡단중,안전운전불이행,젖음/습기,비,단일로 - 기타,승용,남,29세,상해없음,보행자,남,66세,중상
2017081400100046,2017년 8월 14일 01시,월요일,전라북도 익산시 왕궁면,경상사고,0,0,1,0,차량단독 - 공작물충돌,안전운전불이행,젖음/습기,비,단일로 - 기타,승용,남,48세,상해없음,,,,
2017081400100128,2017년 8월 14일 08시,월요일,전라북도 전주시 완산구 중화산동2가,경상사고,0,0,1,0,차대차 - 측면충돌,신호위반,건조,맑음,교차로 - 교차로안,승용,남,39세,상해없음,승용,여,49세,경상
2017081400100129,2017년 8월 14일 08시,월요일,전라북도 익산시 모현동2가,경상사고,0,0,1,0,차대차 - 측면충돌,신호위반,젖음/습기,비,교차로 - 교차로안,화물,남,31세,상해없음,승용,남,48세,경상
2017081400100160,2017년 8월 14일 09시,월요일,전라북도 전주시 완산구 전동,중상사고,0,1,0,0,차대사람 - 기타,안전운전불이행,건조,맑음,단일로 - 기타,승합,남,47세,상해없음,보행자,남,68세,중상
2017081400100161,2017년 8월 14일 09시,월요일,전라북도 전주시 덕진구 덕진동2가,경상사고,0,0,1,0,차대차 - 측면충돌,신호위반,젖음/습기,비,교차로 - 교차로안,승용,남,57세,상해없음,승용,남,27세,경상
2017081400100162,2017년 8월 14일 09시,월요일,전라북도 남원시 향교동,중상사고,0,1,1,0,차대차 - 측면충돌,차로위반,젖음/습기,비,단일로 - 기타,승용,남,66세,상해없음,승용,남,62세,경상
2017081400100187,2017년 8월 14일 10시,월요일,전라북도 익산시 신동,경상사고,0,0,2,0,차대차 - 측면충돌,안전운전불이행,젖음/습기,비,단일로 - 기타,승용,남,51세,상해없음,승용,여,58세,경상
2017081400100232,2017년 8월 14일 11시,월요일,전라북도 정읍시 시기동,중상사고,0,1,3,0,차대차 - 측면충돌,직진우회전진행방해,젖음/습기,비,교차로 - 교차로안,승용,여,67세,경상,승용,남,45세,경상
2017081400100233,2017년 8월 14일 11시,월요일,전라북도 남원시 산내면,경상사고,0,0,3,0,차대차 - 측면충돌,중앙선침범,젖음/습기,비,단일로 - 기타,승용,남,39세,상해없음,승용,남,42세,경상
2017081400100270,2017년 8월 14일 12시,월요일,전라북도 전주시 완산구 남노송동,경상사고,0,0,8,0,차대차 - 측면충돌,불법유턴,젖음/습기,비,교차로 - 교차로부근,승용,여,60세,경상,승용,남,36세,경상
2017081400100271,2017년 8월 14일 12시,월요일,전라북도 전주시 덕진구 인후동1가,경상사고,0,0,1,0,차대차 - 기타,안전운전불이행,젖음/습기,비,단일로 - 기타,승용,남,39세,상해없음,자전거,남,65세,경상
2017081400100365,2017년 8월 14일 14시,월요일,전라북도 전주시 완산구 중노송동,경상사고,0,0,1,0,차대차 - 추돌,안전운전불이행,젖음/습기,비,교차로 - 교차로부근,화물,남,47세,상해없음,승용,여,67세,경상
2017081400100436,2017년 8월 14일 16시,월요일,전라북도 전주시 완산구 서서학동,경상사고,0,0,1,0,차대차 - 기타,신호위반,건조,맑음,교차로 - 교차로안,화물,남,26세,상해없음,이륜,남,38세,경상
2017081400100483,2017년 8월 14일 17시,월요일,전라북도 전주시 덕진구 우아동3가,중상사고,0,3,1,0,차대차 - 측면충돌,직진우회전진행방해,젖음/습기,흐림,교차로 - 교차로안,승용,남,61세,상해없음,화물,남,28세,중상
2017081400100484,2017년 8월 14일 17시,월요일,전라북도 익산시 영등동,경상사고,0,0,2,0,차대차 - 추돌,안전운전불이행,젖음/습기,비,단일로 - 기타,화물,남,63세,상해없음,승용,남,45세,경상
2017081400100516,2017년 8월 14일 18시,월요일,전라북도 익산시 부송동,중상사고,0,1,0,0,차대차 - 기타,안전거리미확보,젖음/습기,비,단일로 - 기타,승용,남,55세,상해없음,이륜,남,20세,중상
2017081400100565,2017년 8월 14일 19시,월요일,전라북도 전주시 덕진구 인후동2가,중상사고,0,1,0,0,차대차 - 측면충돌,안전거리미확보,건조,맑음,단일로 - 기타,승용,남,49세,상해없음,이륜,남,27세,중상
2017081400100608,2017년 8월 14일 20시,월요일,전라북도 전주시 덕진구 우아동3가,중상사고,0,1,0,0,차대사람 - 횡단중,안전운전불이행,건조,맑음,교차로 - 교차로안,승용,남,32세,상해없음,보행자,남,43세,중상
2017081400100609,2017년 8월 14일 20시,월요일,전라북도 군산시 구암동,경상사고,0,0,3,0,차대차 - 추돌,안전운전불이행,건조,맑음,교차로 - 교차로부근,승용,여,36세,경상,승용,남,50세,경상
2017081400100610,2017년 8월 14일 20시,월요일,전라북도 김제시 신풍동,중상사고,0,1,0,0,차대차 - 측면충돌,직진우회전진행방해,건조,맑음,교차로 - 교차로안,승용,여,60세,상해없음,이륜,남,50세,중상
2017081400100611,2017년 8월 14일 20시,월요일,전라북도 남원시 죽항동,경상사고,0,0,1,0,차대사람 - 횡단중,신호위반,젖음/습기,비,교차로 - 교차로안,승합,남,66세,상해없음,보행자,여,59세,경상
2017081400100650,2017년 8월 14일 21시,월요일,전라북도 익산시 춘포면,중상사고,0,1,0,0,차대사람 - 횡단중,안전운전불이행,젖음/습기,비,단일로 - 기타,화물,남,38세,상해없음,보행자,여,44세,중상
2017081400100679,2017년 8월 14일 22시,월요일,전라북도 익산시 영등동,경상사고,0,0,2,0,차대차 - 추돌,안전운전불이행,건조,맑음,단일로 - 기타,승용,남,39세,상해없음,승용,남,31세,경상
2017081400100680,2017년 8월 14일 22시,월요일,전라북도 남원시 도통동,경상사고,0,0,1,0,차대차 - 측면충돌,안전운전불이행,젖음/습기,비,단일로 - 기타,승용,남,57세,상해없음,이륜,남,21세,경상
2017081400100681,2017년 8월 14일 22시,월요일,전라북도 완주군 봉동읍,경상사고,0,0,3,0,차대차 - 추돌,안전운전불이행,젖음/습기,비,단일로 - 기타,화물,남,49세,상해없음,승용,남,37세,경상
2017081500100025,2017년 8월 15일 00시,화요일,전라북도 전주시 완산구 중화산동2가,중상사고,0,1,1,0,차대차 - 측면충돌,직진우회전진행방해,건조,맑음,교차로 - 교차로안,승용,남,28세,상해없음,승용,남,61세,경상
2017081500100077,2017년 8월 15일 03시,화요일,전라북도 군산시 소룡동,중상사고,0,1,1,0,차대차 - 측면충돌,신호위반,젖음/습기,비,교차로 - 교차로안,승용,여,55세,경상,승용,남,65세,중상
2017081500100078,2017년 8월 15일 03시,화요일,전라북도 임실군 삼계면,경상사고,0,0,1,0,차대차 - 기타,안전운전불이행,건조,흐림,단일로 - 기타,승용,남,28세,상해없음,승용,남,55세,경상
2017081500100079,2017년 8월 15일 03시,화요일,전라북도 임실군 삼계면,중상사고,0,1,0,0,차대차 - 추돌,안전운전불이행,건조,맑음,단일로 - 기타,승용,남,31세,상해없음,승용,남,28세,상해없음
2017081500100092,2017년 8월 15일 04시,화요일,전라북도 장수군 장계면,경상사고,0,0,1,0,차량단독 - 주/정차차량 충돌,안전운전불이행,젖음/습기,흐림,교차로 - 교차로부근,승용,남,18세,상해없음,,,,
2017081500100113,2017년 8월 15일 05시,화요일,전라북도 전주시 덕진구 송천동1가,경상사고,0,0,1,0,차대사람 - 횡단중,안전운전불이행,건조,맑음,단일로 - 기타,승용,남,58세,상해없음,보행자,남,79세,경상
2017081500100165,2017년 8월 15일 09시,화요일,전라북도 완주군 경천면,사망사고,1,0,0,0,차량단독 - 전도전복 - 전도,안전운전불이행,젖음/습기,비,기타 - 기타,농기계,남,85세,사망,,,,
2017081500100185,2017년 8월 15일 11시,화요일,전라북도 군산시 임피면,경상사고,0,0,1,0,차대차 - 측면충돌,직진우회전진행방해,건조,맑음,교차로 - 교차로안,승합,남,69세,상해없음,승용,여,38세,경상
2017081500100186,2017년 8월 15일 11시,화요일,전라북도 익산시 함라면,경상사고,0,0,2,0,차대차 - 측면충돌,신호위반,젖음/습기,비,교차로 - 교차로안,승용,남,37세,상해없음,화물,남,45세,경상
2017081500100225,2017년 8월 15일 13시,화요일,전라북도 전주시 완산구 효자동3가,경상사고,0,0,1,0,차대차 - 측면충돌,안전운전불이행,건조,맑음,단일로 - 기타,승용,남,50세,상해없음,승용,여,29세,경상
2017081500100226,2017년 8월 15일 13시,화요일,전라북도 전주시 덕진구 호성동1가,경상사고,0,0,1,0,차대차 - 추돌,안전운전불이행,건조,맑음,단일로 - 기타,승용,남,75세,상해없음,승용,남,27세,경상
2017081500100254,2017년 8월 15일 14시,화요일,전라북도 전주시 완산구 동서학동,경상사고,0,0,1,0,차대차 - 측면충돌,안전운전불이행,건조,맑음,단일로 - 기타,승용,남,54세,상해없음,승용,여,57세,경상
2017081500100255,2017년 8월 15일 14시,화요일,전라북도 정읍시 태인면,중상사고,0,3,2,0,차대차 - 측면충돌,안전운전불이행,건조,흐림,교차로 - 교차로안,승용,여,39세,경상,승용,남,34세,중상
2017081500100283,2017년 8월 15일 15시,화요일,전라북도 고창군 고수면,경상사고,0,0,3,0,차대차 - 측면충돌,신호위반,젖음/습기,비,교차로 - 교차로안,승용,남,49세,상해없음,화물,여,63세,상해없음
2017081500100310,2017년 8월 15일 16시,화요일,전라북도 익산시 영등동,경상사고,0,0,1,0,차대차 - 측면충돌,안전거리미확보,젖음/습기,비,단일로 - 기타,승용,남,59세,상해없음,승용,남,57세,상해없음
2017081500100311,2017년 8월 15일 16시,화요일,전라북도 순창군 인계면,중상사고,0,1,0,0,차량단독 - 전도전복,안전운전불이행,젖음/습기,흐림,교차로 - 교차로안,화물,남,58세,중상,미분류,미분류,미분류,미분류
2017081500100331,2017년 8월 15일 17시,화요일,전라북도 김제시 용지면,경상사고,0,0,1,0,차대차 - 추돌,안전운전불이행,젖음/습기,흐림,단일로 - 기타,화물,남,57세,상해없음,승용,여,44세,경상
2017081500100366,2017년 8월 15일 18시,화요일,전라북도 전주시 덕진구 산정동,중상사고,0,1,1,0,차대차 - 측면충돌,안전거리미확보,건조,맑음,단일로 - 기타,승용,남,20세,상해없음,승용,남,46세,경상
2017081500100398,2017년 8월 15일 19시,화요일,전라북도 전주시 완산구 효자동2가,경상사고,0,0,1,0,차대차 - 정면충돌,신호위반,젖음/습기,흐림,교차로 - 교차로안,승용,남,22세,상해없음,이륜,남,40세,경상
2017081500100399,2017년 8월 15일 19시,화요일,전라북도 군산시 나운동,경상사고,0,0,1,0,차대차 - 측면충돌,안전운전불이행,건조,맑음,단일로 - 기타,승용,여,58세,상해없음,승용,여,55세,경상
2017081500100400,2017년 8월 15일 19시,화요일,전라북도 익산시 덕기동,경상사고,0,0,2,0,차대차 - 측면충돌,안전운전불이행,젖음/습기,흐림,단일로 - 기타,승용,남,20세,상해없음,승용,여,53세,경상
2017081500100436,2017년 8월 15일 20시,화요일,전라북도 전주시 완산구 서신동,경상사고,0,0,2,0,차대차 - 측면충돌,신호위반,젖음/습기,흐림,교차로 - 교차로안,승용,여,31세,경상,승용,남,26세,경상
2017081500100437,2017년 8월 15일 20시,화요일,전라북도 익산시 영등동,경상사고,0,0,1,0,차대사람 - 횡단중,안전운전불이행,젖음/습기,맑음,단일로 - 기타,기타불명,기타불명,미분류,기타불명,보행자,남,66세,경상
2017081500100471,2017년 8월 15일 21시,화요일,전라북도 전주시 덕진구 인후동1가,경상사고,0,0,1,0,차대사람 - 횡단중,안전운전불이행,젖음/습기,흐림,교차로 - 교차로안,승용,남,61세,상해없음,보행자,남,9세,경상
2017081500100524,2017년 8월 15일 23시,화요일,전라북도 군산시 옥산면,경상사고,0,0,1,0,차량단독 - 전도전복 - 전도,안전운전불이행,건조,맑음,단일로 - 기타,승용,남,21세,경상,,,,
2017081600100079,2017년 8월 16일 04시,수요일,전라북도 전주시 완산구 효자동3가,경상사고,0,0,3,0,차대차 - 측면충돌,안전거리미확보,건조,맑음,단일로 - 기타,승용,남,26세,상해없음,승용,남,21세,경상
2017081600100109,2017년 8월 16일 07시,수요일,전라북도 전주시 덕진구 팔복동2가,경상사고,0,0,1,0,차대차 - 측면충돌,안전거리미확보,젖음/습기,흐림,단일로 - 기타,승용,남,45세,상해없음,이륜,남,77세,경상
2017081600100136,2017년 8월 16일 08시,수요일,전라북도 군산시 대야면,경상사고,0,0,1,0,차대차 - 추돌,안전거리미확보,건조,흐림,단일로 - 기타,승용,여,51세,상해없음,승용,여,48세,경상
2017081600100137,2017년 8월 16일 08시,수요일,전라북도 김제시 요촌동,경상사고,0,0,1,0,차대사람 - 횡단중,보행자보호의무위반,건조,맑음,교차로 - 교차로안,화물,남,55세,상해없음,보행자,여,85세,경상
2017081600100138,2017년 8월 16일 08시,수요일,전라북도 남원시 광치동,경상사고,0,0,2,0,차대차 - 추돌,안전운전불이행,젖음/습기,비,단일로 - 기타,승용,여,52세,상해없음,승용,남,66세,경상
2017081600100173,2017년 8월 16일 09시,수요일,전라북도 군산시 서수면,중상사고,0,1,0,0,차대차 - 측면충돌,안전운전불이행,건조,맑음,교차로 - 교차로안,승용,여,59세,상해없음,원동기,남,69세,중상
2017081600100174,2017년 8월 16일 09시,수요일,전라북도 익산시 평화동,경상사고,0,0,1,0,차대차 - 측면충돌,신호위반,건조,맑음,교차로 - 교차로안,승용,남,57세,상해없음,승용,남,56세,경상
2017081600100196,2017년 8월 16일 10시,수요일,전라북도 순창군 적성면,경상사고,0,0,1,0,차대차 - 측면충돌,신호위반,건조,맑음,교차로 - 교차로안,사륜오토바이(ATV),여,70세,경상,승용,남,70세,상해없음
2017081600100302,2017년 8월 16일 14시,수요일,전라북도 전주시 완산구 효자동3가,경상사고,0,0,1,0,차대사람 - 횡단중,안전운전불이행,건조,맑음,교차로 - 교차로안,승용,남,47세,상해없음,보행자,여,31세,경상
2017081600100303,2017년 8월 16일 14시,수요일,전라북도 전주시 덕진구 인후동1가,경상사고,0,0,1,0,차대사람 - 차도통행중,안전운전불이행,건조,맑음,단일로 - 기타,기타불명,기타불명,미분류,기타불명,보행자,남,8세,경상
2017081600100304,2017년 8월 16일 14시,수요일,전라북도 남원시 조산동,경상사고,0,0,1,0,차대차 - 추돌,안전운전불이행,건조,맑음,교차로 - 교차로부근,승용,남,43세,상해없음,화물,남,71세,경상
2017081600100400,2017년 8월 16일 17시,수요일,전라북도 김제시 봉남면,중상사고,0,1,0,0,차대사람 - 횡단중,안전운전불이행,건조,맑음,단일로 - 기타,화물,여,54세,상해없음,보행자,여,77세,중상
2017081600100448,2017년 8월 16일 18시,수요일,전라북도 전주시 덕진구 덕진동2가,경상사고,0,0,1,0,차대차 - 기타,안전운전불이행,건조,맑음,교차로 - 교차로안,승용,남,59세,상해없음,승용,남,59세,경상
2017081600100449,2017년 8월 16일 18시,수요일,전라북도 김제시 광활면,중상사고,0,1,0,0,차대차 - 측면충돌,기타,건조,맑음,교차로 - 교차로안,화물,남,55세,상해없음,승용,남,76세,중상
2017081700100032,2017년 8월 17일 00시,목요일,전라북도 전주시 완산구 중화산동2가,경상사고,0,0,1,0,차대차 - 측면충돌,안전운전불이행,건조,맑음,교차로 - 교차로부근,승용,남,31세,상해없음,승용,남,59세,경상
2017081700100048,2017년 8월 17일 01시,목요일,전라북도 전주시 덕진구 여의동,경상사고,0,0,2,0,차대차 - 추돌,안전운전불이행,건조,맑음,교차로 - 교차로부근,승용,남,55세,상해없음,승용,남,54세,상해없음
2017081700100076,2017년 8월 17일 04시,목요일,전라북도 전주시 완산구 서완산동1가,경상사고,0,0,1,0,차대차 - 기타,신호위반,건조,맑음,교차로 - 교차로안,승용,남,55세,상해없음,승용,남,46세,경상
2017081700100099,2017년 8월 17일 06시,목요일,전라북도 군산시 오식도동,경상사고,0,0,1,0,차대차 - 측면충돌,신호위반,건조,맑음,교차로 - 교차로안,승용,남,47세,상해없음,승용,남,50세,경상
2017081700100113,2017년 8월 17일 07시,목요일,전라북도 완주군 삼례읍,중상사고,0,1,0,0,차대차 - 측면충돌,안전운전불이행,건조,맑음,단일로 - 기타,자전거,남,76세,중상,승용,남,35세,상해없음
2017081700100282,2017년 8월 17일 13시,목요일,전라북도 전주시 덕진구 덕진동2가,중상사고,0,1,0,0,차대사람 - 횡단중,보행자보호의무위반,건조,맑음,교차로 - 교차로횡단보도내,승용,남,40세,상해없음,보행자,여,68세,중상
2017081700100339,2017년 8월 17일 15시,목요일,전라북도 임실군 지사면,중상사고,0,1,0,0,차대차 - 기타,안전운전불이행,건조,맑음,교차로 - 교차로안,화물,남,54세,상해없음,이륜,남,70세,중상
2017081700100376,2017년 8월 17일 16시,목요일,전라북도 익산시 모현동1가,경상사고,0,0,2,0,차대차 - 측면충돌,안전운전불이행,건조,맑음,교차로 - 교차로안,승용,여,54세,상해없음,승용,남,33세,경상
2017081700100377,2017년 8월 17일 16시,목요일,전라북도 고창군 해리면,경상사고,0,0,2,0,차대차 - 측면충돌,직진우회전진행방해,건조,맑음,교차로 - 교차로안,승합,여,57세,상해없음,승용,남,58세,경상
2017081700100378,2017년 8월 17일 16시,목요일,전라북도 임실군 오수면,중상사고,0,1,0,0,차대사람 - 기타,불법유턴,건조,맑음,단일로 - 기타,특수,남,47세,상해없음,보행자,여,73세,중상
2017081700100461,2017년 8월 17일 18시,목요일,전라북도 전주시 완산구 동완산동,사망사고,1,0,0,0,차대사람 - 차도통행중,안전운전불이행,건조,맑음,단일로 - 기타,승용,여,44세,상해없음,보행자,여,85세,사망
2017081700100462,2017년 8월 17일 18시,목요일,전라북도 군산시 산북동,중상사고,0,1,0,0,차대차 - 기타,안전운전불이행,건조,맑음,단일로 - 기타,승용,여,28세,상해없음,자전거,남,56세,중상
2017081700100463,2017년 8월 17일 18시,목요일,전라북도 완주군 삼례읍,경상사고,0,0,1,0,차대차 - 측면충돌,교차로운행방법위반,건조,맑음,교차로 - 교차로안,농기계,남,81세,경상,승합,여,42세,상해없음
2017081700100488,2017년 8월 17일 19시,목요일,전라북도 군산시 개정면,경상사고,0,0,1,0,차대차 - 기타,안전운전불이행,건조,맑음,교차로 - 교차로안,승용,여,64세,상해없음,승용,여,39세,상해없음
2017081700100522,2017년 8월 17일 20시,목요일,전라북도 전주시 덕진구 용정동,중상사고,0,1,0,0,차대차 - 측면충돌,안전거리미확보,건조,맑음,단일로 - 기타,화물,남,67세,상해없음,승용,남,63세,상해없음
2017081700100523,2017년 8월 17일 20시,목요일,전라북도 익산시 남중동,경상사고,0,0,1,0,차대차 - 측면충돌,신호위반,젖음/습기,비,교차로 - 교차로안,원동기,남,45세,상해없음,승용,남,26세,경상
2017081700100606,2017년 8월 17일 23시,목요일,전라북도 정읍시 농소동,중상사고,0,1,0,0,차량단독 - 공작물충돌,안전운전불이행,건조,맑음,단일로 - 기타,승용,남,35세,중상,,,,
2017081800100060,2017년 8월 18일 05시,금요일,전라북도 전주시 덕진구 호성동1가,경상사고,0,0,1,0,차대차 - 측면충돌,기타,건조,맑음,교차로 - 교차로안,승용,남,47세,상해없음,승용,남,44세,경상
2017081800100157,2017년 8월 18일 09시,금요일,전라북도 전주시 완산구 서신동,경상사고,0,0,1,0,차대차 - 측면충돌,신호위반,건조,맑음,교차로 - 교차로안,승용,여,54세,상해없음,승용,남,32세,경상
2017081800100158,2017년 8월 18일 09시,금요일,전라북도 완주군 화산면,경상사고,0,0,2,0,차량단독 - 전도전복 - 전도,안전운전불이행,건조,맑음,단일로 - 기타,화물,남,40세,상해없음,,,,
2017081800100208,2017년 8월 18일 11시,금요일,전라북도 전주시 완산구 서서학동,경상사고,0,0,1,0,차대차 - 측면충돌,신호위반,건조,맑음,교차로 - 교차로안,승용,남,67세,상해없음,승용,남,40세,경상