사고번호,사고일시,요일,시군구,사고내용,사망자수,중상자수,경상자수,부상신고자수,사고유형,법규위반,노면상태,기상상태,도로형태,가해운전자 차종,가해운전자 성별,가해운전자 연령,가해운전자 상해정도,피해운전자 차종,피해운전자 성별,피해운전자 연령,피해운전자 상해정도
2017090300100201,2017년 9월 3일 12시,일요일,전라북도 남원시 덕과면,사망사고,1,0,0,0,차량단독 - 전도전복 - 전복,안전운전불이행,건조,맑음,단일로 - 기타,자전거,남,72세,사망,,,,
2017090300100202,2017년 9월 3일 12시,일요일,전라북도 완주군 구이면,중상사고,0,1,1,0,차대차 - 측면충돌,교차로운행방법위반,건조,맑음,교차로 - 교차로안,화물,남,53세,상해없음,승용,남,62세,경상
2017090300100229,2017년 9월 3일 13시,일요일,전라북도 익산시 어양동,경상사고,0,0,1,0,차대사람 - 횡단중,안전운전불이행,건조,맑음,단일로 - 기타,승합,남,40세,상해없음,보행자,남,12세,경상
2017090300100256,2017년 9월 3일 14시,일요일,전라북도 전주시 완산구 경원동3가,경상사고,0,0,3,0,차대차 - 추돌,안전거리미확보,건조,맑음,단일로 - 기타,승용,남,64세,상해없음,승용,남,49세,경상
2017090300100257,2017년 9월 3일 14시,일요일,전라북도 전주시 덕진구 금상동,중상사고,0,1,4,0,차대차 - 추돌,안전거리미확보,건조,맑음,단일로 - 기타,승용,남,40세,경상,승용,남,28세,상해없음
2017090300100258,2017년 9월 3일 14시,일요일,전라북도 군산시 내흥동,중상사고,0,1,0,0,차대차 - 기타,기타,건조,맑음,단일로 - 기타,승합,남,64세,상해없음,특수,남,47세,상해없음
2017090300100259,2017년 9월 3일 14시,일요일,전라북도 익산시 팔봉동,경상사고,0,0,4,0,차대차 - 추돌,안전거리미확보,건조,맑음,단일로 - 기타,승용,남,52세,상해없음,승용,남,49세,경상
2017090300100260,2017년 9월 3일 14시,일요일,전라북도 무주군 무주읍,경상사고,0,0,1,0,차대차 - 측면충돌,안전운전불이행,건조,맑음,교차로 - 교차로안,승용,여,54세,상해없음,이륜,남,29세,경상
2017090300100313,2017년 9월 3일 16시,일요일,전라북도 전주시 덕진구 금암동,경상사고,0,0,3,0,차대차 - 측면충돌,안전거리미확보,건조,맑음,단일로 - 기타,승용,남,24세,상해없음,승용,남,35세,경상
2017090300100314,2017년 9월 3일 16시,일요일,전라북도 군산시,경상사고,0,0,5,0,차대차 - 기타,안전운전불이행,건조,맑음,단일로 - 기타,승합,여,40세,상해없음,승용,남,44세,경상
2017090300100350,2017년 9월 3일 17시,일요일,전라북도 익산시 목천동,중상사고,0,1,0,0,차대차 - 정면충돌,안전운전불이행,건조,맑음,단일로 - 기타,화물,남,65세,상해없음,자전거,남,67세,중상
2017090300100385,2017년 9월 3일 18시,일요일,전라북도 군산시 서흥남동,경상사고,0,0,2,0,차대차 - 기타,교차로운행방법위반,건조,맑음,교차로 - 교차로안,승용,남,45세,상해없음,이륜,남,18세,경상
2017090300100414,2017년 9월 3일 19시,일요일,전라북도 정읍시 상동,경상사고,0,0,1,0,차대차 - 측면충돌,직진우회전진행방해,건조,맑음,교차로 - 교차로안,승용,남,49세,상해없음,승용,여,48세,경상
2017090300100415,2017년 9월 3일 19시,일요일,전라북도 정읍시 공평동,중상사고,0,1,0,0,차대사람 - 횡단중,신호위반,건조,맑음,교차로 - 교차로횡단보도내,승용,남,36세,상해없음,보행자,남,13세,중상
2017090300100416,2017년 9월 3일 19시,일요일,전라북도 고창군 고창읍,중상사고,0,1,0,0,차량단독 - 공작물충돌,안전운전불이행,건조,맑음,단일로 - 기타,화물,남,65세,상해없음,,,,
2017090300100449,2017년 9월 3일 20시,일요일,전라북도 군산시 삼학동,경상사고,0,0,1,0,차대차 - 측면충돌,중앙선침범,건조,맑음,단일로 - 기타,승용,남,75세,상해없음,원동기,남,18세,경상
2017090300100472,2017년 9월 3일 21시,일요일,전라북도 전주시 덕진구 금암동,경상사고,0,0,2,0,차대차 - 기타,안전운전불이행,건조,맑음,교차로 - 교차로안,승합,남,60세,상해없음,승용,남,52세,상해없음
2017090300100490,2017년 9월 3일 22시,일요일,전라북도 전주시 완산구 서노송동,경상사고,0,0,1,0,차대차 - 기타,안전거리미확보,건조,맑음,단일로 - 기타,승용,남,55세,상해없음,승용,남,36세,경상
2017090300100507,2017년 9월 3일 23시,일요일,전라북도 전주시 덕진구 인후동2가,경상사고,0,0,2,0,차대차 - 측면충돌,안전운전불이행,건조,맑음,단일로 - 기타,승용,남,68세,상해없음,승용,남,27세,경상
2017090400100025,2017년 9월 4일 00시,월요일,전라북도 익산시 황등면,경상사고,0,0,1,0,차대차 - 정면충돌,안전운전불이행,건조,맑음,단일로 - 기타,화물,남,57세,상해없음,승용,여,29세,경상
2017090400100032,2017년 9월 4일 01시,월요일,전라북도 전주시 완산구 효자동3가,중상사고,0,1,0,0,차대사람 - 기타,안전운전불이행,건조,맑음,교차로 - 교차로횡단보도내,승용,남,27세,기타불명,보행자,여,31세,중상
2017090400100069,2017년 9월 4일 06시,월요일,전라북도 정읍시 연지동,경상사고,0,0,1,0,차대차 - 측면충돌,직진우회전진행방해,건조,흐림,교차로 - 교차로안,승용,남,33세,상해없음,승용,남,53세,경상
2017090400100130,2017년 9월 4일 08시,월요일,전라북도 군산시 나운동,경상사고,0,0,1,0,차대차 - 측면충돌,신호위반,건조,맑음,단일로 - 기타,승용,남,76세,상해없음,자전거,남,20세,경상
2017090400100193,2017년 9월 4일 10시,월요일,전라북도 전주시 덕진구 송천동1가,경상사고,0,0,2,0,차대차 - 측면충돌,안전운전불이행,건조,맑음,교차로 - 교차로안,이륜,남,51세,경상,승용,여,32세,경상
2017090400100225,2017년 9월 4일 11시,월요일,전라북도 익산시 왕궁면,경상사고,0,0,1,0,차대차 - 측면충돌,차로위반,건조,맑음,단일로 - 기타,승용,여,52세,상해없음,승용,여,40세,경상
2017090400100277,2017년 9월 4일 13시,월요일,전라북도 익산시 황등면,경상사고,0,0,2,0,차대차 - 측면충돌,기타,건조,맑음,교차로 - 교차로안,승합,남,72세,경상,승용,여,47세,경상
2017090400100278,2017년 9월 4일 13시,월요일,전라북도 순창군 쌍치면,경상사고,0,0,1,0,차대차 - 측면충돌,안전운전불이행,건조,맑음,단일로 - 기타,농기계,남,63세,상해없음,농기계,남,81세,경상
2017090400100312,2017년 9월 4일 14시,월요일,전라북도 전주시 덕진구 금암동,경상사고,0,0,1,0,차대차 - 측면충돌,안전운전불이행,건조,맑음,단일로 - 기타,승용,남,27세,상해없음,승합,남,54세,상해없음
2017090400100338,2017년 9월 4일 15시,월요일,전라북도 진안군 진안읍,경상사고,0,0,2,0,차대차 - 추돌,안전운전불이행,건조,맑음,교차로 - 교차로부근,화물,남,63세,상해없음,승용,여,58세,경상
2017090400100375,2017년 9월 4일 16시,월요일,전라북도 전주시 완산구 평화동2가,경상사고,0,0,1,0,차대차 - 기타,교차로운행방법위반,건조,맑음,교차로 - 교차로안,승용,남,65세,상해없음,승합,남,51세,상해없음
2017090400100376,2017년 9월 4일 16시,월요일,전라북도 전주시 완산구 효자동1가,중상사고,0,1,0,0,차대사람 - 보도통행중,기타,건조,맑음,단일로 - 기타,승용,남,46세,상해없음,보행자,여,64세,중상
2017090400100377,2017년 9월 4일 16시,월요일,전라북도 전주시 덕진구 팔복동2가,경상사고,0,0,1,0,차대차 - 기타,안전운전불이행,건조,맑음,단일로 - 기타,승용,남,56세,상해없음,승용,여,48세,경상
2017090400100426,2017년 9월 4일 17시,월요일,전라북도 완주군 구이면,중상사고,0,1,2,0,차대차 - 측면충돌,중앙선침범,건조,맑음,교차로 - 교차로안,화물,남,60세,상해없음,승용,여,65세,중상
2017090400100455,2017년 9월 4일 18시,월요일,전라북도 전주시 덕진구 인후동2가,경상사고,0,0,1,0,차대차 - 추돌,안전운전불이행,건조,맑음,단일로 - 기타,승용,남,72세,상해없음,승용,남,50세,상해없음
2017090400100492,2017년 9월 4일 19시,월요일,전라북도 군산시 개정면,경상사고,0,0,1,0,차대차 - 측면충돌,안전거리미확보,건조,맑음,단일로 - 기타,특수,남,34세,상해없음,승용,남,37세,경상
2017090400100528,2017년 9월 4일 20시,월요일,전라북도 전주시 덕진구 송천동1가,경상사고,0,0,1,0,차대차 - 측면충돌,안전거리미확보,건조,흐림,교차로 - 교차로부근,승용,남,67세,상해없음,승합,남,54세,경상
2017090400100529,2017년 9월 4일 20시,월요일,전라북도 군산시 서흥남동,경상사고,0,0,1,0,차대차 - 추돌,안전운전불이행,건조,맑음,교차로 - 교차로부근,승용,남,63세,상해없음,승용,여,53세,경상
2017090400100558,2017년 9월 4일 21시,월요일,전라북도 군산시 구암동,경상사고,0,0,1,0,차대차 - 추돌,안전운전불이행,건조,맑음,단일로 - 기타,승용,남,36세,상해없음,자전거,여,57세,경상
2017090500100036,2017년 9월 5일 01시,화요일,전라북도 전주시 완산구 중화산동2가,경상사고,0,0,1,0,차대차 - 측면충돌,안전운전불이행,건조,맑음,단일로 - 기타,승용,남,25세,상해없음,승용,남,63세,경상
2017090500100097,2017년 9월 5일 07시,화요일,전라북도 전주시 덕진구 우아동2가,경상사고,0,0,2,0,차대차 - 측면충돌,안전운전불이행,건조,맑음,단일로 - 기타,화물,남,58세,상해없음,승용,여,58세,경상
2017090500100098,2017년 9월 5일 07시,화요일,전라북도 전주시 덕진구 진북동,경상사고,0,0,1,0,차대차 - 측면충돌,안전운전불이행,건조,맑음,기타 - 기타,승용,여,47세,상해없음,자전거,여,63세,경상
2017090500100230,2017년 9월 5일 11시,화요일,전라북도 군산시 내초동,경상사고,0,0,4,0,차대차 - 추돌,안전거리미확보,젖음/습기,비,교차로 - 교차로부근,특수,남,40세,상해없음,승합,남,54세,경상
2017090500100231,2017년 9월 5일 11시,화요일,전라북도 김제시 금구면,경상사고,0,0,2,0,차대차 - 추돌,안전운전불이행,젖음/습기,비,교차로 - 교차로안,화물,남,68세,상해없음,화물,남,44세,경상
2017090500100268,2017년 9월 5일 12시,화요일,전라북도 장수군 장수읍,중상사고,0,1,0,0,차량단독 - 도로외이탈 - 추락,안전운전불이행,젖음/습기,비,기타 - 기타,화물,남,55세,중상,,,,
2017090500100312,2017년 9월 5일 14시,화요일,전라북도 전주시 덕진구 호성동1가,경상사고,0,0,1,0,차대차 - 측면충돌,안전운전불이행,건조,맑음,교차로 - 교차로안,화물,남,36세,상해없음,승용,여,56세,경상
2017090500100377,2017년 9월 5일 16시,화요일,전라북도 전주시 완산구 원당동,경상사고,0,0,2,0,차대차 - 추돌,안전운전불이행,건조,맑음,단일로 - 기타,화물,남,59세,상해없음,승용,남,54세,경상
2017090500100378,2017년 9월 5일 16시,화요일,전라북도 전주시 덕진구 인후동1가,경상사고,0,0,1,0,차대사람 - 횡단중,보행자보호의무위반,건조,맑음,교차로 - 교차로횡단보도내,승용,남,65세,상해없음,보행자,여,7세,경상
2017090500100379,2017년 9월 5일 16시,화요일,전라북도 김제시 하동,경상사고,0,0,1,0,차대차 - 추돌,안전운전불이행,건조,맑음,단일로 - 기타,승용,남,52세,상해없음,승용,여,37세,경상
2017090500100454,2017년 9월 5일 18시,화요일,전라북도 익산시 어양동,경상사고,0,0,1,0,차대차 - 측면충돌,기타,젖음/습기,비,단일로 - 기타,승용,남,36세,상해없음,이륜,남,36세,경상
2017090500100487,2017년 9월 5일 19시,화요일,전라북도 군산시 수송동,중상사고,0,1,1,0,차대차 - 추돌,신호위반,건조,맑음,교차로 - 교차로안,승용,남,50세,중상,승용,여,23세,경상
2017090500100518,2017년 9월 5일 20시,화요일,전라북도 전주시 완산구 서서학동,사망사고,2,0,0,0,차대사람 - 횡단중,안전운전불이행,젖음/습기,비,교차로 - 교차로안,승합,남,49세,상해없음,보행자,남,60세,사망
2017090500100519,2017년 9월 5일 20시,화요일,전라북도 전주시 덕진구 진북동,경상사고,0,0,3,0,차대차 - 정면충돌,중앙선침범,젖음/습기,비,교차로 - 교차로안,화물,남,44세,경상,승합,남,44세,경상
2017090500100520,2017년 9월 5일 20시,화요일,전라북도 전주시 덕진구 덕진동1가,경상사고,0,0,1,0,차대차 - 추돌,안전운전불이행,젖음/습기,비,교차로 - 교차로부근,승용,남,53세,상해없음,승용,여,46세,경상
2017090500100521,2017년 9월 5일 20시,화요일,전라북도 전주시 덕진구 금암동,경상사고,0,0,1,0,차대차 - 추돌,안전운전불이행,젖음/습기,비,교차로 - 교차로부근,화물,남,56세,상해없음,승용,여,56세,경상
2017090500100522,2017년 9월 5일 20시,화요일,전라북도 전주시 덕진구 금암동,경상사고,0,0,1,0,차대차 - 추돌,안전거리미확보,젖음/습기,비,단일로 - 기타,승용,남,60세,상해없음,승용,여,38세,경상
2017090500100523,2017년 9월 5일 20시,화요일,전라북도 익산시 부송동,경상사고,0,0,1,0,차대차 - 기타,신호위반,건조,맑음,교차로 - 교차로안,승합,남,55세,상해없음,원동기,남,34세,경상
2017090500100593,2017년 9월 5일 23시,화요일,전라북도 완주군 이서면,중상사고,0,1,1,0,차대차 - 측면충돌,신호위반,젖음/습기,비,교차로 - 교차로안,승용,남,44세,경상,승용,남,41세,중상
2017090600100070,2017년 9월 6일 05시,수요일,전라북도 군산시 나운동,경상사고,0,0,1,0,차대사람 - 횡단중,보행자보호의무위반,젖음/습기,비,단일로 - 기타,승용,남,47세,상해없음,보행자,여,82세,경상
2017090600100087,2017년 9월 6일 07시,수요일,전라북도 익산시 영등동,중상사고,0,2,0,0,차대차 - 측면충돌,안전운전불이행,젖음/습기,비,교차로 - 교차로안,화물,여,53세,상해없음,승용,여,51세,중상
2017090600100088,2017년 9월 6일 07시,수요일,전라북도 익산시 부송동,경상사고,0,0,2,0,차대차 - 추돌,안전거리미확보,젖음/습기,비,단일로 - 기타,승용,남,59세,상해없음,승용,남,47세,경상
2017090600100189,2017년 9월 6일 10시,수요일,전라북도 전주시 덕진구 인후동1가,경상사고,0,0,1,0,차대차 - 정면충돌,중앙선침범,건조,맑음,단일로 - 기타,승용,남,28세,상해없음,승용,남,25세,경상
2017090600100190,2017년 9월 6일 10시,수요일,전라북도 김제시 서암동,경상사고,0,0,1,0,차대차 - 후진중충돌,안전거리미확보,건조,맑음,단일로 - 기타,화물,남,47세,상해없음,승용,남,73세,경상
2017090600100191,2017년 9월 6일 10시,수요일,전라북도 김제시 서암동,경상사고,0,0,1,0,차대차 - 측면충돌,교차로운행방법위반,건조,맑음,교차로 - 교차로안,승용,여,32세,상해없음,승용,남,56세,경상
2017090600100192,2017년 9월 6일 10시,수요일,전라북도 김제시 공덕면,경상사고,0,0,1,0,차대차 - 기타,안전거리미확보,건조,맑음,단일로 - 기타,승용,남,61세,상해없음,승용,남,23세,경상
2017090600100219,2017년 9월 6일 11시,수요일,전라북도 전주시 덕진구 진북동,중상사고,0,1,0,0,차대차 - 측면충돌,안전운전불이행,건조,흐림,단일로 - 기타,이륜,남,17세,상해없음,자전거,여,67세,중상
2017090600100220,2017년 9월 6일 11시,수요일,전라북도 고창군 고창읍,중상사고,0,1,2,0,차대차 - 측면충돌,신호위반,건조,흐림,교차로 - 교차로안,승용,여,43세,경상,승용,남,67세,중상
2017090600100242,2017년 9월 6일 12시,수요일,전라북도 전주시 덕진구 우아동3가,경상사고,0,0,1,0,차대차 - 측면충돌,안전운전불이행,건조,맑음,교차로 - 교차로안,승용,남,76세,상해없음,승용,여,69세,경상
2017090600100243,2017년 9월 6일 12시,수요일,전라북도 순창군 순창읍,중상사고,0,1,0,0,차대사람 - 횡단중,안전운전불이행,젖음/습기,흐림,단일로 - 기타,화물,남,55세,상해없음,보행자,여,72세,중상
2017090600100339,2017년 9월 6일 15시,수요일,전라북도 군산시 산북동,경상사고,0,0,1,0,차대차 - 측면충돌,안전운전불이행,건조,맑음,단일로 - 지하차도(도로)내,승용,여,54세,상해없음,화물,남,57세,경상
2017090600100340,2017년 9월 6일 15시,수요일,전라북도 익산시 어양동,중상사고,0,1,0,0,차대사람 - 횡단중,안전운전불이행,젖음/습기,비,교차로 - 교차로횡단보도내,승용,여,33세,상해없음,보행자,남,53세,중상
2017090600100372,2017년 9월 6일 16시,수요일,전라북도 군산시 선양동,경상사고,0,0,1,0,차대차 - 추돌,안전거리미확보,건조,맑음,교차로 - 교차로안,승용,남,28세,상해없음,승용,남,56세,경상
2017090600100373,2017년 9월 6일 16시,수요일,전라북도 익산시 마동,경상사고,0,0,1,0,차대차 - 추돌,안전운전불이행,젖음/습기,비,교차로 - 교차로안,승용,남,36세,상해없음,승용,여,47세,경상
2017090600100457,2017년 9월 6일 18시,수요일,전라북도 전주시 완산구 서신동,중상사고,0,1,0,0,차대사람 - 횡단중,안전운전불이행,젖음/습기,흐림,교차로 - 교차로안,승용,여,28세,상해없음,보행자,여,58세,중상
2017090600100458,2017년 9월 6일 18시,수요일,전라북도 전주시 완산구 다가동3가,경상사고,0,0,1,0,차대차 - 측면충돌,불법유턴,젖음/습기,비,단일로 - 기타,승용,남,54세,상해없음,승용,여,54세,경상
2017090600100514,2017년 9월 6일 19시,수요일,전라북도 김제시 신풍동,경상사고,0,0,1,0,차대차 - 측면충돌,안전운전불이행,건조,맑음,교차로 - 교차로안,기타불명,기타불명,미분류,기타불명,자전거,여,16세,경상
2017090600100656,2017년 9월 6일 23시,수요일,전라북도 군산시 소룡동,경상사고,0,0,1,0,차대차 - 측면충돌,안전거리미확보,건조,맑음,단일로 - 지하차도(도로)내,승용,남,60세,상해없음,이륜,남,16세,경상
2017090700100024,2017년 9월 7일 00시,목요일,전라북도 부안군 부안읍,경상사고,0,0,1,0,차량단독 - 공작물충돌,안전운전불이행,젖음/습기,비,교차로 - 교차로부근,승용,남,31세,경상,,,,
2017090700100051,2017년 9월 7일 02시,목요일,전라북도 전주시 덕진구 송천동2가,경상사고,0,0,2,0,차대차 - 측면충돌,신호위반,건조,맑음,교차로 - 교차로안,승용,남,64세,경상,승용,남,58세,경상
2017090700100082,2017년 9월 7일 05시,목요일,전라북도 전주시 덕진구 덕진동1가,중상사고,0,1,0,0,차대사람 - 차도통행중,중앙선침범,건조,맑음,단일로 - 기타,승용,남,67세,상해없음,보행자,여,33세,중상
2017090700100083,2017년 9월 7일 05시,목요일,전라북도 정읍시 공평동,중상사고,0,1,0,0,차대차 - 기타,차로위반,건조,흐림,단일로 - 교량,기타불명,기타불명,미분류,기타불명,승용,여,54세,중상
2017090700100135,2017년 9월 7일 08시,목요일,전라북도 김제시 용지면,중상사고,0,1,0,0,차대차 - 측면충돌,교차로운행방법위반,건조,맑음,교차로 - 교차로안,승용,남,58세,상해없음,승용,남,50세,중상
2017090700100177,2017년 9월 7일 09시,목요일,전라북도 김제시 공덕면,경상사고,0,0,1,0,차대차 - 추돌,과속,건조,맑음,단일로 - 기타,승용,남,34세,상해없음,화물,남,64세,경상
2017090700100199,2017년 9월 7일 10시,목요일,전라북도 전주시 덕진구 덕진동2가,경상사고,0,0,7,0,차대차 - 추돌,안전운전불이행,건조,맑음,단일로 - 기타,승용,여,34세,상해없음,승용,남,60세,경상
2017090700100200,2017년 9월 7일 10시,목요일,전라북도 김제시 만경읍,경상사고,0,0,1,0,차대차 - 측면충돌,교차로운행방법위반,건조,맑음,교차로 - 교차로안,화물,남,58세,상해없음,화물,남,67세,경상
2017090700100201,2017년 9월 7일 10시,목요일,전라북도 순창군 순창읍,경상사고,0,0,1,0,차대차 - 측면충돌,안전운전불이행,건조,맑음,단일로 - 기타,화물,남,48세,상해없음,이륜,남,83세,경상
2017090700100218,2017년 9월 7일 11시,목요일,전라북도 군산시 나운동,경상사고,0,0,1,0,차대차 - 기타,안전거리미확보,건조,맑음,단일로 - 기타,원동기,여,63세,경상,승용,여,65세,상해없음
2017090700100219,2017년 9월 7일 11시,목요일,전라북도 김제시 요촌동,경상사고,0,0,1,0,차대차 - 측면충돌,교차로운행방법위반,건조,맑음,교차로 - 교차로안,승용,남,56세,상해없음,승용,남,70세,경상
2017090700100265,2017년 9월 7일 13시,목요일,전라북도 전주시 덕진구 덕진동2가,중상사고,0,3,0,0,차대차 - 측면충돌,신호위반,건조,맑음,교차로 - 교차로안,승합,남,60세,상해없음,승용,여,61세,중상
2017090700100266,2017년 9월 7일 13시,목요일,전라북도 군산시 서수면,경상사고,0,0,1,0,차대차 - 후진중충돌,안전운전불이행,건조,맑음,단일로 - 기타,승용,남,35세,상해없음,자전거,남,81세,경상
2017090700100267,2017년 9월 7일 13시,목요일,전라북도 부안군 백산면,경상사고,0,0,1,0,차대차 - 측면충돌,안전운전불이행,건조,맑음,교차로 - 교차로부근,승용,여,44세,경상,화물,남,57세,상해없음
2017090700100308,2017년 9월 7일 14시,목요일,전라북도 부안군 줄포면,경상사고,0,0,1,0,차대차 - 측면충돌,교차로운행방법위반,건조,맑음,교차로 - 교차로안,이륜,남,68세,경상,승용,남,44세,상해없음
2017090700100341,2017년 9월 7일 15시,목요일,전라북도 전주시 완산구 효자동1가,경상사고,0,0,3,0,차대차 - 측면충돌,신호위반,건조,맑음,교차로 - 교차로안,승용,여,25세,상해없음,승용,남,50세,경상
2017090700100489,2017년 9월 7일 19시,목요일,전라북도 전주시 덕진구 진북동,경상사고,0,0,1,0,차대사람 - 기타,안전운전불이행,건조,맑음,교차로 - 교차로안,승용,남,59세,상해없음,보행자,남,59세,경상
2017090800100026,2017년 9월 8일 00시,금요일,전라북도 무주군 설천면,중상사고,0,1,0,0,차량단독 - 전도전복 - 전도,안전운전불이행,건조,맑음,단일로 - 기타,자전거,남,54세,중상,,,,
2017090800100044,2017년 9월 8일 01시,금요일,전라북도 전주시 덕진구 인후동2가,중상사고,0,1,0,0,차대사람 - 횡단중,안전운전불이행,건조,맑음,교차로 - 교차로부근,승용,남,60세,상해없음,보행자,남,56세,중상
2017090800100148,2017년 9월 8일 08시,금요일,전라북도 전주시 완산구 효자동2가,부상신고사고,0,0,0,1,차대사람 - 횡단중,안전운전불이행,건조,맑음,단일로 - 기타,승용,여,24세,기타불명,보행자,남,33세,부상신고
2017090800100217,2017년 9월 8일 10시,금요일,전라북도 익산시 남중동,중상사고,0,1,0,0,차대차 - 측면충돌,신호위반,건조,맑음,교차로 - 교차로안,원동기,남,82세,상해없음,자전거,남,68세,중상
2017090800100218,2017년 9월 8일 10시,금요일,전라북도 정읍시 고부면,중상사고,0,1,0,0,차량단독 - 전도전복,안전운전불이행,건조,맑음,교차로 - 교차로안,이륜,여,71세,중상,미분류,미분류,미분류,미분류
2017090800100245,2017년 9월 8일 11시,금요일,전라북도 전주시 완산구 평화동1가,경상사고,0,0,4,0,차대차 - 추돌,안전운전불이행,건조,맑음,교차로 - 교차로부근,승용,남,62세,상해없음,승용,여,23세,경상
2017090800100246,2017년 9월 8일 11시,금요일,전라북도 전주시 완산구 효자동3가,중상사고,0,1,1,0,차대차 - 측면충돌,신호위반,건조,맑음,교차로 - 교차로안,승용,남,66세,상해없음,승용,남,52세,경상
2017090800100247,2017년 9월 8일 11시,금요일,전라북도 정읍시 연지동,중상사고,0,1,0,0,차대차 - 측면충돌,안전운전불이행,건조,맑음,주차장 - 주차장,화물,남,48세,상해없음,자전거,남,79세,중상
2017090800100248,2017년 9월 8일 11시,금요일,전라북도 정읍시 공평동,경상사고,0,0,2,0,차대차 - 추돌,안전운전불이행,건조,맑음,교차로 - 교차로부근,화물,남,46세,상해없음,승용,남,55세,경상
2017090800100249,2017년 9월 8일 11시,금요일,전라북도 김제시 만경읍,중상사고,0,1,0,0,차대사람 - 기타,안전운전불이행,건조,맑음,단일로 - 기타,승용,남,68세,상해없음,보행자,남,60세,중상
2017090800100277,2017년 9월 8일 12시,금요일,전라북도 전주시 덕진구 우아동3가,중상사고,0,1,0,0,차대차 - 측면충돌,안전운전불이행,건조,맑음,단일로 - 기타,화물,남,35세,상해없음,원동기,남,42세,중상
2017090800100278,2017년 9월 8일 12시,금요일,전라북도 익산시 영등동,경상사고,0,0,1,0,차대차 - 측면충돌,안전운전불이행,건조,맑음,단일로 - 기타,승용,여,59세,상해없음,원동기,남,47세,경상
2017090800100345,2017년 9월 8일 14시,금요일,전라북도 전주시 덕진구 금암동,중상사고,0,1,0,0,차대사람 - 횡단중,안전운전불이행,건조,맑음,단일로 - 기타,승용,여,25세,상해없음,보행자,여,82세,중상
2017090800100380,2017년 9월 8일 15시,금요일,전라북도 완주군 화산면,경상사고,0,0,1,0,차대차 - 기타,안전운전불이행,건조,맑음,교차로 - 교차로안,승용,여,51세,상해없음,화물,남,77세,경상
2017090800100469,2017년 9월 8일 17시,금요일,전라북도 군산시 경장동,경상사고,0,0,1,0,차대차 - 측면충돌,안전운전불이행,건조,맑음,단일로 - 기타,승합,여,53세,상해없음,승용,여,30세,경상
2017090800100513,2017년 9월 8일 18시,금요일,전라북도 군산시 나운동,경상사고,0,0,1,0,차대차 - 측면충돌,직진우회전진행방해,건조,맑음,교차로 - 교차로안,승용,남,63세,상해없음,승용,여,44세,경상
2017090800100514,2017년 9월 8일 18시,금요일,전라북도 군산시 산북동,중상사고,0,1,0,0,차대차 - 측면충돌,직진우회전진행방해,건조,맑음,교차로 - 교차로안,승용,남,35세,중상,화물,남,53세,상해없음
2017090800100515,2017년 9월 8일 18시,금요일,전라북도 익산시 창인동1가,경상사고,0,0,2,0,차대차 - 측면충돌,신호위반,건조,맑음,교차로 - 교차로안,승용,남,42세,상해없음,승용,남,67세,경상
2017090800100516,2017년 9월 8일 18시,금요일,전라북도 장수군 장수읍,중상사고,0,1,0,0,차량단독 - 전도전복 - 전도,안전운전불이행,건조,맑음,기타 - 기타,원동기,남,86세,중상,,,,
2017090800100560,2017년 9월 8일 19시,금요일,전라북도 고창군 고창읍,중상사고,0,1,0,0,차대차 - 정면충돌,중앙선침범,건조,맑음,단일로 - 기타,승용,남,56세,상해없음,이륜,남,60세,중상
2017090800100561,2017년 9월 8일 19시,금요일,전라북도 고창군 고창읍,중상사고,0,1,0,0,차대사람 - 기타,안전운전불이행,건조,맑음,단일로 - 기타,자전거,남,30세,상해없음,보행자,여,46세,중상
2017090800100562,2017년 9월 8일 19시,금요일,전라북도 임실군 임실읍,경상사고,0,0,3,0,차대차 - 추돌,안전운전불이행,건조,맑음,교차로 - 교차로부근,승용,남,41세,상해없음,승용,남,33세,경상
2017090800100689,2017년 9월 8일 22시,금요일,전라북도 전주시 완산구 효자동2가,경상사고,0,0,1,0,차대차 - 측면충돌,불법유턴,건조,맑음,교차로 - 교차로안,승용,남,45세,상해없음,이륜,남,24세,경상
2017090900100024,2017년 9월 9일 00시,토요일,전라북도 부안군 부안읍,중상사고,0,2,0,0,차대사람 - 횡단중,안전운전불이행,건조,맑음,교차로 - 교차로부근,승용,남,23세,상해없음,보행자,여,59세,중상
2017090900100064,2017년 9월 9일 03시,토요일,전라북도 전주시 완산구 다가동3가,중상사고,0,1,0,0,차대차 - 측면충돌,신호위반,건조,맑음,교차로 - 교차로안,승용,남,21세,상해없음,승용,여,27세,중상
2017090900100086,2017년 9월 9일 04시,토요일,전라북도 김제시 금구면,중상사고,0,1,0,0,차대차 - 측면충돌,안전운전불이행,건조,맑음,단일로 - 기타,승용,여,41세,중상,화물,남,48세,상해없음
2017090900100128,2017년 9월 9일 06시,토요일,전라북도 전주시 덕진구 금암동,경상사고,0,0,1,0,차대차 - 추돌,안전운전불이행,건조,맑음,단일로 - 기타,승용,남,29세,상해없음,자전거,남,77세,경상
2017090900100186,2017년 9월 9일 09시,토요일,전라북도 남원시 신정동,중상사고,0,1,0,0,차대차 - 측면충돌,직진우회전진행방해,건조,맑음,교차로 - 교차로안,이륜,남,89세,중상,승용,남,69세,상해없음
2017090900100239,2017년 9월 9일 11시,토요일,전라북도 전주시 덕진구 산정동,경상사고,0,0,1,0,차대차 - 측면충돌,신호위반,건조,맑음,교차로 - 교차로안,승용,여,20세,상해없음,승용,남,53세,경상