사고번호,사고일시,요일,시군구,사고내용,사망자수,중상자수,경상자수,부상신고자수,사고유형,법규위반,노면상태,기상상태,도로형태,가해운전자 차종,가해운전자 성별,가해운전자 연령,가해운전자 상해정도,피해운전자 차종,피해운전자 성별,피해운전자 연령,피해운전자 상해정도
2017090900100240,2017년 9월 9일 11시,토요일,전라북도 익산시 남중동,중상사고,0,1,0,0,차대사람 - 횡단중,안전운전불이행,건조,맑음,교차로 - 교차로안,승용,남,62세,상해없음,보행자,여,78세,중상
2017090900100241,2017년 9월 9일 11시,토요일,전라북도 익산시 영등동,경상사고,0,0,1,0,차대사람 - 횡단중,안전운전불이행,건조,맑음,교차로 - 교차로안,화물,남,63세,상해없음,보행자,여,19세,경상
2017090900100242,2017년 9월 9일 11시,토요일,전라북도 익산시 영등동,중상사고,0,1,0,0,차대사람 - 횡단중,보행자보호의무위반,건조,맑음,교차로 - 교차로횡단보도내,승용,남,26세,상해없음,보행자,여,18세,중상
2017090900100277,2017년 9월 9일 12시,토요일,전라북도 전주시 완산구 평화동2가,경상사고,0,0,1,0,차대사람 - 기타,안전운전불이행,건조,맑음,단일로 - 기타,승용,남,49세,상해없음,보행자,남,17세,경상
2017090900100278,2017년 9월 9일 12시,토요일,전라북도 군산시 월명동,중상사고,0,1,0,0,차대사람 - 횡단중,신호위반,건조,맑음,교차로 - 교차로안,승용,남,38세,상해없음,보행자,여,47세,중상
2017090900100279,2017년 9월 9일 12시,토요일,전라북도 정읍시 영원면,경상사고,0,0,2,0,차대차 - 측면충돌,중앙선침범,건조,맑음,단일로 - 기타,승용,남,51세,상해없음,화물,남,69세,경상
2017090900100312,2017년 9월 9일 13시,토요일,전라북도 전주시 완산구 중앙동3가,경상사고,0,0,1,0,차대차 - 측면충돌,안전거리미확보,건조,맑음,단일로 - 기타,승용,남,24세,상해없음,승용,남,56세,경상
2017090900100313,2017년 9월 9일 13시,토요일,전라북도 전주시 완산구 효자동1가,경상사고,0,0,1,0,차대차 - 측면충돌,안전운전불이행,건조,맑음,단일로 - 기타,승용,여,58세,상해없음,이륜,남,19세,경상
2017090900100314,2017년 9월 9일 13시,토요일,전라북도 전주시 덕진구 장동,경상사고,0,0,3,0,차대차 - 측면충돌,안전거리미확보,건조,맑음,교차로 - 교차로부근,승용,남,28세,상해없음,승용,남,26세,경상
2017090900100315,2017년 9월 9일 13시,토요일,전라북도 전주시 덕진구 금암동,경상사고,0,0,1,0,차대차 - 기타,안전거리미확보,건조,맑음,단일로 - 기타,승용,남,47세,상해없음,이륜,남,21세,경상
2017090900100316,2017년 9월 9일 13시,토요일,전라북도 부안군 동진면,중상사고,0,1,6,0,차대차 - 측면충돌,교차로운행방법위반,건조,맑음,교차로 - 교차로안,승용,남,21세,경상,승용,남,66세,경상
2017090900100355,2017년 9월 9일 14시,토요일,전라북도 전주시 덕진구 만성동,경상사고,0,0,2,0,차대차 - 측면충돌,신호위반,건조,맑음,교차로 - 교차로안,승용,여,31세,상해없음,승용,남,49세,경상
2017090900100356,2017년 9월 9일 14시,토요일,전라북도 정읍시 태인면,경상사고,0,0,1,0,차대차 - 측면충돌,교차로운행방법위반,건조,맑음,교차로 - 교차로안,승용,여,41세,상해없음,이륜,남,74세,경상
2017090900100357,2017년 9월 9일 14시,토요일,전라북도 부안군 줄포면,중상사고,0,3,1,0,차대차 - 측면충돌,안전운전불이행,건조,맑음,교차로 - 교차로부근,승용,여,52세,경상,승용,남,66세,중상
2017090900100400,2017년 9월 9일 15시,토요일,전라북도 임실군 신덕면,경상사고,0,0,1,0,차대차 - 정면충돌,중앙선침범,건조,맑음,단일로 - 기타,승용,남,19세,상해없음,화물,남,65세,경상
2017090900100428,2017년 9월 9일 16시,토요일,전라북도 익산시 송학동,경상사고,0,0,1,0,차대차 - 측면충돌,안전운전불이행,건조,맑음,단일로 - 기타,승용,여,73세,상해없음,이륜,남,74세,경상
2017090900100467,2017년 9월 9일 17시,토요일,전라북도 전주시 완산구 남노송동,경상사고,0,0,1,0,차대차 - 측면충돌,안전거리미확보,건조,맑음,단일로 - 기타,자전거,남,13세,경상,승용,여,44세,상해없음
2017090900100468,2017년 9월 9일 17시,토요일,전라북도 김제시 신풍동,중상사고,0,1,0,0,차대사람 - 횡단중,보행자보호의무위반,건조,맑음,교차로 - 교차로부근,승용,남,66세,상해없음,보행자,여,53세,중상
2017090900100543,2017년 9월 9일 19시,토요일,전라북도 정읍시 상동,경상사고,0,0,2,0,차대차 - 측면충돌,중앙선침범,건조,맑음,단일로 - 기타,승용,남,63세,상해없음,승용,여,26세,경상
2017090900100618,2017년 9월 9일 21시,토요일,전라북도 전주시 완산구 효자동2가,중상사고,0,1,0,0,차대차 - 측면충돌,안전운전불이행,건조,맑음,단일로 - 기타,승용,남,49세,상해없음,이륜,남,18세,중상
2017090900100619,2017년 9월 9일 21시,토요일,전라북도 익산시 마동,경상사고,0,0,1,0,차대사람 - 횡단중,안전운전불이행,건조,맑음,단일로 - 기타,승용,여,66세,상해없음,보행자,남,66세,경상
2017090900100620,2017년 9월 9일 21시,토요일,전라북도 익산시 모현동1가,경상사고,0,0,1,0,차대사람 - 기타,안전운전불이행,건조,맑음,교차로 - 교차로안,승용,남,65세,상해없음,보행자,여,52세,경상
2017091000100039,2017년 9월 10일 01시,일요일,전라북도 전주시 덕진구 금암동,경상사고,0,0,3,0,차대차 - 후진중충돌,안전운전불이행,건조,맑음,단일로 - 기타,화물,남,52세,상해없음,승용,남,24세,상해없음
2017091000100040,2017년 9월 10일 01시,일요일,전라북도 정읍시 덕천면,경상사고,0,0,2,0,차량단독 - 기타,안전운전불이행,건조,맑음,교차로 - 교차로부근,승용,남,51세,경상,,,,
2017091000100041,2017년 9월 10일 01시,일요일,전라북도 부안군 부안읍,경상사고,0,0,1,0,차량단독 - 전도전복 - 전도,안전운전불이행,건조,맑음,단일로 - 기타,원동기,남,47세,경상,,,,
2017091000100132,2017년 9월 10일 08시,일요일,전라북도 전주시 덕진구 팔복동1가,경상사고,0,0,1,0,차대차 - 측면충돌,신호위반,건조,맑음,교차로 - 교차로안,화물,남,66세,상해없음,승용,남,25세,경상
2017091000100152,2017년 9월 10일 09시,일요일,전라북도 정읍시 쌍암동,사망사고,1,0,0,0,차량단독 - 도로외이탈 - 추락,안전운전불이행,건조,맑음,단일로 - 기타,승합,남,49세,사망,,,,
2017091000100297,2017년 9월 10일 15시,일요일,전라북도 전주시 완산구 중화산동2가,경상사고,0,0,1,0,차대차 - 측면충돌,신호위반,건조,맑음,교차로 - 교차로안,승용,남,82세,상해없음,승용,여,46세,경상
2017091000100331,2017년 9월 10일 16시,일요일,전라북도 익산시 부송동,경상사고,0,0,2,0,차대차 - 추돌,안전운전불이행,건조,맑음,단일로 - 기타,승용,남,26세,상해없음,승용,여,38세,경상
2017091000100366,2017년 9월 10일 17시,일요일,전라북도 전주시 완산구 평화동1가,중상사고,0,1,0,0,차대차 - 추돌,안전운전불이행,건조,맑음,단일로 - 기타,승용,남,45세,상해없음,승용,남,71세,중상
2017091000100367,2017년 9월 10일 17시,일요일,전라북도 익산시 낭산면,사망사고,1,0,1,0,차대차 - 정면충돌,중앙선침범,건조,맑음,단일로 - 기타,승용,남,60세,사망,승용,여,39세,경상
2017091000100368,2017년 9월 10일 17시,일요일,전라북도 장수군 계남면,경상사고,0,0,2,0,차대차 - 추돌,안전운전불이행,건조,맑음,단일로 - 기타,승용,남,69세,상해없음,승용,남,70세,경상
2017091000100369,2017년 9월 10일 17시,일요일,전라북도 장수군 장수읍,중상사고,0,1,0,0,차대사람 - 기타,안전운전불이행,건조,맑음,기타 - 기타,승용,여,48세,상해없음,보행자,여,51세,중상
2017091000100395,2017년 9월 10일 18시,일요일,전라북도 익산시 부송동,경상사고,0,0,1,0,차대사람 - 횡단중,보행자보호의무위반,건조,맑음,교차로 - 교차로횡단보도내,승용,남,44세,상해없음,보행자,여,60세,경상
2017091000100466,2017년 9월 10일 20시,일요일,전라북도 군산시 수송동,경상사고,0,0,1,0,차대사람 - 횡단중,보행자보호의무위반,건조,맑음,교차로 - 교차로안,승용,여,60세,상해없음,보행자,남,20세,경상
2017091000100491,2017년 9월 10일 21시,일요일,전라북도 남원시 이백면,중상사고,0,1,0,0,차량단독 - 공작물충돌,안전운전불이행,건조,맑음,교차로 - 교차로안,화물,남,51세,상해없음,,,,
2017091100100041,2017년 9월 11일 01시,월요일,전라북도 정읍시 농소동,중상사고,0,1,0,0,차대사람 - 횡단중,안전운전불이행,젖음/습기,비,단일로 - 기타,승용,남,44세,상해없음,보행자,남,56세,중상
2017091100100070,2017년 9월 11일 04시,월요일,전라북도 군산시 성산면,사망사고,2,1,2,0,차대차 - 기타,안전운전불이행,젖음/습기,비,단일로 - 기타,승용,남,43세,사망,화물,남,59세,상해없음
2017091100100087,2017년 9월 11일 05시,월요일,전라북도 군산시 장재동,경상사고,0,0,1,0,차대사람 - 횡단중,보행자보호의무위반,젖음/습기,비,교차로 - 교차로안,승용,남,67세,상해없음,보행자,여,73세,경상
2017091100100143,2017년 9월 11일 07시,월요일,전라북도 군산시 수송동,경상사고,0,0,1,0,차대차 - 측면충돌,교차로운행방법위반,젖음/습기,비,교차로 - 교차로안,승용,여,43세,상해없음,승용,남,24세,경상
2017091100100184,2017년 9월 11일 08시,월요일,전라북도 전주시 덕진구 인후동1가,경상사고,0,0,1,0,차대차 - 후진중충돌,안전운전불이행,젖음/습기,비,단일로 - 기타,화물,남,40세,상해없음,자전거,남,69세,경상
2017091100100185,2017년 9월 11일 08시,월요일,전라북도 익산시 부송동,경상사고,0,0,1,0,차대사람 - 횡단중,안전운전불이행,건조,맑음,단일로 - 기타,승용,남,43세,상해없음,보행자,여,15세,경상
2017091100100227,2017년 9월 11일 09시,월요일,전라북도 전주시 덕진구 송천동1가,경상사고,0,0,1,0,차대차 - 측면충돌,안전거리미확보,건조,맑음,단일로 - 기타,승용,남,30세,상해없음,승용,여,42세,경상
2017091100100228,2017년 9월 11일 09시,월요일,전라북도 임실군 오수면,중상사고,0,1,1,0,차대차 - 측면충돌,안전운전불이행,젖음/습기,비,단일로 - 기타,승합,남,49세,상해없음,화물,남,41세,중상
2017091100100267,2017년 9월 11일 10시,월요일,전라북도 전주시 완산구 효자동1가,중상사고,0,1,0,0,차대사람 - 횡단중,보행자보호의무위반,젖음/습기,비,단일로 - 기타,승합,남,47세,상해없음,보행자,남,78세,중상
2017091100100268,2017년 9월 11일 10시,월요일,전라북도 김제시 요촌동,중상사고,0,1,0,0,차대차 - 측면충돌,직진우회전진행방해,건조,맑음,교차로 - 교차로안,승용,남,76세,상해없음,이륜,남,70세,중상
2017091100100269,2017년 9월 11일 10시,월요일,전라북도 김제시 죽산면,경상사고,0,0,1,0,차대차 - 측면충돌,차로위반,젖음/습기,비,단일로 - 기타,승용,여,61세,상해없음,화물,남,55세,경상
2017091100100303,2017년 9월 11일 11시,월요일,전라북도 전주시 완산구 서노송동,사망사고,1,0,0,0,차대사람 - 횡단중,안전운전불이행,건조,흐림,단일로 - 기타,승용,남,77세,상해없음,보행자,여,78세,사망
2017091100100330,2017년 9월 11일 12시,월요일,전라북도 부안군 부안읍,경상사고,0,0,1,0,차대차 - 측면충돌,안전운전불이행,건조,맑음,단일로 - 기타,이륜,남,79세,경상,화물,남,40세,상해없음
2017091100100354,2017년 9월 11일 13시,월요일,전라북도 군산시 산북동,경상사고,0,0,1,0,차대사람 - 기타,안전운전불이행,건조,맑음,교차로 - 교차로안,승용,남,67세,상해없음,보행자,남,71세,경상
2017091100100388,2017년 9월 11일 14시,월요일,전라북도 익산시 왕궁면,경상사고,0,0,2,0,차대차 - 기타,신호위반,건조,맑음,교차로 - 교차로안,승용,남,23세,상해없음,승합,남,49세,경상
2017091100100408,2017년 9월 11일 15시,월요일,전라북도 군산시 조촌동,경상사고,0,0,2,0,차대차 - 기타,안전운전불이행,건조,맑음,교차로 - 교차로부근,화물,남,58세,상해없음,승용,남,31세,경상
2017091100100471,2017년 9월 11일 17시,월요일,전라북도 완주군 동상면,중상사고,0,1,0,0,차대사람 - 기타,안전운전불이행,건조,맑음,단일로 - 기타,화물,남,62세,상해없음,보행자,여,82세,중상
2017091100100508,2017년 9월 11일 18시,월요일,전라북도 정읍시 상동,경상사고,0,0,4,0,차대차 - 측면충돌,직진우회전진행방해,건조,흐림,교차로 - 교차로안,승용,남,49세,상해없음,승용,남,40세,경상
2017091100100509,2017년 9월 11일 18시,월요일,전라북도 정읍시 상동,경상사고,0,0,1,0,차대차 - 측면충돌,안전운전불이행,건조,흐림,단일로 - 기타,승용,남,34세,상해없음,자전거,여,68세,경상
2017091100100547,2017년 9월 11일 19시,월요일,전라북도 군산시 영화동,경상사고,0,0,1,0,차대사람 - 기타,기타,건조,맑음,단일로 - 기타,승용,남,64세,상해없음,보행자,남,51세,경상
2017091100100548,2017년 9월 11일 19시,월요일,전라북도 익산시 영등동,경상사고,0,0,1,0,차대차 - 측면충돌,중앙선침범,건조,맑음,단일로 - 기타,승용,남,55세,상해없음,이륜,남,20세,경상
2017091100100549,2017년 9월 11일 19시,월요일,전라북도 부안군 부안읍,경상사고,0,0,1,0,차대사람 - 기타,안전운전불이행,건조,맑음,단일로 - 기타,승용,남,68세,상해없음,보행자,남,53세,경상
2017091100100586,2017년 9월 11일 20시,월요일,전라북도 전주시 덕진구 전미동1가,사망사고,1,0,3,0,차대차 - 추돌,안전운전불이행,건조,맑음,단일로 - 기타,화물,남,56세,사망,승용,남,37세,경상
2017091100100612,2017년 9월 11일 21시,월요일,전라북도 군산시 중앙로2가,중상사고,0,2,0,0,차대차 - 기타,신호위반,건조,맑음,교차로 - 교차로안,승용,여,25세,상해없음,승용,남,52세,중상
2017091100100637,2017년 9월 11일 22시,월요일,전라북도 익산시 영등동,경상사고,0,0,1,0,차대차 - 측면충돌,직진우회전진행방해,건조,맑음,교차로 - 교차로안,승용,남,44세,상해없음,승용,여,51세,경상
2017091100100638,2017년 9월 11일 22시,월요일,전라북도 완주군 용진읍,중상사고,0,1,0,0,차대사람 - 차도통행중,안전운전불이행,건조,맑음,단일로 - 기타,화물,남,69세,상해없음,보행자,여,32세,중상
2017091200100068,2017년 9월 12일 05시,화요일,전라북도 전주시 완산구 중노송동,중상사고,0,1,0,0,차대사람 - 횡단중,보행자보호의무위반,건조,맑음,교차로 - 교차로부근,승용,남,70세,상해없음,보행자,여,73세,중상
2017091200100078,2017년 9월 12일 06시,화요일,전라북도 고창군 고창읍,중상사고,0,1,0,0,차대사람 - 기타,불법유턴,건조,맑음,주차장 - 주차장,승용,남,50세,상해없음,보행자,남,44세,중상
2017091200100140,2017년 9월 12일 08시,화요일,전라북도 군산시 수송동,경상사고,0,0,1,0,차대차 - 측면충돌,안전운전불이행,건조,맑음,교차로 - 교차로부근,자전거,남,16세,경상,승용,여,41세,상해없음
2017091200100141,2017년 9월 12일 08시,화요일,전라북도 군산시 경암동,경상사고,0,0,2,0,차대차 - 정면충돌,중앙선침범,건조,맑음,교차로 - 교차로부근,승용,여,60세,경상,승용,여,51세,경상
2017091200100142,2017년 9월 12일 08시,화요일,전라북도 정읍시 수성동,중상사고,0,1,0,0,차대사람 - 횡단중,안전운전불이행,건조,맑음,단일로 - 기타,승용,여,43세,상해없음,보행자,여,13세,중상
2017091200100143,2017년 9월 12일 08시,화요일,전라북도 임실군 신덕면,경상사고,0,0,1,0,차대차 - 측면충돌,중앙선침범,젖음/습기,안개,단일로 - 기타,승용,여,42세,상해없음,화물,남,53세,경상
2017091200100183,2017년 9월 12일 09시,화요일,전라북도 전주시 덕진구 팔복동3가,경상사고,0,0,1,0,차대차 - 측면충돌,신호위반,건조,맑음,교차로 - 교차로안,승합,남,57세,상해없음,승용,남,69세,경상
2017091200100209,2017년 9월 12일 10시,화요일,전라북도 김제시 용지면,사망사고,1,0,0,0,차량단독 - 기타,안전운전불이행,건조,맑음,기타 - 기타,농기계,여,78세,사망,,,,
2017091200100210,2017년 9월 12일 10시,화요일,전라북도 순창군 복흥면,중상사고,0,1,0,0,차대차 - 측면충돌,직진우회전진행방해,건조,맑음,교차로 - 교차로안,승합,남,74세,상해없음,화물,남,70세,중상
2017091200100245,2017년 9월 12일 11시,화요일,전라북도 전주시 완산구 동서학동,중상사고,0,1,0,0,차대차 - 측면충돌,신호위반,건조,맑음,교차로 - 교차로안,화물,남,70세,상해없음,승용,남,51세,중상
2017091200100246,2017년 9월 12일 11시,화요일,전라북도 정읍시 신태인읍,경상사고,0,0,3,0,차대차 - 추돌,안전운전불이행,건조,맑음,단일로 - 교량,화물,남,49세,상해없음,승합,남,67세,경상
2017091200100247,2017년 9월 12일 11시,화요일,전라북도 김제시 공덕면,경상사고,0,0,2,0,차대차 - 추돌,안전운전불이행,건조,맑음,단일로 - 기타,화물,남,51세,상해없음,화물,남,44세,경상
2017091200100265,2017년 9월 12일 12시,화요일,전라북도 전주시 덕진구 여의동,경상사고,0,0,1,0,차대차 - 기타,신호위반,건조,맑음,교차로 - 교차로안,승용,남,64세,상해없음,화물,남,61세,경상
2017091200100289,2017년 9월 12일 13시,화요일,전라북도 전주시 완산구 중앙동4가,경상사고,0,0,1,0,차대사람 - 기타,안전운전불이행,건조,맑음,기타 - 기타,승용,여,40세,상해없음,보행자,여,20세,경상
2017091200100290,2017년 9월 12일 13시,화요일,전라북도 군산시 나운동,경상사고,0,0,1,0,차대차 - 측면충돌,직진우회전진행방해,건조,맑음,교차로 - 교차로안,이륜,여,65세,경상,승용,남,73세,상해없음
2017091200100321,2017년 9월 12일 14시,화요일,전라북도 익산시 망성면,경상사고,0,0,2,0,차대사람 - 기타,안전운전불이행,건조,맑음,단일로 - 기타,승합,남,64세,상해없음,보행자,남,36세,경상
2017091200100346,2017년 9월 12일 15시,화요일,전라북도 전주시 덕진구 덕진동1가,경상사고,0,0,1,0,차대차 - 측면충돌,중앙선침범,건조,맑음,단일로 - 기타,승용,남,37세,상해없음,이륜,남,25세,경상
2017091200100389,2017년 9월 12일 16시,화요일,전라북도 남원시 대강면,중상사고,0,1,1,0,차대차 - 기타,직진우회전진행방해,건조,맑음,교차로 - 교차로안,화물,남,39세,상해없음,화물,남,56세,경상
2017091200100426,2017년 9월 12일 17시,화요일,전라북도 임실군 지사면,중상사고,0,1,0,0,차대차 - 측면충돌,교차로운행방법위반,건조,맑음,교차로 - 교차로안,이륜,남,68세,중상,승용,여,63세,상해없음
2017091200100469,2017년 9월 12일 18시,화요일,전라북도 전주시 완산구 서신동,경상사고,0,0,1,0,차대사람 - 횡단중,안전운전불이행,건조,맑음,교차로 - 교차로안,승용,남,33세,상해없음,보행자,여,44세,경상
2017091200100508,2017년 9월 12일 19시,화요일,전라북도 전주시 덕진구 덕진동1가,경상사고,0,0,1,0,차대차 - 측면충돌,신호위반,젖음/습기,흐림,교차로 - 교차로안,승용,남,20세,상해없음,승용,남,52세,경상
2017091200100509,2017년 9월 12일 19시,화요일,전라북도 김제시 황산동,중상사고,0,1,1,0,차대차 - 측면충돌,안전거리미확보,건조,맑음,단일로 - 기타,화물,남,31세,상해없음,승용,남,42세,중상
2017091200100541,2017년 9월 12일 20시,화요일,전라북도 남원시 향교동,경상사고,0,0,1,0,차대차 - 측면충돌,교차로운행방법위반,건조,맑음,교차로 - 교차로안,승용,남,48세,상해없음,승합,남,32세,경상
2017091200100592,2017년 9월 12일 22시,화요일,전라북도 전주시 완산구 효자동3가,중상사고,0,1,0,0,차대차 - 기타,기타,건조,맑음,단일로 - 기타,승용,남,62세,상해없음,이륜,남,17세,중상
2017091300100074,2017년 9월 13일 06시,수요일,전라북도 전주시 완산구 서서학동,경상사고,0,0,1,0,차대차 - 기타,안전운전불이행,건조,맑음,단일로 - 기타,화물,여,66세,상해없음,자전거,남,57세,경상
2017091300100075,2017년 9월 13일 06시,수요일,전라북도 정읍시 소성면,중상사고,0,1,0,0,차대차 - 측면충돌,신호위반,건조,흐림,교차로 - 교차로안,승용,남,60세,상해없음,화물,남,46세,중상
2017091300100139,2017년 9월 13일 08시,수요일,전라북도 전주시 덕진구 송천동1가,중상사고,0,1,0,0,차대사람 - 횡단중,보행자보호의무위반,건조,맑음,교차로 - 교차로횡단보도내,화물,여,36세,상해없음,보행자,여,70세,중상
2017091300100140,2017년 9월 13일 08시,수요일,전라북도 완주군 이서면,경상사고,0,0,3,0,차대차 - 측면충돌,신호위반,건조,맑음,교차로 - 교차로안,승용,남,40세,상해없음,승용,여,57세,경상
2017091300100177,2017년 9월 13일 09시,수요일,전라북도 익산시 인화동2가,중상사고,0,1,0,0,차대차 - 측면충돌,안전운전불이행,건조,맑음,교차로 - 교차로안,자전거,남,86세,중상,건설기계,남,62세,상해없음
2017091300100178,2017년 9월 13일 09시,수요일,전라북도 김제시 양전동,중상사고,0,1,0,0,차대사람 - 기타,불법유턴,건조,맑음,단일로 - 기타,승용,남,39세,상해없음,보행자,여,90세 이상,중상
2017091300100241,2017년 9월 13일 11시,수요일,전라북도 전주시 완산구 서신동,경상사고,0,0,1,0,차대차 - 측면충돌,교차로운행방법위반,건조,맑음,교차로 - 교차로안,승용,여,48세,상해없음,이륜,남,27세,경상
2017091300100285,2017년 9월 13일 12시,수요일,전라북도 김제시 순동,경상사고,0,0,3,0,차대차 - 추돌,안전거리미확보,건조,맑음,단일로 - 기타,특수,남,48세,상해없음,화물,남,64세,경상
2017091300100321,2017년 9월 13일 13시,수요일,전라북도 익산시 모현동1가,경상사고,0,0,1,0,차대차 - 측면충돌,안전운전불이행,건조,맑음,단일로 - 기타,승용,남,57세,상해없음,자전거,남,80세,경상
2017091300100393,2017년 9월 13일 15시,수요일,전라북도 전주시 완산구 효자동1가,중상사고,0,1,4,0,차대차 - 측면충돌,안전운전불이행,건조,맑음,단일로 - 기타,승용,남,55세,기타불명,승용,여,49세,경상
2017091300100394,2017년 9월 13일 15시,수요일,전라북도 부안군 진서면,경상사고,0,0,1,0,차대사람 - 기타,안전운전불이행,건조,맑음,단일로 - 기타,화물,남,37세,상해없음,보행자,남,79세,경상
2017091300100473,2017년 9월 13일 17시,수요일,전라북도 군산시 문화동,중상사고,0,1,0,0,차대차 - 측면충돌,직진우회전진행방해,건조,맑음,교차로 - 교차로부근,승용,여,38세,상해없음,이륜,남,73세,중상
2017091300100474,2017년 9월 13일 17시,수요일,전라북도 정읍시 정우면,중상사고,0,1,0,0,차대사람 - 차도통행중,안전운전불이행,건조,맑음,단일로 - 기타,승용,남,66세,상해없음,보행자,여,74세,중상
2017091300100475,2017년 9월 13일 17시,수요일,전라북도 김제시 연정동,중상사고,0,1,5,0,차대차 - 추돌,안전운전불이행,건조,맑음,단일로 - 기타,화물,남,56세,상해없음,승용,남,50세,경상
2017091300100476,2017년 9월 13일 17시,수요일,전라북도 부안군 부안읍,경상사고,0,0,2,0,차대차 - 측면충돌,교차로운행방법위반,건조,맑음,교차로 - 교차로안,승용,남,66세,경상,승용,여,36세,경상
2017091300100477,2017년 9월 13일 17시,수요일,전라북도 무주군 설천면,중상사고,0,3,0,0,차대차 - 측면충돌,안전운전불이행,건조,맑음,교차로 - 교차로부근,농기계,남,69세,중상,화물,남,76세,중상
2017091300100527,2017년 9월 13일 18시,수요일,전라북도 전주시 완산구 효자동3가,경상사고,0,0,2,0,차대차 - 측면충돌,안전운전불이행,건조,맑음,교차로 - 교차로안,자전거,남,30세,경상,이륜,남,23세,경상
2017091300100528,2017년 9월 13일 18시,수요일,전라북도 익산시 삼기면,경상사고,0,0,3,0,차대차 - 측면충돌,신호위반,건조,맑음,교차로 - 교차로안,승용,여,48세,상해없음,승용,여,26세,경상
2017091300100577,2017년 9월 13일 19시,수요일,전라북도 전주시 완산구 삼천동1가,경상사고,0,0,1,0,차대사람 - 횡단중,안전운전불이행,건조,맑음,단일로 - 기타,승용,여,44세,상해없음,보행자,여,78세,경상
2017091300100578,2017년 9월 13일 19시,수요일,전라북도 군산시 나운동,중상사고,0,1,0,0,차대사람 - 차도통행중,안전운전불이행,건조,흐림,교차로 - 교차로안,승용,여,57세,상해없음,보행자,남,84세,중상
2017091300100579,2017년 9월 13일 19시,수요일,전라북도 익산시 인화동1가,중상사고,0,1,0,0,차대차 - 측면충돌,안전운전불이행,건조,맑음,단일로 - 기타,승용,여,48세,상해없음,자전거,남,69세,중상
2017091300100611,2017년 9월 13일 20시,수요일,전라북도 군산시 수송동,중상사고,0,1,0,0,차대차 - 추돌,차로위반,건조,맑음,단일로 - 기타,승용,남,43세,상해없음,승용,남,45세,중상
2017091300100642,2017년 9월 13일 21시,수요일,전라북도 전주시 완산구 효자동3가,경상사고,0,0,1,0,차대사람 - 차도통행중,안전운전불이행,건조,맑음,단일로 - 기타,승용,남,24세,상해없음,보행자,남,37세,경상
2017091300100668,2017년 9월 13일 22시,수요일,전라북도 전주시 완산구 서신동,중상사고,0,1,0,0,차대차 - 측면충돌,불법유턴,건조,맑음,교차로 - 교차로횡단보도내,자전거,남,47세,중상,화물,남,46세,상해없음
2017091300100669,2017년 9월 13일 22시,수요일,전라북도 전주시 완산구 평화동1가,경상사고,0,0,1,0,차대차 - 측면충돌,안전운전불이행,건조,맑음,단일로 - 기타,승용,남,61세,상해없음,승용,남,41세,상해없음
2017091300100670,2017년 9월 13일 22시,수요일,전라북도 전주시 완산구 효자동2가,경상사고,0,0,1,0,차대차 - 기타,신호위반,건조,맑음,교차로 - 교차로안,기타불명,기타불명,미분류,기타불명,승용,여,29세,경상
2017091300100671,2017년 9월 13일 22시,수요일,전라북도 익산시 신용동,중상사고,0,1,0,0,차량단독 - 공작물충돌,안전운전불이행,건조,맑음,단일로 - 기타,원동기,남,40세,중상,,,,
2017091400100026,2017년 9월 14일 00시,목요일,전라북도 전주시 완산구 중화산동2가,경상사고,0,0,1,0,차대사람 - 기타,안전운전불이행,건조,맑음,기타 - 기타,기타불명,기타불명,미분류,기타불명,보행자,남,40세,경상
2017091400100027,2017년 9월 14일 00시,목요일,전라북도 익산시 중앙동1가,경상사고,0,0,1,0,차대차 - 측면충돌,신호위반,건조,맑음,교차로 - 교차로안,화물,남,65세,상해없음,승용,여,24세,경상
2017091400100046,2017년 9월 14일 01시,목요일,전라북도 군산시 옥산면,중상사고,0,1,0,3,차대차 - 측면충돌,안전운전불이행,건조,기타,단일로 - 기타,승용,남,30세,상해없음,승용,여,48세,중상
2017091400100064,2017년 9월 14일 04시,목요일,전라북도 전주시 완산구 풍남동1가,중상사고,0,1,2,0,차대차 - 추돌,과속,건조,맑음,단일로 - 기타,승용,남,44세,상해없음,승용,남,78세,중상
2017091400100116,2017년 9월 14일 07시,목요일,전라북도 전주시 덕진구 고랑동,경상사고,0,0,1,0,차대차 - 기타,신호위반,건조,맑음,교차로 - 교차로안,승용,남,78세,상해없음,승합,남,50세,경상
2017091400100117,2017년 9월 14일 07시,목요일,전라북도 전주시 덕진구 팔복동3가,경상사고,0,0,1,0,차대차 - 기타,신호위반,건조,맑음,교차로 - 교차로안,화물,남,52세,상해없음,승용,남,62세,경상
2017091400100118,2017년 9월 14일 07시,목요일,전라북도 익산시 모현동2가,경상사고,0,0,1,0,차대차 - 측면충돌,안전운전불이행,건조,맑음,단일로 - 기타,승용,남,63세,상해없음,자전거,남,56세,경상
2017091400100164,2017년 9월 14일 08시,목요일,전라북도 장수군 산서면,중상사고,0,1,0,0,차대차 - 기타,안전운전불이행,건조,맑음,기타 - 기타,화물,남,44세,상해없음,원동기,남,69세,중상
2017091400100219,2017년 9월 14일 09시,목요일,전라북도 전주시 덕진구 우아동3가,중상사고,0,1,0,0,차대사람 - 횡단중,안전운전불이행,건조,맑음,교차로 - 교차로안,승용,남,72세,상해없음,보행자,남,74세,중상