사고번호,사고일시,요일,시군구,사고내용,사망자수,중상자수,경상자수,부상신고자수,사고유형,법규위반,노면상태,기상상태,도로형태,가해운전자 차종,가해운전자 성별,가해운전자 연령,가해운전자 상해정도,피해운전자 차종,피해운전자 성별,피해운전자 연령,피해운전자 상해정도
2017091400100248,2017년 9월 14일 10시,목요일,전라북도 정읍시 농소동,경상사고,0,0,2,0,차대차 - 측면충돌,차로위반,건조,맑음,교차로 - 교차로안,승용,남,60세,상해없음,이륜,남,74세,경상
2017091400100278,2017년 9월 14일 11시,목요일,전라북도 군산시 옥서면,사망사고,1,0,0,0,차대차 - 측면충돌,직진우회전진행방해,건조,맑음,교차로 - 교차로안,승용,남,37세,상해없음,화물,남,41세,사망
2017091400100314,2017년 9월 14일 12시,목요일,전라북도 전주시 완산구 서신동,경상사고,0,0,1,0,차대차 - 측면충돌,안전운전불이행,건조,맑음,교차로 - 교차로안,승용,여,48세,상해없음,승용,남,33세,경상
2017091400100455,2017년 9월 14일 16시,목요일,전라북도 정읍시 하모동,경상사고,0,0,2,0,차대차 - 측면충돌,차로위반,건조,맑음,단일로 - 기타,화물,남,56세,상해없음,승용,남,55세,경상
2017091400100456,2017년 9월 14일 16시,목요일,전라북도 순창군 순창읍,경상사고,0,0,1,0,차대사람 - 횡단중,신호위반,건조,맑음,교차로 - 교차로횡단보도내,화물,남,55세,상해없음,보행자,여,11세,경상
2017091400100457,2017년 9월 14일 16시,목요일,전라북도 완주군 소양면,중상사고,0,1,0,0,차대사람 - 기타,안전운전불이행,건조,맑음,단일로 - 기타,승용,남,35세,상해없음,보행자,여,67세,중상
2017091400100508,2017년 9월 14일 17시,목요일,전라북도 군산시 오식도동,경상사고,0,0,2,0,차대차 - 추돌,안전운전불이행,건조,맑음,단일로 - 기타,승용,남,57세,상해없음,승용,남,61세,경상
2017091400100509,2017년 9월 14일 17시,목요일,전라북도 정읍시 시기동,중상사고,0,1,0,0,차대사람 - 기타,불법유턴,건조,맑음,기타 - 기타,승용,여,55세,상해없음,보행자,여,90세 이상,중상
2017091400100510,2017년 9월 14일 17시,목요일,전라북도 김제시 금산면,경상사고,0,0,1,0,차대사람 - 차도통행중,안전운전불이행,건조,맑음,단일로 - 기타,이륜,남,79세,상해없음,보행자,여,74세,경상
2017091400100511,2017년 9월 14일 17시,목요일,전라북도 김제시 용지면,경상사고,0,0,2,0,차대차 - 측면충돌,안전운전불이행,건조,맑음,단일로 - 기타,승합,남,60세,상해없음,승용,남,73세,경상
2017091400100566,2017년 9월 14일 18시,목요일,전라북도 익산시 영등동,경상사고,0,0,1,0,차대사람 - 횡단중,보행자보호의무위반,건조,맑음,교차로 - 교차로횡단보도내,승용,여,44세,상해없음,보행자,여,7세,경상
2017091400100622,2017년 9월 14일 19시,목요일,전라북도 김제시 서암동,경상사고,0,0,3,0,차대차 - 추돌,직진우회전진행방해,건조,맑음,교차로 - 교차로안,승용,여,68세,경상,승용,여,56세,경상
2017091400100651,2017년 9월 14일 20시,목요일,전라북도 전주시 완산구 서신동,경상사고,0,0,2,0,차대차 - 측면충돌,안전운전불이행,건조,맑음,단일로 - 기타,승용,남,47세,기타불명,승용,남,68세,경상
2017091400100652,2017년 9월 14일 20시,목요일,전라북도 전주시 덕진구 인후동1가,경상사고,0,0,1,0,차대차 - 측면충돌,중앙선침범,건조,맑음,단일로 - 기타,승용,남,46세,상해없음,이륜,남,20세,경상
2017091400100653,2017년 9월 14일 20시,목요일,전라북도 전주시 덕진구 인후동1가,중상사고,0,1,0,0,차대사람 - 횡단중,보행자보호의무위반,건조,맑음,교차로 - 교차로횡단보도내,승용,남,26세,상해없음,보행자,남,71세,중상
2017091500100050,2017년 9월 15일 04시,금요일,전라북도 전주시 덕진구 덕진동1가,경상사고,0,0,1,0,차대차 - 측면충돌,안전운전불이행,건조,맑음,단일로 - 기타,승용,남,18세,상해없음,승용,남,54세,경상
2017091500100178,2017년 9월 15일 09시,금요일,전라북도 군산시 경장동,경상사고,0,0,1,0,차대차 - 측면충돌,직진우회전진행방해,건조,맑음,교차로 - 교차로안,이륜,남,79세,경상,승용,여,62세,상해없음
2017091500100179,2017년 9월 15일 09시,금요일,전라북도 김제시 신풍동,중상사고,0,1,1,0,차대차 - 측면충돌,중앙선침범,건조,맑음,단일로 - 기타,승합,남,51세,상해없음,화물,남,66세,상해없음
2017091500100180,2017년 9월 15일 09시,금요일,전라북도 부안군 변산면,중상사고,0,1,0,0,차대사람 - 기타,안전운전불이행,건조,맑음,교차로 - 교차로부근,화물,남,68세,상해없음,보행자,남,47세,중상
2017091500100248,2017년 9월 15일 11시,금요일,전라북도 전주시 덕진구 인후동2가,경상사고,0,0,1,0,차대차 - 측면충돌,안전운전불이행,건조,맑음,단일로 - 기타,승용,남,24세,상해없음,자전거,남,51세,경상
2017091500100267,2017년 9월 15일 12시,금요일,전라북도 전주시 완산구 중화산동2가,중상사고,0,1,0,0,차대차 - 추돌,안전거리미확보,건조,맑음,단일로 - 기타,승합,남,60세,상해없음,승용,남,69세,중상
2017091500100326,2017년 9월 15일 14시,금요일,전라북도 전주시 완산구 삼천동3가,중상사고,0,1,1,0,차대차 - 정면충돌,중앙선침범,건조,맑음,단일로 - 기타,화물,남,47세,중상,건설기계,남,51세,경상
2017091500100371,2017년 9월 15일 15시,금요일,전라북도 군산시 대야면,중상사고,0,1,0,0,차대차 - 측면충돌,불법유턴,건조,맑음,단일로 - 기타,승용,여,36세,상해없음,이륜,남,67세,중상
2017091500100419,2017년 9월 15일 16시,금요일,전라북도 전주시 완산구 효자동2가,경상사고,0,0,1,0,차대사람 - 기타,안전운전불이행,건조,맑음,단일로 - 기타,승용,여,54세,상해없음,보행자,남,39세,경상
2017091500100420,2017년 9월 15일 16시,금요일,전라북도 전주시 덕진구 우아동3가,경상사고,0,0,1,0,차대차 - 측면충돌,중앙선침범,건조,맑음,교차로 - 교차로부근,승용,여,52세,상해없음,승용,여,42세,경상
2017091500100421,2017년 9월 15일 16시,금요일,전라북도 부안군 부안읍,중상사고,0,1,0,0,차대차 - 측면충돌,안전운전불이행,건조,맑음,교차로 - 교차로안,화물,여,49세,상해없음,자전거,여,66세,중상
2017091500100473,2017년 9월 15일 17시,금요일,전라북도 전주시 완산구 평화동2가,중상사고,0,1,0,0,차대사람 - 차도통행중,안전운전불이행,건조,맑음,교차로 - 교차로부근,화물,남,49세,상해없음,보행자,여,71세,중상
2017091500100474,2017년 9월 15일 17시,금요일,전라북도 전주시 덕진구 우아동2가,경상사고,0,0,1,0,차대차 - 측면충돌,직진우회전진행방해,건조,맑음,교차로 - 교차로안,승용,남,34세,상해없음,이륜,남,20세,경상
2017091500100525,2017년 9월 15일 18시,금요일,전라북도 군산시 나운동,경상사고,0,0,1,0,차대차 - 기타,안전운전불이행,건조,맑음,기타 - 기타,자전거,남,11세,경상,승용,남,47세,상해없음
2017091500100574,2017년 9월 15일 19시,금요일,전라북도 전주시 덕진구 덕진동1가,경상사고,0,0,2,0,차대차 - 측면충돌,신호위반,건조,맑음,교차로 - 교차로안,승용,남,60세,상해없음,승용,남,64세,경상
2017091500100575,2017년 9월 15일 19시,금요일,전라북도 전주시 덕진구 우아동3가,중상사고,0,1,0,0,차대사람 - 횡단중,보행자보호의무위반,건조,맑음,교차로 - 교차로횡단보도내,화물,남,19세,상해없음,보행자,여,61세,중상
2017091500100576,2017년 9월 15일 19시,금요일,전라북도 군산시 수송동,경상사고,0,0,1,0,차대차 - 기타,직진우회전진행방해,건조,맑음,교차로 - 교차로부근,특수,남,44세,기타불명,승용,여,63세,경상
2017091500100638,2017년 9월 15일 20시,금요일,전라북도 전주시 완산구 중노송동,경상사고,0,0,1,0,차대사람 - 길가장자리구역통행중,안전운전불이행,건조,맑음,단일로 - 기타,화물,남,61세,상해없음,보행자,여,60세,경상
2017091500100639,2017년 9월 15일 20시,금요일,전라북도 익산시 모현동1가,경상사고,0,0,1,0,차대차 - 추돌,안전운전불이행,건조,맑음,교차로 - 교차로안,승용,남,27세,상해없음,승용,여,36세,경상
2017091500100640,2017년 9월 15일 20시,금요일,전라북도 무주군 설천면,중상사고,0,1,0,0,차대사람 - 횡단중,안전운전불이행,건조,맑음,교차로 - 교차로안,승용,남,68세,상해없음,보행자,남,65세,중상
2017091500100669,2017년 9월 15일 21시,금요일,전라북도 익산시 창인동1가,경상사고,0,0,2,0,차대차 - 추돌,안전운전불이행,건조,맑음,교차로 - 교차로안,승용,여,52세,상해없음,승용,남,55세,경상
2017091500100705,2017년 9월 15일 22시,금요일,전라북도 전주시 완산구 중화산동2가,경상사고,0,0,1,0,차대사람 - 기타,안전운전불이행,건조,맑음,단일로 - 기타,승용,남,75세,상해없음,보행자,여,23세,경상
2017091600100027,2017년 9월 16일 00시,토요일,전라북도 정읍시 상동,경상사고,0,0,2,0,차대차 - 측면충돌,직진우회전진행방해,건조,맑음,교차로 - 교차로안,승용,남,54세,경상,승용,남,49세,경상
2017091600100044,2017년 9월 16일 01시,토요일,전라북도 전주시 완산구 삼천동1가,부상신고사고,0,0,0,1,차대사람 - 횡단중,안전운전불이행,건조,맑음,단일로 - 기타,기타불명,기타불명,미분류,기타불명,보행자,남,17세,부상신고
2017091600100068,2017년 9월 16일 03시,토요일,전라북도 익산시 망성면,중상사고,0,1,0,0,차대차 - 측면충돌,교차로운행방법위반,건조,맑음,교차로 - 교차로안,승용,남,20세,상해없음,승용,여,30세,중상
2017091600100091,2017년 9월 16일 05시,토요일,전라북도 전주시 덕진구 덕진동1가,사망사고,1,0,0,0,차대사람 - 횡단중,안전운전불이행,건조,맑음,단일로 - 기타,승용,남,72세,상해없음,보행자,여,70세,사망
2017091600100209,2017년 9월 16일 10시,토요일,전라북도 익산시 낭산면,중상사고,0,1,0,0,차대사람 - 차도통행중,안전운전불이행,건조,맑음,단일로 - 기타,승용,남,32세,상해없음,보행자,남,51세,중상
2017091600100210,2017년 9월 16일 10시,토요일,전라북도 김제시 황산동,경상사고,0,0,2,0,차대차 - 추돌,안전운전불이행,건조,맑음,단일로 - 기타,승용,남,75세,상해없음,승용,남,71세,경상
2017091600100211,2017년 9월 16일 10시,토요일,전라북도 남원시 광치동,경상사고,0,0,1,0,차대차 - 추돌,안전운전불이행,건조,맑음,단일로 - 터널,화물,남,49세,상해없음,화물,남,56세,경상
2017091600100254,2017년 9월 16일 11시,토요일,전라북도 무주군 무주읍,경상사고,0,0,1,0,차대차 - 측면충돌,안전운전불이행,건조,맑음,교차로 - 교차로안,자전거,남,30세,경상,승용,여,29세,상해없음
2017091600100286,2017년 9월 16일 12시,토요일,전라북도 전주시 덕진구 산정동,경상사고,0,0,2,0,차대차 - 추돌,안전운전불이행,건조,맑음,단일로 - 기타,승용,남,34세,상해없음,승용,남,67세,경상
2017091600100287,2017년 9월 16일 12시,토요일,전라북도 군산시 미룡동,중상사고,0,1,1,0,차대차 - 측면충돌,직진우회전진행방해,건조,맑음,교차로 - 교차로안,승용,남,25세,상해없음,이륜,남,76세,경상
2017091600100288,2017년 9월 16일 12시,토요일,전라북도 김제시 금산면,중상사고,0,1,1,0,차대차 - 정면충돌,중앙선침범,건조,맑음,단일로 - 기타,승용,남,35세,상해없음,화물,남,45세,중상
2017091600100318,2017년 9월 16일 13시,토요일,전라북도 전주시 완산구 서신동,경상사고,0,0,2,0,차대차 - 측면충돌,안전운전불이행,건조,맑음,교차로 - 교차로안,승용,여,42세,상해없음,승용,남,38세,경상
2017091600100319,2017년 9월 16일 13시,토요일,전라북도 김제시 진봉면,중상사고,0,1,0,0,차대차 - 측면충돌,중앙선침범,건조,맑음,단일로 - 기타,승용,남,43세,상해없음,이륜,남,71세,중상
2017091600100320,2017년 9월 16일 13시,토요일,전라북도 순창군 유등면,경상사고,0,0,1,0,차대차 - 측면충돌,안전운전불이행,건조,맑음,교차로 - 교차로안,자전거,남,78세,경상,승용,남,58세,상해없음
2017091600100359,2017년 9월 16일 14시,토요일,전라북도 전주시 덕진구 진북동,경상사고,0,0,1,0,차대차 - 측면충돌,중앙선침범,건조,맑음,단일로 - 기타,승용,남,70세,상해없음,승용,여,48세,경상
2017091600100390,2017년 9월 16일 15시,토요일,전라북도 정읍시 시기동,경상사고,0,0,1,0,차대사람 - 기타,안전운전불이행,건조,맑음,단일로 - 기타,승용,남,42세,상해없음,보행자,여,60세,경상
2017091600100391,2017년 9월 16일 15시,토요일,전라북도 고창군 무장면,중상사고,0,1,0,0,차대차 - 측면충돌,안전운전불이행,건조,맑음,단일로 - 기타,승용,여,46세,상해없음,화물,여,57세,중상
2017091600100421,2017년 9월 16일 16시,토요일,전라북도 무주군 적상면,중상사고,0,1,1,0,차량단독 - 공작물충돌,안전운전불이행,건조,맑음,단일로 - 기타,승용,남,60세,상해없음,,,,
2017091600100455,2017년 9월 16일 17시,토요일,전라북도 전주시 덕진구 용정동,중상사고,0,2,1,0,차대차 - 추돌,안전운전불이행,건조,맑음,단일로 - 기타,승용,남,27세,상해없음,화물,남,58세,중상
2017091600100456,2017년 9월 16일 17시,토요일,전라북도 군산시 미룡동,경상사고,0,0,1,0,차대차 - 측면충돌,안전거리미확보,건조,맑음,교차로 - 교차로안,승용,여,56세,상해없음,승용,남,27세,경상
2017091600100457,2017년 9월 16일 17시,토요일,전라북도 익산시 주현동,경상사고,0,0,1,0,차대사람 - 횡단중,안전운전불이행,건조,맑음,단일로 - 기타,원동기,여,64세,상해없음,보행자,남,7세,경상
2017091600100499,2017년 9월 16일 18시,토요일,전라북도 전주시 완산구 효자동2가,경상사고,0,0,1,0,차대차 - 측면충돌,신호위반,건조,맑음,교차로 - 교차로안,승용,남,29세,상해없음,이륜,남,43세,경상
2017091600100500,2017년 9월 16일 18시,토요일,전라북도 익산시 영등동,경상사고,0,0,3,0,차대차 - 측면충돌,신호위반,건조,맑음,교차로 - 교차로안,승용,남,48세,상해없음,승용,남,32세,경상
2017091600100501,2017년 9월 16일 18시,토요일,전라북도 정읍시 신태인읍,경상사고,0,0,2,0,차대사람 - 기타,안전운전불이행,건조,맑음,단일로 - 기타,이륜,남,62세,경상,보행자,남,77세,경상
2017091600100528,2017년 9월 16일 19시,토요일,전라북도 전주시 완산구 효자동1가,중상사고,0,1,0,0,차대사람 - 기타,안전운전불이행,건조,맑음,단일로 - 기타,승용,남,21세,상해없음,보행자,남,48세,중상
2017091600100529,2017년 9월 16일 19시,토요일,전라북도 군산시 나운동,중상사고,0,1,0,0,차대사람 - 길가장자리구역통행중,안전운전불이행,건조,맑음,단일로 - 기타,승용,남,67세,상해없음,보행자,남,69세,중상
2017091600100530,2017년 9월 16일 19시,토요일,전라북도 김제시 서암동,경상사고,0,0,1,0,차대차 - 측면충돌,교차로운행방법위반,건조,맑음,교차로 - 교차로안,승용,여,59세,상해없음,승용,여,56세,경상
2017091600100584,2017년 9월 16일 21시,토요일,전라북도 군산시 신창동,중상사고,0,1,0,0,차대사람 - 길가장자리구역통행중,안전운전불이행,건조,맑음,교차로 - 교차로안,승용,남,35세,상해없음,보행자,여,58세,중상
2017091600100585,2017년 9월 16일 21시,토요일,전라북도 김제시 요촌동,부상신고사고,0,0,0,1,차대사람 - 기타,안전운전불이행,건조,맑음,단일로 - 기타,승용,여,51세,상해없음,보행자,여,55세,부상신고
2017091600100616,2017년 9월 16일 22시,토요일,전라북도 전주시 덕진구 우아동2가,경상사고,0,0,1,0,차대사람 - 기타,안전운전불이행,건조,맑음,교차로 - 교차로부근,승용,남,67세,상해없음,보행자,여,55세,경상
2017091700100023,2017년 9월 17일 00시,일요일,전라북도 군산시 나운동,경상사고,0,0,3,0,차대차 - 정면충돌,중앙선침범,건조,맑음,단일로 - 기타,승용,남,59세,상해없음,승용,여,33세,경상
2017091700100167,2017년 9월 17일 11시,일요일,전라북도 전주시 덕진구 덕진동1가,경상사고,0,0,1,0,차대차 - 측면충돌,안전운전불이행,건조,맑음,단일로 - 기타,승용,남,52세,상해없음,자전거,남,73세,경상
2017091700100168,2017년 9월 17일 11시,일요일,전라북도 완주군 상관면,부상신고사고,0,0,0,1,차량단독 - 공작물충돌,안전운전불이행,건조,맑음,단일로 - 고가도로위,특수,남,58세,부상신고,,,,
2017091700100201,2017년 9월 17일 12시,일요일,전라북도 군산시 수송동,경상사고,0,0,1,0,차대차 - 측면충돌,중앙선침범,건조,맑음,단일로 - 기타,승용,남,30세,상해없음,원동기,남,51세,경상
2017091700100258,2017년 9월 17일 14시,일요일,전라북도 군산시 서수면,중상사고,0,2,0,0,차대차 - 추돌,안전운전불이행,건조,맑음,기타 - 기타,화물,남,56세,상해없음,화물,남,74세,중상
2017091700100294,2017년 9월 17일 15시,일요일,전라북도 익산시 모현동1가,경상사고,0,0,1,0,차대차 - 추돌,안전거리미확보,건조,맑음,교차로 - 교차로안,승용,여,65세,상해없음,승용,여,62세,경상
2017091700100328,2017년 9월 17일 16시,일요일,전라북도 전주시 덕진구 성덕동,경상사고,0,0,1,0,차대차 - 기타,안전운전불이행,건조,맑음,단일로 - 기타,건설기계,남,58세,상해없음,승용,남,58세,경상
2017091700100366,2017년 9월 17일 17시,일요일,전라북도 전주시 덕진구 송천동2가,경상사고,0,0,2,0,차대차 - 측면충돌,불법유턴,건조,맑음,단일로 - 기타,승합,남,67세,상해없음,승용,남,37세,경상
2017091700100367,2017년 9월 17일 17시,일요일,전라북도 남원시 사매면,사망사고,1,0,0,0,차량단독 - 공작물충돌,안전운전불이행,건조,맑음,단일로 - 터널,승용,남,50세,사망,,,,
2017091700100427,2017년 9월 17일 19시,일요일,전라북도 익산시 영등동,중상사고,0,1,2,0,차대차 - 측면충돌,신호위반,건조,맑음,교차로 - 교차로안,화물,남,49세,상해없음,승용,남,54세,중상
2017091700100428,2017년 9월 17일 19시,일요일,전라북도 정읍시 고부면,부상신고사고,0,0,0,1,차대차 - 정면충돌,중앙선침범,건조,맑음,단일로 - 기타,기타불명,남,70세,상해없음,승용,여,56세,상해없음
2017091700100429,2017년 9월 17일 19시,일요일,전라북도 남원시 인월면,중상사고,0,1,0,0,차량단독 - 도로외이탈 - 추락,안전운전불이행,건조,맑음,단일로 - 교량,화물,남,50세,상해없음,,,,
2017091700100518,2017년 9월 17일 22시,일요일,전라북도 전주시 완산구 중화산동2가,경상사고,0,0,4,0,차대차 - 기타,안전운전불이행,건조,맑음,교차로 - 교차로부근,승용,남,43세,상해없음,승용,남,66세,경상
2017091700100519,2017년 9월 17일 22시,일요일,전라북도 전주시 덕진구 덕진동2가,사망사고,1,0,0,0,차량단독 - 공작물충돌,안전운전불이행,건조,맑음,단일로 - 기타,원동기,남,16세,사망,,,,
2017091800100026,2017년 9월 18일 00시,월요일,전라북도 전주시 완산구 효자동3가,사망사고,1,0,0,0,차대차 - 측면충돌,신호위반,건조,맑음,교차로 - 교차로횡단보도내,자전거,남,77세,사망,승용,남,45세,상해없음
2017091800100060,2017년 9월 18일 05시,월요일,전라북도 익산시 신동,경상사고,0,0,1,0,차대차 - 추돌,안전운전불이행,건조,맑음,교차로 - 교차로부근,승용,남,49세,상해없음,화물,남,62세,경상
2017091800100097,2017년 9월 18일 07시,월요일,전라북도 익산시 목천동,중상사고,0,1,1,0,차대차 - 추돌,안전거리미확보,건조,맑음,교차로 - 교차로부근,화물,남,51세,상해없음,화물,남,50세,중상
2017091800100139,2017년 9월 18일 08시,월요일,전라북도 김제시 교동,경상사고,0,0,1,0,차대차 - 측면충돌,교차로운행방법위반,건조,맑음,교차로 - 교차로안,승용,남,70세,상해없음,승용,여,35세,경상
2017091800100196,2017년 9월 18일 09시,월요일,전라북도 정읍시 소성면,경상사고,0,0,2,0,차대차 - 추돌,안전운전불이행,건조,맑음,단일로 - 기타,승용,남,80세,경상,승용,남,69세,경상
2017091800100270,2017년 9월 18일 11시,월요일,전라북도 정읍시 고부면,경상사고,0,0,1,0,차대차 - 측면충돌,안전운전불이행,건조,맑음,교차로 - 교차로안,이륜,남,78세,경상,승합,남,58세,상해없음
2017091800100307,2017년 9월 18일 12시,월요일,전라북도 군산시 경암동,중상사고,0,1,0,0,차대차 - 기타,신호위반,건조,맑음,교차로 - 교차로안,화물,남,23세,상해없음,승용,여,54세,중상
2017091800100337,2017년 9월 18일 13시,월요일,전라북도 전주시 덕진구 팔복동1가,경상사고,0,0,1,0,차대사람 - 기타,안전운전불이행,건조,맑음,단일로 - 기타,승용,여,37세,상해없음,보행자,남,51세,경상
2017091800100338,2017년 9월 18일 13시,월요일,전라북도 익산시 부송동,경상사고,0,0,1,0,차대차 - 기타,안전운전불이행,건조,맑음,단일로 - 기타,승합,남,64세,상해없음,화물,남,29세,경상
2017091800100339,2017년 9월 18일 13시,월요일,전라북도 무주군 무주읍,중상사고,0,1,0,0,차량단독 - 전도전복 - 전도,안전운전불이행,건조,맑음,단일로 - 기타,이륜,남,80세,중상,,,,
2017091800100370,2017년 9월 18일 14시,월요일,전라북도 전주시 덕진구 송천동2가,경상사고,0,0,2,0,차대차 - 기타,차로위반,건조,맑음,단일로 - 기타,화물,남,63세,상해없음,승용,남,47세,경상
2017091800100415,2017년 9월 18일 15시,월요일,전라북도 전주시 완산구 남노송동,중상사고,0,1,0,0,차대차 - 기타,안전운전불이행,건조,맑음,교차로 - 교차로안,자전거,남,76세,중상,승합,남,69세,상해없음
2017091800100416,2017년 9월 18일 15시,월요일,전라북도 익산시 남중동,경상사고,0,0,1,0,차대차 - 측면충돌,신호위반,건조,맑음,교차로 - 교차로안,화물,남,72세,상해없음,자전거,남,12세,경상
2017091800100459,2017년 9월 18일 16시,월요일,전라북도 전주시 완산구 평화동1가,중상사고,0,1,0,0,차대사람 - 차도통행중,신호위반,건조,맑음,교차로 - 교차로안,승용,여,60세,상해없음,보행자,여,85세,중상
2017091800100460,2017년 9월 18일 16시,월요일,전라북도 전주시 완산구 경원동3가,경상사고,0,0,1,0,차대사람 - 기타,안전운전불이행,건조,맑음,교차로 - 교차로부근,화물,남,43세,상해없음,보행자,여,18세,경상
2017091800100461,2017년 9월 18일 16시,월요일,전라북도 진안군 상전면,중상사고,0,3,0,0,차대차 - 추돌,안전운전불이행,건조,맑음,단일로 - 기타,화물,남,65세,중상,화물,남,60세,중상
2017091800100509,2017년 9월 18일 17시,월요일,전라북도 전주시 덕진구 팔복동1가,경상사고,0,0,1,0,차대차 - 기타,안전운전불이행,건조,맑음,교차로 - 교차로안,승용,남,51세,상해없음,자전거,여,69세,경상
2017091800100510,2017년 9월 18일 17시,월요일,전라북도 부안군 부안읍,경상사고,0,0,1,0,차대사람 - 기타,안전운전불이행,건조,맑음,교차로 - 교차로안,승용,여,41세,상해없음,보행자,남,63세,경상
2017091800100609,2017년 9월 18일 19시,월요일,전라북도 전주시 완산구 서신동,중상사고,0,1,0,0,차대차 - 측면충돌,안전운전불이행,건조,맑음,단일로 - 기타,승용,남,67세,상해없음,자전거,여,72세,중상
2017091800100610,2017년 9월 18일 19시,월요일,전라북도 익산시 어양동,사망사고,1,0,0,0,차대사람 - 기타,보행자보호의무위반,건조,맑음,교차로 - 교차로횡단보도내,승용,남,25세,상해없음,보행자,남,58세,사망
2017091800100611,2017년 9월 18일 19시,월요일,전라북도 완주군 소양면,경상사고,0,0,4,0,차대차 - 추돌,안전운전불이행,건조,맑음,교차로 - 교차로부근,승용,여,50세,상해없음,승용,여,38세,경상
2017091800100654,2017년 9월 18일 20시,월요일,전라북도 전주시 덕진구 팔복동1가,사망사고,1,0,0,0,차대차 - 측면충돌,신호위반,건조,맑음,교차로 - 교차로안,이륜,남,65세,사망,승용,남,59세,상해없음
2017091800100655,2017년 9월 18일 20시,월요일,전라북도 익산시 신동,경상사고,0,0,1,0,차대사람 - 차도통행중,안전운전불이행,건조,맑음,단일로 - 기타,승용,남,24세,기타불명,보행자,남,19세,경상
2017091800100685,2017년 9월 18일 21시,월요일,전라북도 익산시 모현동2가,중상사고,0,1,0,0,차대차 - 측면충돌,안전운전불이행,건조,맑음,교차로 - 교차로안,승합,남,58세,상해없음,승합,남,45세,상해없음
2017091800100686,2017년 9월 18일 21시,월요일,전라북도 남원시 노암동,중상사고,0,1,0,0,차대차 - 측면충돌,신호위반,건조,맑음,교차로 - 교차로안,승용,남,28세,상해없음,이륜,남,52세,중상
2017091800100717,2017년 9월 18일 22시,월요일,전라북도 임실군 임실읍,중상사고,0,2,0,0,차량단독 - 전도전복 - 전도,안전운전불이행,건조,맑음,단일로 - 기타,승용,남,21세,상해없음,,,,
2017091800100736,2017년 9월 18일 23시,월요일,전라북도 정읍시 상동,경상사고,0,0,1,0,차대차 - 측면충돌,직진우회전진행방해,건조,맑음,교차로 - 교차로안,이륜,남,50세,상해없음,승용,남,43세,경상
2017091900100068,2017년 9월 19일 05시,화요일,전라북도 정읍시 정우면,경상사고,0,0,1,0,차대차 - 추돌,안전거리미확보,건조,맑음,단일로 - 기타,화물,남,47세,상해없음,화물,남,40세,경상
2017091900100080,2017년 9월 19일 06시,화요일,전라북도 전주시 덕진구 송천동2가,경상사고,0,0,2,0,차대차 - 추돌,안전운전불이행,건조,맑음,단일로 - 기타,건설기계,남,60세,상해없음,승용,남,63세,경상
2017091900100140,2017년 9월 19일 08시,화요일,전라북도 전주시 완산구 효자동3가,경상사고,0,0,1,0,차대차 - 측면충돌,중앙선침범,건조,맑음,교차로 - 교차로안,자전거,여,62세,경상,승용,남,36세,상해없음
2017091900100141,2017년 9월 19일 08시,화요일,전라북도 전주시 덕진구 전미동1가,경상사고,0,0,1,0,차대차 - 추돌,안전운전불이행,건조,맑음,단일로 - 기타,승용,남,60세,상해없음,승용,남,48세,경상
2017091900100142,2017년 9월 19일 08시,화요일,전라북도 익산시 어양동,경상사고,0,0,1,0,차대차 - 측면충돌,신호위반,건조,맑음,교차로 - 교차로안,승용,남,46세,상해없음,승용,여,39세,경상
2017091900100143,2017년 9월 19일 08시,화요일,전라북도 무주군 무주읍,경상사고,0,0,1,0,차대사람 - 보도통행중,기타,건조,맑음,기타 - 기타,이륜,남,58세,상해없음,보행자,여,38세,경상
2017091900100235,2017년 9월 19일 11시,화요일,전라북도 익산시 신동,중상사고,0,1,0,0,차대차 - 측면충돌,안전운전불이행,건조,맑음,단일로 - 기타,승용,남,65세,상해없음,기타불명,남,63세,중상
2017091900100257,2017년 9월 19일 12시,화요일,전라북도 군산시 수송동,경상사고,0,0,1,0,차대차 - 기타,신호위반,건조,맑음,교차로 - 교차로안,승용,남,81세,상해없음,자전거,남,64세,경상
2017091900100332,2017년 9월 19일 15시,화요일,전라북도 익산시 왕궁면,경상사고,0,0,1,0,차대차 - 측면충돌,신호위반,건조,맑음,교차로 - 교차로안,화물,남,26세,상해없음,승용,여,55세,경상
2017091900100333,2017년 9월 19일 15시,화요일,전라북도 김제시 백산면,중상사고,0,1,0,0,차대차 - 정면충돌,중앙선침범,건조,맑음,단일로 - 기타,화물,남,65세,상해없음,화물,남,44세,중상
2017091900100406,2017년 9월 19일 17시,화요일,전라북도 정읍시 연지동,경상사고,0,0,1,0,차대차 - 측면충돌,안전운전불이행,건조,맑음,교차로 - 교차로안,자전거,남,62세,경상,승용,남,62세,상해없음
2017091900100407,2017년 9월 19일 17시,화요일,전라북도 김제시 금구면,경상사고,0,0,1,0,차대차 - 추돌,안전운전불이행,건조,맑음,교차로 - 교차로부근,승용,남,57세,상해없음,승용,여,54세,경상
2017091900100408,2017년 9월 19일 17시,화요일,전라북도 고창군 신림면,경상사고,0,0,4,0,차대차 - 측면충돌,교차로운행방법위반,건조,맑음,교차로 - 교차로안,승용,여,45세,경상,승용,남,40세,경상