사고번호,사고일시,요일,시군구,사고내용,사망자수,중상자수,경상자수,부상신고자수,사고유형,법규위반,노면상태,기상상태,도로형태,가해운전자 차종,가해운전자 성별,가해운전자 연령,가해운전자 상해정도,피해운전자 차종,피해운전자 성별,피해운전자 연령,피해운전자 상해정도
2017101300100710,2017년 10월 13일 23시,금요일,전라북도 정읍시 정우면,사망사고,1,1,2,0,차대사람 - 기타,안전운전불이행,건조,맑음,단일로 - 기타,승용,남,76세,중상,보행자,남,27세,사망
2017101400100067,2017년 10월 14일 03시,토요일,전라북도 익산시 모현동1가,중상사고,0,1,0,0,차대차 - 추돌,안전운전불이행,건조,맑음,단일로 - 기타,승용,남,33세,상해없음,이륜,남,68세,중상
2017101400100079,2017년 10월 14일 04시,토요일,전라북도 전주시 완산구 중화산동1가,경상사고,0,0,1,0,차대차 - 추돌,안전운전불이행,건조,맑음,단일로 - 기타,승용,남,23세,상해없음,이륜,남,48세,경상
2017101400100080,2017년 10월 14일 04시,토요일,전라북도 군산시 미원동,경상사고,0,0,1,0,차대사람 - 차도통행중,안전운전불이행,건조,맑음,단일로 - 기타,승용,남,21세,기타불명,보행자,남,69세,경상
2017101400100130,2017년 10월 14일 07시,토요일,전라북도 익산시 왕궁면,중상사고,0,2,2,0,차대차 - 측면충돌,기타,건조,맑음,교차로 - 교차로안,승용,남,66세,상해없음,승합,남,45세,경상
2017101400100143,2017년 10월 14일 08시,토요일,전라북도 전주시 덕진구 금암동,중상사고,0,1,0,0,차대사람 - 횡단중,신호위반,건조,맑음,교차로 - 교차로횡단보도내,화물,남,35세,상해없음,보행자,여,72세,중상
2017101400100144,2017년 10월 14일 08시,토요일,전라북도 군산시 나운동,경상사고,0,0,1,0,차대차 - 측면충돌,교차로운행방법위반,건조,맑음,교차로 - 교차로안,승용,남,57세,상해없음,승용,남,55세,상해없음
2017101400100164,2017년 10월 14일 09시,토요일,전라북도 전주시 덕진구 금암동,경상사고,0,0,1,0,차대사람 - 기타,안전운전불이행,건조,맑음,교차로 - 교차로횡단보도내,승용,여,61세,상해없음,보행자,남,17세,경상
2017101400100231,2017년 10월 14일 11시,토요일,전라북도 김제시 갈공동,경상사고,0,0,3,0,차대차 - 추돌,안전운전불이행,건조,맑음,단일로 - 기타,승용,남,46세,상해없음,승용,여,53세,경상
2017101400100309,2017년 10월 14일 13시,토요일,전라북도 전주시 완산구 서서학동,중상사고,0,1,0,0,차대사람 - 길가장자리구역통행중,안전운전불이행,건조,맑음,교차로 - 교차로부근,승용,여,34세,상해없음,보행자,남,74세,중상
2017101400100310,2017년 10월 14일 13시,토요일,전라북도 익산시 창인동2가,중상사고,0,1,0,0,차대사람 - 보도통행중,기타,건조,맑음,단일로 - 기타,이륜,남,22세,기타불명,보행자,여,72세,중상
2017101400100311,2017년 10월 14일 13시,토요일,전라북도 무주군 적상면,사망사고,1,0,0,0,차량단독 - 기타,안전운전불이행,건조,맑음,단일로 - 기타,농기계,남,80세,사망,,,,
2017101400100391,2017년 10월 14일 15시,토요일,전라북도 전주시 완산구 효자동2가,경상사고,0,0,3,0,차대차 - 측면충돌,신호위반,건조,맑음,교차로 - 교차로안,승용,여,42세,상해없음,승용,남,65세,경상
2017101400100392,2017년 10월 14일 15시,토요일,전라북도 남원시 주천면,경상사고,0,0,7,0,차대차 - 측면충돌,안전운전불이행,건조,맑음,단일로 - 기타,화물,남,34세,상해없음,승합,남,38세,경상
2017101400100426,2017년 10월 14일 16시,토요일,전라북도 전주시 완산구 효자동3가,경상사고,0,0,1,0,차대사람 - 기타,안전운전불이행,건조,맑음,단일로 - 기타,이륜,남,37세,상해없음,보행자,여,18세,경상
2017101400100427,2017년 10월 14일 16시,토요일,전라북도 익산시 낭산면,중상사고,0,1,0,0,차대차 - 측면충돌,신호위반,건조,맑음,교차로 - 교차로안,승용,남,36세,상해없음,화물,남,47세,중상
2017101400100461,2017년 10월 14일 17시,토요일,전라북도 전주시 완산구 평화동2가,중상사고,0,1,0,0,차대차 - 측면충돌,직진우회전진행방해,건조,맑음,교차로 - 교차로안,승용,남,57세,상해없음,자전거,남,11세,중상
2017101400100502,2017년 10월 14일 18시,토요일,전라북도 군산시 문화동,경상사고,0,0,1,0,차대차 - 기타,중앙선침범,건조,맑음,단일로 - 기타,자전거,남,11세,경상,승용,여,41세,상해없음
2017101400100503,2017년 10월 14일 18시,토요일,전라북도 순창군 적성면,중상사고,0,1,0,0,차대차 - 추돌,안전운전불이행,건조,맑음,단일로 - 기타,화물,남,73세,중상,농기계,남,49세,기타불명
2017101400100581,2017년 10월 14일 20시,토요일,전라북도 전주시 덕진구 우아동3가,중상사고,0,2,2,0,차대차 - 측면충돌,신호위반,건조,맑음,교차로 - 교차로안,승용,남,62세,상해없음,승용,남,59세,경상
2017101400100582,2017년 10월 14일 20시,토요일,전라북도 김제시 백구면,사망사고,1,0,0,0,차대차 - 추돌,안전운전불이행,건조,맑음,단일로 - 기타,승용,남,44세,상해없음,이륜,남,59세,사망
2017101400100613,2017년 10월 14일 21시,토요일,전라북도 익산시 목천동,경상사고,0,0,1,0,차대사람 - 횡단중,신호위반,건조,맑음,교차로 - 교차로안,승용,남,27세,상해없음,보행자,남,24세,경상
2017101400100634,2017년 10월 14일 22시,토요일,전라북도 전주시 완산구 다가동4가,경상사고,0,0,1,0,차대사람 - 기타,안전운전불이행,건조,맑음,교차로 - 교차로안,승용,남,29세,상해없음,보행자,여,62세,경상
2017101500100058,2017년 10월 15일 02시,일요일,전라북도 전주시 덕진구 산정동,경상사고,0,0,1,0,차대차 - 측면충돌,중앙선침범,건조,맑음,교차로 - 교차로안,승용,여,39세,상해없음,승용,남,54세,경상
2017101500100059,2017년 10월 15일 02시,일요일,전라북도 완주군 봉동읍,경상사고,0,0,4,0,차대차 - 측면충돌,신호위반,건조,맑음,교차로 - 교차로안,승용,남,40세,경상,승용,남,29세,경상
2017101500100086,2017년 10월 15일 05시,일요일,전라북도 전주시 덕진구 금암동,중상사고,0,1,0,0,차대차 - 측면충돌,신호위반,건조,맑음,교차로 - 교차로안,승용,남,22세,상해없음,자전거,남,20세,중상
2017101500100100,2017년 10월 15일 06시,일요일,전라북도 전주시 덕진구 호성동1가,경상사고,0,0,5,1,차대차 - 측면충돌,중앙선침범,건조,맑음,단일로 - 기타,승합,남,41세,상해없음,승합,남,74세,상해없음
2017101500100116,2017년 10월 15일 07시,일요일,전라북도 전주시 덕진구 팔복동1가,중상사고,0,2,1,0,차대차 - 측면충돌,중앙선침범,건조,흐림,교차로 - 교차로부근,승용,여,25세,상해없음,승용,남,39세,경상
2017101500100125,2017년 10월 15일 08시,일요일,전라북도 익산시 남중동,경상사고,0,0,1,0,차대차 - 측면충돌,안전운전불이행,건조,맑음,단일로 - 기타,승용,남,66세,상해없음,승용,남,70세,경상
2017101500100153,2017년 10월 15일 10시,일요일,전라북도 익산시 모현동1가,부상신고사고,0,0,0,1,차대차 - 측면충돌,신호위반,건조,맑음,교차로 - 교차로안,자전거,여,72세,부상신고,승용,남,54세,상해없음
2017101500100190,2017년 10월 15일 12시,일요일,전라북도 전주시 완산구 효자동2가,경상사고,0,0,2,0,차대차 - 추돌,안전운전불이행,건조,맑음,단일로 - 기타,승용,남,46세,상해없음,승용,여,39세,경상
2017101500100215,2017년 10월 15일 13시,일요일,전라북도 순창군 순창읍,중상사고,0,2,2,0,차대차 - 정면충돌,중앙선침범,건조,맑음,단일로 - 기타,승용,남,58세,중상,화물,남,49세,경상
2017101500100246,2017년 10월 15일 14시,일요일,전라북도 군산시 대야면,부상신고사고,0,0,0,1,차량단독 - 전도전복 - 전도,안전운전불이행,건조,맑음,단일로 - 기타,이륜,남,55세,부상신고,,,,
2017101500100279,2017년 10월 15일 15시,일요일,전라북도 익산시 현영동,경상사고,0,0,1,0,차대차 - 측면충돌,신호위반,건조,맑음,교차로 - 교차로안,승용,남,27세,상해없음,승용,여,42세,경상
2017101500100308,2017년 10월 15일 16시,일요일,전라북도 정읍시 정우면,경상사고,0,0,1,0,차대차 - 측면충돌,안전운전불이행,건조,맑음,교차로 - 교차로부근,승용,남,69세,경상,화물,남,50세,상해없음
2017101500100333,2017년 10월 15일 17시,일요일,전라북도 전주시 완산구 삼천동1가,경상사고,0,0,1,0,차대차 - 후진중충돌,안전운전불이행,건조,맑음,단일로 - 기타,화물,남,46세,상해없음,승용,남,49세,경상
2017101500100334,2017년 10월 15일 17시,일요일,전라북도 김제시 공덕면,중상사고,0,1,2,0,차대차 - 측면충돌,안전거리미확보,건조,맑음,교차로 - 교차로부근,승용,남,65세,상해없음,승용,남,33세,상해없음
2017101500100335,2017년 10월 15일 17시,일요일,전라북도 순창군 복흥면,경상사고,0,0,1,0,차량단독 - 도로외이탈 - 기타,안전운전불이행,건조,맑음,단일로 - 기타,농기계,남,77세,경상,,,,
2017101500100373,2017년 10월 15일 18시,일요일,전라북도 군산시 산북동,경상사고,0,0,1,0,차대사람 - 기타,보행자보호의무위반,건조,흐림,교차로 - 교차로횡단보도내,승용,남,46세,상해없음,보행자,여,62세,경상
2017101500100374,2017년 10월 15일 18시,일요일,전라북도 군산시 문화동,경상사고,0,0,4,0,차대차 - 추돌,안전운전불이행,건조,맑음,단일로 - 기타,승용,남,64세,상해없음,승용,여,44세,경상
2017101500100375,2017년 10월 15일 18시,일요일,전라북도 익산시 영등동,경상사고,0,0,3,0,차대차 - 측면충돌,중앙선침범,건조,맑음,교차로 - 교차로부근,승합,남,61세,상해없음,승용,남,46세,경상
2017101500100376,2017년 10월 15일 18시,일요일,전라북도 익산시 인화동1가,경상사고,0,0,1,0,차대차 - 기타,안전운전불이행,건조,맑음,단일로 - 기타,승용,남,76세,상해없음,승용,여,55세,경상
2017101500100377,2017년 10월 15일 18시,일요일,전라북도 완주군 삼례읍,사망사고,1,0,0,0,차대사람 - 횡단중,안전운전불이행,건조,맑음,단일로 - 교량,승합,남,49세,상해없음,보행자,남,44세,사망
2017101600100061,2017년 10월 16일 05시,월요일,전라북도 부안군 동진면,경상사고,0,0,1,0,차대차 - 추돌,안전운전불이행,건조,맑음,단일로 - 기타,승용,남,28세,경상,농기계,남,56세,상해없음
2017101600100117,2017년 10월 16일 08시,월요일,전라북도 정읍시 신태인읍,중상사고,0,1,0,0,차대차 - 측면충돌,직진우회전진행방해,건조,맑음,교차로 - 교차로안,승용,남,32세,상해없음,승용,남,64세,중상
2017101600100167,2017년 10월 16일 10시,월요일,전라북도 정읍시 이평면,경상사고,0,0,1,0,차대차 - 측면충돌,안전운전불이행,건조,맑음,교차로 - 교차로안,승합,남,65세,상해없음,이륜,남,71세,경상
2017101600100168,2017년 10월 16일 10시,월요일,전라북도 고창군 해리면,경상사고,0,0,1,0,차대차 - 측면충돌,직진우회전진행방해,건조,맑음,교차로 - 교차로안,화물,남,46세,상해없음,건설기계,남,43세,경상
2017101600100169,2017년 10월 16일 10시,월요일,전라북도 진안군 상전면,중상사고,0,1,0,0,차대사람 - 길가장자리구역통행중,안전운전불이행,건조,흐림,단일로 - 기타,승용,남,64세,상해없음,보행자,남,61세,중상
2017101600100230,2017년 10월 16일 12시,월요일,전라북도 김제시 금구면,사망사고,1,3,0,0,차대차 - 추돌,안전거리미확보,건조,맑음,교차로 - 교차로부근,화물,남,70세,사망,화물,남,37세,중상
2017101600100231,2017년 10월 16일 12시,월요일,전라북도 고창군 흥덕면,중상사고,0,1,0,0,차대사람 - 횡단중,보행자보호의무위반,건조,맑음,교차로 - 교차로안,화물,남,64세,상해없음,보행자,남,83세,중상
2017101600100265,2017년 10월 16일 13시,월요일,전라북도 남원시 금동,경상사고,0,0,1,0,차대차 - 측면충돌,교차로운행방법위반,건조,맑음,교차로 - 교차로안,화물,남,68세,상해없음,자전거,남,74세,경상
2017101600100335,2017년 10월 16일 15시,월요일,전라북도 익산시 갈산동,중상사고,0,1,0,0,차대차 - 측면충돌,안전운전불이행,건조,맑음,교차로 - 교차로안,승용,여,36세,상해없음,자전거,남,81세,중상
2017101600100442,2017년 10월 16일 18시,월요일,전라북도 고창군 고창읍,경상사고,0,0,1,0,차대사람 - 횡단중,보행자보호의무위반,건조,맑음,교차로 - 교차로횡단보도내,승용,여,55세,상해없음,보행자,여,44세,경상
2017101600100443,2017년 10월 16일 18시,월요일,전라북도 무주군 적상면,경상사고,0,0,2,0,차대차 - 측면충돌,중앙선침범,건조,맑음,단일로 - 기타,승용,남,63세,상해없음,화물,남,59세,경상
2017101600100530,2017년 10월 16일 20시,월요일,전라북도 부안군 변산면,경상사고,0,0,3,0,차대차 - 기타,중앙선침범,건조,맑음,단일로 - 기타,승용,여,50세,상해없음,승용,남,29세,경상
2017101600100560,2017년 10월 16일 21시,월요일,전라북도 완주군 봉동읍,경상사고,0,0,1,0,차량단독 - 공작물충돌,안전운전불이행,건조,맑음,단일로 - 기타,승용,남,41세,경상,,,,
2017101600100604,2017년 10월 16일 23시,월요일,전라북도 순창군 금과면,중상사고,0,1,1,0,차량단독 - 전도전복,안전운전불이행,건조,맑음,단일로 - 기타,승용,여,25세,중상,미분류,미분류,미분류,미분류
2017101700100031,2017년 10월 17일 00시,화요일,전라북도 전주시 완산구 중화산동2가,경상사고,0,0,1,0,차대차 - 추돌,안전운전불이행,건조,맑음,교차로 - 교차로부근,승용,여,31세,상해없음,승용,남,59세,경상
2017101700100032,2017년 10월 17일 00시,화요일,전라북도 전주시 완산구 효자동3가,중상사고,0,1,0,0,차대차 - 기타,불법유턴,건조,맑음,교차로 - 교차로안,자전거,여,18세,상해없음,승용,남,28세,중상
2017101700100037,2017년 10월 17일 01시,화요일,전라북도 전주시 완산구 효자동1가,경상사고,0,0,1,0,차대차 - 측면충돌,신호위반,건조,맑음,교차로 - 교차로안,승용,남,31세,상해없음,승용,여,28세,경상
2017101700100113,2017년 10월 17일 07시,화요일,전라북도 부안군 부안읍,경상사고,0,0,5,0,차대차 - 측면충돌,신호위반,건조,맑음,교차로 - 교차로안,승용,남,50세,경상,승합,남,22세,경상
2017101700100143,2017년 10월 17일 08시,화요일,전라북도 정읍시 소성면,사망사고,1,0,1,0,차대차 - 추돌,안전운전불이행,건조,맑음,교차로 - 교차로부근,화물,남,49세,사망,승합,남,57세,상해없음
2017101700100233,2017년 10월 17일 10시,화요일,전라북도 전주시 덕진구 진북동,경상사고,0,0,3,0,차대차 - 측면충돌,신호위반,건조,맑음,교차로 - 교차로안,화물,남,71세,상해없음,승용,남,67세,경상
2017101700100234,2017년 10월 17일 10시,화요일,전라북도 김제시 금구면,경상사고,0,0,2,0,차대차 - 측면충돌,교차로운행방법위반,건조,맑음,교차로 - 교차로안,건설기계,남,63세,상해없음,승용,남,37세,경상
2017101700100264,2017년 10월 17일 11시,화요일,전라북도 전주시 완산구 서서학동,중상사고,0,1,4,0,차대차 - 측면충돌,신호위반,건조,맑음,교차로 - 교차로부근,승합,남,56세,상해없음,승용,남,57세,경상
2017101700100293,2017년 10월 17일 12시,화요일,전라북도 군산시 옥도면,경상사고,0,0,1,0,차대사람 - 기타,안전운전불이행,건조,맑음,단일로 - 기타,원동기,여,44세,상해없음,보행자,여,71세,경상
2017101700100294,2017년 10월 17일 12시,화요일,전라북도 정읍시 시기동,경상사고,0,0,1,0,차대사람 - 차도통행중,안전운전불이행,건조,맑음,단일로 - 기타,승용,여,56세,상해없음,보행자,여,19세,경상
2017101700100317,2017년 10월 17일 13시,화요일,전라북도 군산시 옥도면,중상사고,0,1,0,0,차대사람 - 기타,안전운전불이행,건조,맑음,단일로 - 기타,승용,남,66세,상해없음,보행자,여,55세,중상
2017101700100350,2017년 10월 17일 14시,화요일,전라북도 군산시 임피면,중상사고,0,1,0,0,차대차 - 측면충돌,중앙선침범,건조,맑음,단일로 - 기타,자전거,남,76세,중상,승용,남,53세,상해없음
2017101700100351,2017년 10월 17일 14시,화요일,전라북도 정읍시 영원면,경상사고,0,0,1,0,차대사람 - 기타,안전운전불이행,건조,맑음,단일로 - 기타,승용,남,40세,상해없음,보행자,여,65세,경상
2017101700100384,2017년 10월 17일 15시,화요일,전라북도 군산시 성산면,중상사고,0,1,0,0,차대차 - 측면충돌,직진우회전진행방해,건조,맑음,교차로 - 교차로안,승용,남,76세,중상,건설기계,남,22세,상해없음
2017101700100385,2017년 10월 17일 15시,화요일,전라북도 익산시 팔봉동,중상사고,0,1,7,1,차대차 - 측면충돌,교차로운행방법위반,건조,맑음,교차로 - 교차로안,승합,남,57세,상해없음,승용,남,54세,중상
2017101700100386,2017년 10월 17일 15시,화요일,전라북도 김제시 용지면,경상사고,0,0,1,0,차대차 - 측면충돌,차로위반,건조,맑음,단일로 - 기타,화물,남,71세,상해없음,승용,여,46세,경상
2017101700100387,2017년 10월 17일 15시,화요일,전라북도 김제시 청하면,경상사고,0,0,1,0,차대차 - 측면충돌,중앙선침범,건조,맑음,단일로 - 기타,화물,남,54세,상해없음,특수,남,37세,경상
2017101700100423,2017년 10월 17일 16시,화요일,전라북도 부안군 부안읍,중상사고,0,2,0,0,차대차 - 측면충돌,교차로운행방법위반,건조,맑음,교차로 - 교차로안,화물,남,67세,상해없음,승용,여,77세,중상
2017101700100461,2017년 10월 17일 17시,화요일,전라북도 전주시 완산구 서신동,경상사고,0,0,1,0,차대차 - 추돌,안전운전불이행,건조,맑음,교차로 - 교차로부근,승용,남,52세,상해없음,승용,남,36세,경상
2017101700100515,2017년 10월 17일 18시,화요일,전라북도 군산시 미장동,경상사고,0,0,6,0,차대차 - 측면충돌,직진우회전진행방해,건조,맑음,교차로 - 교차로안,승용,여,29세,상해없음,승용,여,59세,경상
2017101700100516,2017년 10월 17일 18시,화요일,전라북도 정읍시 시기동,중상사고,0,1,0,0,차대사람 - 횡단중,신호위반,건조,맑음,교차로 - 교차로횡단보도내,승용,남,67세,상해없음,보행자,여,66세,중상
2017101700100595,2017년 10월 17일 20시,화요일,전라북도 익산시 신용동,경상사고,0,0,1,0,차대차 - 후진중충돌,안전운전불이행,건조,맑음,기타 - 기타,승용,남,20세,상해없음,승용,남,28세,경상
2017101700100652,2017년 10월 17일 22시,화요일,전라북도 익산시 영등동,경상사고,0,0,1,0,차대차 - 측면충돌,안전운전불이행,건조,맑음,단일로 - 기타,승용,남,56세,상해없음,원동기,남,21세,경상
2017101700100667,2017년 10월 17일 23시,화요일,전라북도 순창군 순창읍,중상사고,0,1,0,0,차대사람 - 차도통행중,안전운전불이행,건조,맑음,단일로 - 기타,승용,남,50세,상해없음,보행자,여,64세,중상
2017101800100028,2017년 10월 18일 00시,수요일,전라북도 전주시 완산구 중화산동2가,경상사고,0,0,1,0,차대차 - 추돌,안전거리미확보,건조,맑음,단일로 - 기타,승용,남,22세,상해없음,승용,남,20세,경상
2017101800100041,2017년 10월 18일 01시,수요일,전라북도 전주시 완산구 효자동3가,경상사고,0,0,1,0,차대차 - 기타,직진우회전진행방해,건조,맑음,교차로 - 교차로안,승용,남,61세,상해없음,승용,남,26세,경상
2017101800100091,2017년 10월 18일 06시,수요일,전라북도 전주시 덕진구 팔복동2가,경상사고,0,0,1,0,차대차 - 추돌,안전운전불이행,건조,맑음,교차로 - 교차로안,승용,남,51세,상해없음,승용,여,47세,경상
2017101800100179,2017년 10월 18일 09시,수요일,전라북도 정읍시 연지동,경상사고,0,0,1,0,차대사람 - 횡단중,보행자보호의무위반,건조,맑음,교차로 - 교차로횡단보도내,승용,여,60세,상해없음,보행자,여,46세,경상
2017101800100201,2017년 10월 18일 10시,수요일,전라북도 남원시 노암동,경상사고,0,0,1,0,차대사람 - 기타,안전운전불이행,건조,맑음,단일로 - 기타,화물,남,49세,상해없음,보행자,여,60세,경상
2017101800100202,2017년 10월 18일 10시,수요일,전라북도 고창군 고창읍,중상사고,0,1,0,0,차대사람 - 횡단중,보행자보호의무위반,건조,맑음,교차로 - 교차로횡단보도내,화물,남,41세,상해없음,보행자,여,76세,중상
2017101800100203,2017년 10월 18일 10시,수요일,전라북도 고창군 고창읍,중상사고,0,1,0,0,차대차 - 측면충돌,직진우회전진행방해,건조,맑음,교차로 - 교차로안,승합,남,56세,상해없음,이륜,남,74세,중상
2017101800100227,2017년 10월 18일 11시,수요일,전라북도 군산시 조촌동,중상사고,0,1,0,0,차대차 - 측면충돌,직진우회전진행방해,건조,맑음,교차로 - 교차로안,승용,여,67세,상해없음,승용,남,63세,중상
2017101800100310,2017년 10월 18일 14시,수요일,전라북도 고창군 상하면,사망사고,1,1,0,0,차대차 - 추돌,안전운전불이행,건조,흐림,단일로 - 기타,화물,남,40세,상해없음,농기계,남,72세,사망
2017101800100338,2017년 10월 18일 15시,수요일,전라북도 익산시 남중동,경상사고,0,0,2,0,차대차 - 추돌,안전운전불이행,건조,맑음,교차로 - 교차로부근,승용,남,54세,상해없음,승용,여,57세,경상
2017101800100339,2017년 10월 18일 15시,수요일,전라북도 남원시 도통동,중상사고,0,1,0,0,차대차 - 측면충돌,안전운전불이행,건조,맑음,교차로 - 교차로안,승용,여,50세,상해없음,자전거,남,16세,중상
2017101800100358,2017년 10월 18일 16시,수요일,전라북도 무주군 무주읍,경상사고,0,0,1,0,차대차 - 측면충돌,안전운전불이행,건조,맑음,단일로 - 기타,건설기계,남,45세,상해없음,승용,여,49세,경상
2017101800100395,2017년 10월 18일 17시,수요일,전라북도 익산시 신동,경상사고,0,0,1,0,차대차 - 추돌,안전운전불이행,건조,맑음,단일로 - 기타,승용,남,63세,상해없음,승용,여,52세,경상
2017101800100396,2017년 10월 18일 17시,수요일,전라북도 익산시 영등동,경상사고,0,0,3,0,차대차 - 측면충돌,안전운전불이행,건조,맑음,교차로 - 교차로부근,승용,남,82세,상해없음,승용,남,45세,경상
2017101800100397,2017년 10월 18일 17시,수요일,전라북도 김제시 죽산면,경상사고,0,0,2,0,차대차 - 추돌,안전운전불이행,건조,맑음,단일로 - 기타,승용,남,59세,상해없음,승용,남,63세,경상
2017101800100450,2017년 10월 18일 18시,수요일,전라북도 군산시 임피면,경상사고,0,0,2,0,차대차 - 추돌,안전운전불이행,건조,맑음,단일로 - 기타,승용,여,46세,경상,농기계,남,65세,경상
2017101800100451,2017년 10월 18일 18시,수요일,전라북도 익산시 모현동1가,경상사고,0,0,1,0,차대사람 - 횡단중,보행자보호의무위반,건조,맑음,단일로 - 기타,승용,남,66세,상해없음,보행자,여,13세,경상
2017101800100452,2017년 10월 18일 18시,수요일,전라북도 부안군 백산면,경상사고,0,0,2,0,차대차 - 추돌,안전운전불이행,건조,맑음,단일로 - 기타,화물,남,38세,상해없음,화물,남,61세,기타불명
2017101800100503,2017년 10월 18일 19시,수요일,전라북도 익산시 신동,경상사고,0,0,1,0,차대차 - 측면충돌,안전운전불이행,건조,맑음,기타 - 기타,승용,남,36세,상해없음,자전거,남,21세,경상
2017101800100539,2017년 10월 18일 20시,수요일,전라북도 전주시 완산구 효자동1가,중상사고,0,1,0,0,차대차 - 기타,안전거리미확보,건조,맑음,단일로 - 기타,승용,남,39세,상해없음,이륜,남,27세,중상
2017101800100540,2017년 10월 18일 20시,수요일,전라북도 익산시 모현동1가,경상사고,0,0,1,0,차대차 - 측면충돌,안전운전불이행,건조,맑음,교차로 - 교차로부근,승용,남,29세,상해없음,이륜,남,60세,경상
2017101900100028,2017년 10월 19일 00시,목요일,전라북도 전주시 덕진구 금암동,경상사고,0,0,2,0,차대차 - 기타,중앙선침범,건조,맑음,단일로 - 기타,승용,남,32세,상해없음,승용,남,26세,경상
2017101900100109,2017년 10월 19일 07시,목요일,전라북도 정읍시 북면,중상사고,0,1,0,0,차대차 - 추돌,안전운전불이행,건조,맑음,단일로 - 기타,승용,남,43세,상해없음,승용,남,57세,중상
2017101900100110,2017년 10월 19일 07시,목요일,전라북도 정읍시 신태인읍,중상사고,0,1,0,0,차대차 - 측면충돌,신호위반,건조,맑음,교차로 - 교차로안,이륜,남,60세,중상,화물,남,62세,상해없음
2017101900100111,2017년 10월 19일 07시,목요일,전라북도 장수군 번암면,중상사고,0,1,0,0,차대차 - 측면충돌,교차로운행방법위반,건조,맑음,교차로 - 교차로안,이륜,남,66세,중상,화물,남,55세,상해없음
2017101900100154,2017년 10월 19일 08시,목요일,전라북도 김제시 금구면,경상사고,0,0,1,0,차대차 - 기타,중앙선침범,건조,맑음,단일로 - 기타,승용,여,37세,상해없음,승용,여,34세,경상
2017101900100238,2017년 10월 19일 10시,목요일,전라북도 익산시 모현동1가,경상사고,0,0,1,0,차대차 - 측면충돌,안전운전불이행,건조,맑음,교차로 - 교차로안,승용,남,42세,상해없음,자전거,여,73세,경상
2017101900100264,2017년 10월 19일 11시,목요일,전라북도 전주시 덕진구 금암동,경상사고,0,0,3,0,차대차 - 측면충돌,기타,건조,맑음,교차로 - 교차로부근,승용,여,55세,상해없음,승용,여,50세,경상
2017101900100282,2017년 10월 19일 12시,목요일,전라북도 정읍시 연지동,중상사고,0,1,1,0,차대차 - 측면충돌,불법유턴,건조,맑음,교차로 - 교차로부근,이륜,남,62세,중상,승용,여,50세,경상
2017101900100283,2017년 10월 19일 12시,목요일,전라북도 남원시 대강면,중상사고,0,1,1,0,차대차 - 정면충돌,중앙선침범,건조,맑음,단일로 - 기타,승용,여,58세,상해없음,건설기계,남,39세,상해없음
2017101900100301,2017년 10월 19일 13시,목요일,전라북도 전주시 덕진구 덕진동1가,중상사고,0,1,1,0,차대차 - 측면충돌,안전운전불이행,건조,맑음,교차로 - 교차로안,승용,남,40세,상해없음,승용,남,68세,경상
2017101900100302,2017년 10월 19일 13시,목요일,전라북도 순창군 금과면,중상사고,0,1,0,0,차대차 - 측면충돌,직진우회전진행방해,건조,맑음,교차로 - 교차로안,승용,남,46세,상해없음,승용,남,78세,상해없음
2017101900100303,2017년 10월 19일 13시,목요일,전라북도 장수군 산서면,경상사고,0,0,1,0,차대차 - 측면충돌,안전운전불이행,건조,맑음,교차로 - 교차로안,사륜오토바이(ATV),여,71세,경상,화물,남,58세,상해없음
2017101900100324,2017년 10월 19일 14시,목요일,전라북도 익산시 금마면,경상사고,0,0,1,0,차대사람 - 횡단중,중앙선침범,건조,맑음,단일로 - 기타,승용,남,59세,상해없음,보행자,여,57세,경상
2017101900100325,2017년 10월 19일 14시,목요일,전라북도 정읍시 시기동,중상사고,0,1,0,0,차대사람 - 기타,안전운전불이행,건조,맑음,단일로 - 기타,승합,남,55세,상해없음,보행자,남,75세,중상
2017101900100326,2017년 10월 19일 14시,목요일,전라북도 진안군 부귀면,경상사고,0,0,1,0,차량단독 - 공작물충돌,안전운전불이행,건조,맑음,단일로 - 기타,승용,남,34세,경상,,,,
2017101900100366,2017년 10월 19일 15시,목요일,전라북도 익산시 팔봉동,경상사고,0,0,1,0,차대차 - 측면충돌,신호위반,건조,맑음,교차로 - 교차로안,승용,여,48세,상해없음,승용,남,33세,경상
2017101900100367,2017년 10월 19일 15시,목요일,전라북도 남원시 천거동,중상사고,0,1,0,0,차대사람 - 차도통행중,안전운전불이행,건조,맑음,교차로 - 교차로안,승용,남,65세,상해없음,보행자,여,84세,중상
2017101900100413,2017년 10월 19일 16시,목요일,전라북도 군산시 중앙로1가,경상사고,0,0,1,0,차대사람 - 횡단중,보행자보호의무위반,건조,맑음,교차로 - 교차로횡단보도내,승용,남,45세,상해없음,보행자,남,77세,경상