사고번호,사고일시,요일,시군구,사고내용,사망자수,중상자수,경상자수,부상신고자수,사고유형,법규위반,노면상태,기상상태,도로형태,가해운전자 차종,가해운전자 성별,가해운전자 연령,가해운전자 상해정도,피해운전자 차종,피해운전자 성별,피해운전자 연령,피해운전자 상해정도
2017102400100424,2017년 10월 24일 16시,화요일,전라북도 남원시 금동,경상사고,0,0,1,0,차대사람 - 기타,교차로운행방법위반,건조,맑음,교차로 - 교차로부근,화물,남,50세,상해없음,보행자,남,49세,경상
2017102400100521,2017년 10월 24일 18시,화요일,전라북도 전주시 덕진구 팔복동2가,경상사고,0,0,3,0,차대차 - 추돌,안전운전불이행,건조,맑음,단일로 - 기타,승용,남,47세,상해없음,승용,여,31세,경상
2017102400100522,2017년 10월 24일 18시,화요일,전라북도 익산시 신동,경상사고,0,0,1,0,차대사람 - 횡단중,안전운전불이행,건조,맑음,단일로 - 기타,이륜,남,23세,상해없음,보행자,여,79세,경상
2017102400100523,2017년 10월 24일 18시,화요일,전라북도 순창군 복흥면,중상사고,0,1,0,0,차대사람 - 차도통행중,안전운전불이행,건조,맑음,단일로 - 기타,화물,남,62세,상해없음,보행자,남,72세,중상
2017102400100524,2017년 10월 24일 18시,화요일,전라북도 완주군 이서면,중상사고,0,1,0,0,차대차 - 기타,안전운전불이행,건조,맑음,교차로 - 교차로안,승용,남,32세,상해없음,이륜,남,37세,중상
2017102400100576,2017년 10월 24일 19시,화요일,전라북도 군산시 경암동,중상사고,0,1,2,0,차대차 - 측면충돌,신호위반,건조,맑음,교차로 - 교차로안,승용,여,40세,상해없음,승용,남,58세,중상
2017102400100609,2017년 10월 24일 20시,화요일,전라북도 익산시 영등동,경상사고,0,0,1,0,차대차 - 측면충돌,안전운전불이행,건조,맑음,단일로 - 기타,이륜,남,20세,경상,승용,여,52세,상해없음
2017102400100641,2017년 10월 24일 21시,화요일,전라북도 전주시 완산구 효자동1가,경상사고,0,0,3,0,차대차 - 측면충돌,안전운전불이행,건조,맑음,기타 - 기타,화물,남,57세,상해없음,승용,남,39세,경상
2017102400100642,2017년 10월 24일 21시,화요일,전라북도 남원시 향교동,중상사고,0,1,0,0,차대사람 - 횡단중,안전운전불이행,건조,맑음,교차로 - 교차로안,승용,남,29세,상해없음,보행자,남,54세,중상
2017102500100041,2017년 10월 25일 01시,수요일,전라북도 전주시 덕진구 우아동2가,중상사고,0,1,0,0,차량단독 - 공작물충돌,안전운전불이행,건조,맑음,단일로 - 기타,이륜,남,17세,상해없음,,,,
2017102500100042,2017년 10월 25일 01시,수요일,전라북도 군산시 소룡동,중상사고,0,1,0,0,차대차 - 측면충돌,안전운전불이행,건조,맑음,교차로 - 교차로안,승용,남,26세,상해없음,이륜,남,55세,중상
2017102500100060,2017년 10월 25일 03시,수요일,전라북도 김제시 금구면,중상사고,0,1,1,0,차대차 - 추돌,안전운전불이행,건조,맑음,단일로 - 기타,승합,남,28세,경상,화물,남,55세,중상
2017102500100237,2017년 10월 25일 10시,수요일,전라북도 익산시 어양동,경상사고,0,0,1,0,차대차 - 측면충돌,안전운전불이행,건조,맑음,교차로 - 교차로안,승용,여,39세,상해없음,화물,남,28세,경상
2017102500100270,2017년 10월 25일 11시,수요일,전라북도 익산시 낭산면,사망사고,1,1,0,0,차대차 - 정면충돌,중앙선침범,건조,맑음,단일로 - 기타,화물,남,49세,상해없음,화물,남,53세,중상
2017102500100271,2017년 10월 25일 11시,수요일,전라북도 김제시 황산면,중상사고,0,3,0,0,차대차 - 측면충돌,교차로운행방법위반,건조,맑음,교차로 - 교차로안,화물,남,69세,상해없음,승용,남,75세,중상
2017102500100272,2017년 10월 25일 11시,수요일,전라북도 김제시 황산동,경상사고,0,0,2,0,차대차 - 측면충돌,신호위반,건조,맑음,교차로 - 교차로안,화물,남,38세,상해없음,승합,여,50세,경상
2017102500100309,2017년 10월 25일 12시,수요일,전라북도 김제시 요촌동,경상사고,0,0,1,0,차대차 - 측면충돌,교차로운행방법위반,건조,맑음,교차로 - 교차로안,승용,여,62세,상해없음,원동기,남,29세,경상
2017102500100334,2017년 10월 25일 13시,수요일,전라북도 익산시 남중동,경상사고,0,0,1,0,차대차 - 측면충돌,신호위반,건조,맑음,교차로 - 교차로안,승용,여,54세,상해없음,승용,남,38세,경상
2017102500100373,2017년 10월 25일 14시,수요일,전라북도 완주군 봉동읍,사망사고,1,0,0,0,차대사람 - 횡단중,안전운전불이행,건조,맑음,단일로 - 기타,승용,남,35세,상해없음,보행자,여,74세,사망
2017102500100445,2017년 10월 25일 16시,수요일,전라북도 전주시 덕진구 진북동,중상사고,0,1,0,0,차대사람 - 기타,안전운전불이행,건조,맑음,단일로 - 기타,승용,여,65세,상해없음,보행자,여,67세,중상
2017102500100446,2017년 10월 25일 16시,수요일,전라북도 전주시 덕진구 우아동3가,중상사고,0,1,0,0,차대사람 - 보도통행중,기타,건조,맑음,단일로 - 기타,승용,남,37세,상해없음,보행자,여,66세,중상
2017102500100492,2017년 10월 25일 17시,수요일,전라북도 남원시 향교동,경상사고,0,0,3,0,차대차 - 측면충돌,중앙선침범,건조,맑음,단일로 - 기타,승용,남,24세,상해없음,승용,남,55세,경상
2017102500100557,2017년 10월 25일 18시,수요일,전라북도 전주시 완산구 효자동3가,경상사고,0,0,1,0,차대차 - 측면충돌,안전거리미확보,건조,맑음,단일로 - 기타,승용,남,40세,상해없음,이륜,남,18세,경상
2017102500100558,2017년 10월 25일 18시,수요일,전라북도 익산시 함열읍,경상사고,0,0,1,0,차대차 - 추돌,안전운전불이행,건조,맑음,단일로 - 기타,승용,남,20세,상해없음,자전거,남,77세,경상
2017102500100559,2017년 10월 25일 18시,수요일,전라북도 익산시 성당면,경상사고,0,0,1,0,차대차 - 측면충돌,안전운전불이행,건조,맑음,단일로 - 기타,기타불명,기타불명,미분류,기타불명,승용,여,63세,경상
2017102500100560,2017년 10월 25일 18시,수요일,전라북도 부안군 변산면,중상사고,0,2,1,0,차량단독 - 공작물충돌,안전운전불이행,건조,맑음,단일로 - 기타,승용,여,58세,경상,,,,
2017102500100561,2017년 10월 25일 18시,수요일,전라북도 진안군 동향면,사망사고,1,0,0,0,차대차 - 추돌,안전운전불이행,건조,맑음,단일로 - 기타,화물,남,58세,상해없음,농기계,남,58세,사망
2017102500100611,2017년 10월 25일 19시,수요일,전라북도 군산시 소룡동,경상사고,0,0,1,0,차대사람 - 길가장자리구역통행중,안전운전불이행,건조,맑음,교차로 - 교차로안,승용,남,58세,상해없음,보행자,여,74세,경상
2017102500100612,2017년 10월 25일 19시,수요일,전라북도 익산시 신동,경상사고,0,0,2,0,차대차 - 추돌,안전운전불이행,건조,맑음,교차로 - 교차로부근,승용,남,34세,상해없음,승용,남,48세,경상
2017102500100613,2017년 10월 25일 19시,수요일,전라북도 익산시 부송동,경상사고,0,0,1,0,차대사람 - 기타,기타,건조,맑음,단일로 - 기타,승용,남,46세,상해없음,보행자,남,49세,경상
2017102500100614,2017년 10월 25일 19시,수요일,전라북도 익산시 용안면,경상사고,0,0,1,0,차대차 - 추돌,안전운전불이행,건조,맑음,단일로 - 기타,승용,남,58세,상해없음,농기계,남,55세,경상
2017102500100681,2017년 10월 25일 21시,수요일,전라북도 전주시 덕진구 금암동,경상사고,0,0,1,0,차대차 - 측면충돌,교차로운행방법위반,건조,맑음,교차로 - 교차로안,이륜,남,49세,상해없음,이륜,남,28세,경상
2017102500100682,2017년 10월 25일 21시,수요일,전라북도 정읍시 장명동,경상사고,0,0,2,0,차대차 - 측면충돌,안전거리미확보,건조,맑음,교차로 - 교차로부근,승용,남,60세,상해없음,승용,남,31세,경상
2017102500100745,2017년 10월 25일 23시,수요일,전라북도 전주시 완산구 중화산동2가,중상사고,0,1,0,0,차대차 - 측면충돌,안전거리미확보,건조,맑음,단일로 - 기타,승용,남,32세,상해없음,이륜,남,18세,중상
2017102600100037,2017년 10월 26일 01시,목요일,전라북도 전주시 완산구 삼천동1가,경상사고,0,0,2,0,차대차 - 추돌,안전거리미확보,건조,맑음,단일로 - 기타,승용,여,31세,상해없음,승용,남,42세,경상
2017102600100038,2017년 10월 26일 01시,목요일,전라북도 정읍시 상동,경상사고,0,0,2,0,차대차 - 측면충돌,직진우회전진행방해,건조,맑음,교차로 - 교차로안,승용,남,48세,상해없음,승용,남,31세,경상
2017102600100190,2017년 10월 26일 10시,목요일,전라북도 전주시 덕진구 반월동,경상사고,0,0,4,0,차대차 - 추돌,안전운전불이행,건조,맑음,단일로 - 기타,화물,남,56세,상해없음,화물,남,37세,경상
2017102600100191,2017년 10월 26일 10시,목요일,전라북도 남원시 노암동,경상사고,0,0,1,0,차대차 - 측면충돌,중앙선침범,건조,맑음,단일로 - 기타,승용,여,46세,상해없음,이륜,남,71세,경상
2017102600100192,2017년 10월 26일 10시,목요일,전라북도 순창군 순창읍,경상사고,0,0,2,0,차대차 - 측면충돌,직진우회전진행방해,건조,맑음,교차로 - 교차로안,화물,남,41세,경상,화물,남,66세,경상
2017102600100222,2017년 10월 26일 11시,목요일,전라북도 익산시 남중동,경상사고,0,0,1,0,차대사람 - 기타,안전운전불이행,건조,맑음,교차로 - 교차로안,화물,남,39세,상해없음,보행자,여,73세,경상
2017102600100248,2017년 10월 26일 12시,목요일,전라북도 군산시 경암동,경상사고,0,0,1,0,차대차 - 측면충돌,안전운전불이행,건조,맑음,교차로 - 교차로부근,화물,남,68세,상해없음,승용,남,70세,경상
2017102600100277,2017년 10월 26일 13시,목요일,전라북도 군산시 대명동,경상사고,0,0,1,0,차대차 - 기타,불법유턴,건조,맑음,교차로 - 교차로횡단보도내,자전거,남,62세,경상,승용,남,69세,상해없음
2017102600100311,2017년 10월 26일 14시,목요일,전라북도 전주시 완산구 서노송동,경상사고,0,0,1,0,차대차 - 추돌,안전운전불이행,건조,맑음,교차로 - 교차로안,승용,남,39세,상해없음,이륜,남,23세,경상
2017102600100312,2017년 10월 26일 14시,목요일,전라북도 전주시 완산구 경원동1가,중상사고,0,2,1,0,차대차 - 추돌,안전운전불이행,건조,맑음,교차로 - 교차로부근,승용,여,75세,상해없음,승합,남,38세,경상
2017102600100313,2017년 10월 26일 14시,목요일,전라북도 익산시 신동,경상사고,0,0,1,0,차대차 - 측면충돌,신호위반,건조,맑음,교차로 - 교차로안,승용,남,34세,상해없음,이륜,남,59세,경상
2017102600100351,2017년 10월 26일 15시,목요일,전라북도 익산시 남중동,중상사고,0,1,0,0,차대사람 - 기타,안전운전불이행,건조,맑음,단일로 - 기타,이륜,남,24세,상해없음,보행자,여,76세,중상
2017102600100378,2017년 10월 26일 16시,목요일,전라북도 김제시 요촌동,중상사고,0,2,0,0,차대차 - 측면충돌,교차로운행방법위반,건조,맑음,교차로 - 교차로안,승용,남,48세,상해없음,이륜,남,75세,중상
2017102600100423,2017년 10월 26일 17시,목요일,전라북도 전주시 덕진구 덕진동1가,경상사고,0,0,1,0,차대차 - 추돌,안전운전불이행,건조,맑음,단일로 - 기타,승용,남,25세,상해없음,승용,여,53세,경상
2017102600100424,2017년 10월 26일 17시,목요일,전라북도 군산시 대야면,경상사고,0,0,1,0,차대차 - 측면충돌,안전운전불이행,건조,맑음,교차로 - 교차로부근,승용,남,67세,상해없음,원동기,여,60세,경상
2017102600100425,2017년 10월 26일 17시,목요일,전라북도 익산시 마동,중상사고,0,1,0,0,차대차 - 기타,안전거리미확보,건조,맑음,교차로 - 교차로부근,이륜,남,26세,상해없음,이륜,남,41세,중상
2017102600100476,2017년 10월 26일 18시,목요일,전라북도 전주시 덕진구 팔복동2가,경상사고,0,0,1,0,차대차 - 기타,안전운전불이행,건조,기타,단일로 - 기타,승용,남,55세,상해없음,승용,남,43세,경상
2017102600100477,2017년 10월 26일 18시,목요일,전라북도 군산시 성산면,경상사고,0,0,4,0,차대차 - 추돌,안전거리미확보,건조,맑음,단일로 - 기타,승용,남,35세,상해없음,화물,남,52세,상해없음
2017102600100478,2017년 10월 26일 18시,목요일,전라북도 군산시 성산면,경상사고,0,0,1,0,차대차 - 측면충돌,안전거리미확보,건조,맑음,단일로 - 기타,승용,남,33세,상해없음,승용,여,40세,경상
2017102600100534,2017년 10월 26일 19시,목요일,전라북도 전주시 완산구 효자동1가,경상사고,0,0,1,0,차대차 - 측면충돌,신호위반,건조,맑음,교차로 - 교차로안,승용,여,30세,상해없음,이륜,남,49세,경상
2017102600100565,2017년 10월 26일 20시,목요일,전라북도 익산시 송학동,사망사고,1,0,0,0,차대사람 - 횡단중,안전운전불이행,건조,맑음,교차로 - 교차로부근,승용,남,59세,상해없음,보행자,여,79세,사망
2017102600100566,2017년 10월 26일 20시,목요일,전라북도 김제시 순동,경상사고,0,0,1,0,차대차 - 측면충돌,안전운전불이행,건조,맑음,단일로 - 기타,기타불명,기타불명,미분류,기타불명,승용,여,47세,경상
2017102600100595,2017년 10월 26일 21시,목요일,전라북도 전주시 덕진구 덕진동1가,경상사고,0,0,2,0,차대차 - 추돌,안전운전불이행,건조,맑음,교차로 - 교차로부근,승용,남,56세,상해없음,승용,남,64세,경상
2017102700100053,2017년 10월 27일 03시,금요일,전라북도 전주시 완산구 중화산동2가,경상사고,0,0,1,0,차대차 - 추돌,안전거리미확보,건조,맑음,단일로 - 기타,승용,여,35세,상해없음,승용,여,32세,경상
2017102700100152,2017년 10월 27일 08시,금요일,전라북도 익산시 동산동,경상사고,0,0,4,0,차대차 - 측면충돌,직진우회전진행방해,건조,맑음,교차로 - 교차로안,승용,여,65세,상해없음,승용,여,28세,경상
2017102700100301,2017년 10월 27일 12시,금요일,전라북도 익산시 여산면,경상사고,0,0,1,0,차대차 - 측면충돌,중앙선침범,건조,맑음,단일로 - 기타,이륜,여,74세,경상,화물,남,69세,상해없음
2017102700100334,2017년 10월 27일 13시,금요일,전라북도 전주시 완산구 태평동,중상사고,0,1,0,0,차대차 - 측면충돌,교차로운행방법위반,건조,맑음,교차로 - 교차로안,화물,남,41세,상해없음,화물,남,45세,중상
2017102700100335,2017년 10월 27일 13시,금요일,전라북도 남원시 어현동,중상사고,0,1,0,0,차대사람 - 횡단중,안전운전불이행,건조,맑음,주차장 - 주차장,승합,남,38세,상해없음,보행자,여,58세,중상
2017102700100374,2017년 10월 27일 14시,금요일,전라북도 군산시 경암동,경상사고,0,0,1,0,차대차 - 측면충돌,안전운전불이행,건조,맑음,단일로 - 기타,승용,남,62세,상해없음,자전거,남,78세,경상
2017102700100375,2017년 10월 27일 14시,금요일,전라북도 익산시 부송동,중상사고,0,2,0,0,차대차 - 측면충돌,안전운전불이행,건조,맑음,교차로 - 교차로부근,승용,여,53세,상해없음,이륜,남,72세,중상
2017102700100376,2017년 10월 27일 14시,금요일,전라북도 익산시 왕궁면,중상사고,0,1,0,0,차대차 - 측면충돌,직진우회전진행방해,건조,맑음,교차로 - 교차로안,화물,남,29세,상해없음,이륜,여,64세,중상
2017102700100412,2017년 10월 27일 15시,금요일,전라북도 전주시 완산구 평화동2가,중상사고,0,1,0,0,차대사람 - 기타,안전운전불이행,건조,맑음,단일로 - 기타,승용,남,67세,상해없음,보행자,남,46세,중상
2017102700100413,2017년 10월 27일 15시,금요일,전라북도 김제시 서암동,중상사고,0,1,0,0,차대사람 - 횡단중,안전운전불이행,건조,맑음,교차로 - 교차로안,화물,남,60세,상해없음,보행자,여,81세,중상
2017102700100414,2017년 10월 27일 15시,금요일,전라북도 고창군 대산면,중상사고,0,1,0,0,차대차 - 정면충돌,중앙선침범,건조,맑음,단일로 - 기타,화물,남,61세,상해없음,원동기,남,82세,중상
2017102700100454,2017년 10월 27일 16시,금요일,전라북도 부안군 보안면,경상사고,0,0,1,0,차대차 - 기타,안전운전불이행,건조,맑음,단일로 - 기타,화물,남,73세,경상,화물,기타불명,미분류,기타불명
2017102700100455,2017년 10월 27일 16시,금요일,전라북도 부안군 부안읍,경상사고,0,0,1,0,차대차 - 측면충돌,안전운전불이행,건조,맑음,교차로 - 교차로안,승용,여,35세,상해없음,이륜,남,74세,경상
2017102700100497,2017년 10월 27일 17시,금요일,전라북도 익산시 송학동,중상사고,0,1,0,0,차대차 - 측면충돌,안전운전불이행,건조,맑음,단일로 - 기타,승용,남,64세,상해없음,이륜,남,41세,중상
2017102700100498,2017년 10월 27일 17시,금요일,전라북도 김제시 황산면,경상사고,0,0,2,0,차대차 - 추돌,안전운전불이행,건조,맑음,교차로 - 교차로부근,화물,남,66세,상해없음,승용,남,42세,경상
2017102700100499,2017년 10월 27일 17시,금요일,전라북도 부안군 하서면,경상사고,0,0,1,0,차량단독 - 도로외이탈 - 추락,안전운전불이행,건조,맑음,단일로 - 기타,승용,여,36세,경상,,,,
2017102700100561,2017년 10월 27일 18시,금요일,전라북도 군산시 조촌동,사망사고,1,0,0,0,차대차 - 추돌,안전운전불이행,건조,맑음,교차로 - 교차로안,승용,남,36세,상해없음,자전거,남,69세,사망
2017102700100562,2017년 10월 27일 18시,금요일,전라북도 익산시 영등동,경상사고,0,0,1,0,차대차 - 측면충돌,신호위반,건조,맑음,교차로 - 교차로안,승용,남,41세,상해없음,승용,남,46세,경상
2017102700100563,2017년 10월 27일 18시,금요일,전라북도 무주군 무주읍,중상사고,0,1,0,0,차대사람 - 차도통행중,안전운전불이행,건조,맑음,교차로 - 교차로부근,승용,남,61세,상해없음,보행자,여,81세,중상
2017102700100627,2017년 10월 27일 19시,금요일,전라북도 전주시 덕진구 덕진동1가,사망사고,1,0,0,0,차대차 - 정면충돌,안전운전불이행,건조,맑음,교차로 - 교차로안,화물,남,43세,상해없음,이륜,남,37세,사망
2017102700100628,2017년 10월 27일 19시,금요일,전라북도 군산시 옥산면,경상사고,0,0,1,0,차대차 - 측면충돌,신호위반,건조,맑음,교차로 - 교차로안,승용,여,56세,상해없음,승용,남,31세,경상
2017102700100629,2017년 10월 27일 19시,금요일,전라북도 익산시 신동,경상사고,0,0,1,0,차대차 - 측면충돌,직진우회전진행방해,건조,맑음,교차로 - 교차로안,승용,남,29세,상해없음,승용,남,53세,경상
2017102700100630,2017년 10월 27일 19시,금요일,전라북도 익산시 모현동1가,경상사고,0,0,3,0,차대차 - 측면충돌,차로위반,건조,맑음,단일로 - 기타,승용,여,51세,상해없음,승용,남,27세,경상
2017102700100631,2017년 10월 27일 19시,금요일,전라북도 정읍시 수성동,경상사고,0,0,1,0,차대사람 - 기타,안전운전불이행,건조,맑음,단일로 - 기타,승용,남,44세,상해없음,보행자,남,44세,경상
2017102700100721,2017년 10월 27일 21시,금요일,전라북도 전주시 덕진구 용정동,경상사고,0,0,1,0,차대차 - 기타,안전거리미확보,건조,맑음,단일로 - 기타,승용,남,54세,상해없음,화물,남,61세,경상
2017102800100031,2017년 10월 28일 00시,토요일,전라북도 전주시 덕진구 산정동,경상사고,0,0,1,0,차대차 - 측면충돌,안전운전불이행,건조,맑음,단일로 - 기타,승용,남,60세,상해없음,자전거,남,31세,경상
2017102800100032,2017년 10월 28일 00시,토요일,전라북도 전주시 덕진구 송천동2가,경상사고,0,0,1,0,차대사람 - 차도통행중,안전운전불이행,건조,맑음,단일로 - 기타,승용,남,26세,상해없음,보행자,남,39세,경상
2017102800100052,2017년 10월 28일 01시,토요일,전라북도 전주시 완산구 서노송동,경상사고,0,0,1,0,차대차 - 기타,안전운전불이행,건조,맑음,단일로 - 기타,승용,남,44세,상해없음,자전거,남,71세,경상
2017102800100122,2017년 10월 28일 06시,토요일,전라북도 군산시 수송동,경상사고,0,0,1,0,차대사람 - 차도통행중,안전운전불이행,건조,맑음,단일로 - 기타,승용,여,68세,상해없음,보행자,여,80세,경상
2017102800100123,2017년 10월 28일 06시,토요일,전라북도 완주군 고산면,중상사고,0,1,0,0,차대차 - 기타,안전운전불이행,건조,맑음,단일로 - 기타,승용,남,65세,상해없음,자전거,남,42세,중상
2017102800100145,2017년 10월 28일 07시,토요일,전라북도 군산시 대야면,중상사고,0,2,0,0,차대사람 - 기타,안전운전불이행,건조,맑음,단일로 - 기타,화물,남,35세,중상,보행자,남,65세,중상
2017102800100197,2017년 10월 28일 09시,토요일,전라북도 김제시 금구면,경상사고,0,0,4,0,차대차 - 추돌,안전운전불이행,건조,맑음,단일로 - 기타,승용,남,28세,경상,화물,남,55세,경상
2017102800100198,2017년 10월 28일 09시,토요일,전라북도 무주군 무주읍,경상사고,0,0,2,0,차대차 - 측면충돌,안전운전불이행,건조,맑음,교차로 - 교차로안,화물,남,72세,경상,화물,남,53세,경상
2017102800100237,2017년 10월 28일 10시,토요일,전라북도 전주시 완산구 서서학동,중상사고,0,1,0,0,차대차 - 기타,안전운전불이행,건조,맑음,단일로 - 기타,이륜,남,78세,중상,승용,남,59세,상해없음
2017102800100238,2017년 10월 28일 10시,토요일,전라북도 정읍시 상동,경상사고,0,0,1,0,차대차 - 측면충돌,불법유턴,건조,맑음,단일로 - 기타,이륜,남,75세,경상,화물,남,55세,상해없음
2017102800100459,2017년 10월 28일 15시,토요일,전라북도 정읍시 내장동,경상사고,0,0,4,0,차대차 - 측면충돌,중앙선침범,건조,맑음,단일로 - 기타,승합,남,62세,상해없음,승용,남,31세,경상
2017102800100502,2017년 10월 28일 16시,토요일,전라북도 전주시 덕진구 우아동3가,경상사고,0,0,2,0,차대차 - 측면충돌,교차로운행방법위반,건조,맑음,교차로 - 교차로안,화물,남,55세,상해없음,승용,남,46세,경상
2017102800100503,2017년 10월 28일 16시,토요일,전라북도 전주시 덕진구 금암동,경상사고,0,0,2,0,차대차 - 측면충돌,안전운전불이행,건조,맑음,단일로 - 기타,승용,남,25세,상해없음,승용,남,28세,경상
2017102800100504,2017년 10월 28일 16시,토요일,전라북도 익산시 송학동,중상사고,0,1,0,0,차대차 - 측면충돌,불법유턴,건조,맑음,교차로 - 교차로횡단보도내,자전거,남,8세,중상,화물,남,48세,상해없음
2017102800100505,2017년 10월 28일 16시,토요일,전라북도 익산시 여산면,경상사고,0,0,2,0,차대차 - 측면충돌,중앙선침범,건조,맑음,단일로 - 기타,이륜,남,65세,상해없음,승용,남,55세,경상
2017102800100547,2017년 10월 28일 17시,토요일,전라북도 전주시 덕진구 덕진동1가,경상사고,0,0,2,0,차대차 - 추돌,안전운전불이행,건조,맑음,단일로 - 기타,화물,남,60세,상해없음,승용,남,21세,경상
2017102800100548,2017년 10월 28일 17시,토요일,전라북도 군산시 미룡동,중상사고,0,1,0,0,차대차 - 기타,안전운전불이행,건조,맑음,단일로 - 기타,승용,남,33세,상해없음,이륜,남,35세,중상
2017102800100549,2017년 10월 28일 17시,토요일,전라북도 익산시 신동,경상사고,0,0,1,0,차대차 - 측면충돌,안전운전불이행,건조,맑음,단일로 - 기타,자전거,남,13세,경상,화물,남,74세,상해없음
2017102800100603,2017년 10월 28일 18시,토요일,전라북도 완주군 용진읍,중상사고,0,1,0,0,차대사람 - 횡단중,안전운전불이행,건조,맑음,교차로 - 교차로부근,승용,남,21세,상해없음,보행자,여,83세,중상
2017102800100665,2017년 10월 28일 19시,토요일,전라북도 익산시 인화동1가,경상사고,0,0,3,0,차대차 - 정면충돌,신호위반,건조,맑음,교차로 - 교차로안,이륜,남,28세,상해없음,승용,남,53세,경상
2017102800100666,2017년 10월 28일 19시,토요일,전라북도 완주군 고산면,중상사고,0,1,0,0,차량단독 - 공작물충돌,안전운전불이행,건조,맑음,단일로 - 기타,이륜,남,63세,중상,,,,
2017102800100710,2017년 10월 28일 20시,토요일,전라북도 전주시 완산구 평화동2가,중상사고,0,1,0,0,차대차 - 측면충돌,안전거리미확보,건조,맑음,단일로 - 기타,승용,여,53세,상해없음,이륜,남,59세,중상
2017102800100711,2017년 10월 28일 20시,토요일,전라북도 부안군 부안읍,중상사고,0,2,3,0,차대차 - 추돌,신호위반,건조,맑음,교차로 - 교차로안,승용,남,64세,경상,승용,남,54세,경상
2017102800100712,2017년 10월 28일 20시,토요일,전라북도 부안군 보안면,경상사고,0,0,1,0,차대차 - 추돌,안전운전불이행,건조,맑음,단일로 - 기타,승용,남,37세,상해없음,농기계,남,66세,경상
2017102800100743,2017년 10월 28일 21시,토요일,전라북도 전주시 덕진구 덕진동2가,경상사고,0,0,5,0,차대차 - 추돌,안전운전불이행,건조,맑음,단일로 - 기타,승용,남,47세,상해없음,승합,남,46세,경상
2017102800100783,2017년 10월 28일 23시,토요일,전라북도 김제시 금구면,중상사고,0,1,2,0,차대차 - 측면충돌,안전운전불이행,건조,맑음,단일로 - 기타,승용,여,27세,상해없음,승용,남,71세,경상
2017102900100090,2017년 10월 29일 05시,일요일,전라북도 군산시 나운동,경상사고,0,0,3,0,차대차 - 측면충돌,신호위반,건조,맑음,교차로 - 교차로안,승용,여,59세,상해없음,승용,남,56세,경상
2017102900100102,2017년 10월 29일 06시,일요일,전라북도 남원시 천거동,중상사고,0,1,0,0,차대사람 - 횡단중,보행자보호의무위반,건조,맑음,교차로 - 교차로횡단보도내,화물,남,62세,상해없음,보행자,여,70세,중상
2017102900100122,2017년 10월 29일 08시,일요일,전라북도 전주시 덕진구 용정동,경상사고,0,0,1,0,차대차 - 측면충돌,차로위반,건조,맑음,단일로 - 기타,화물,남,45세,상해없음,승용,남,23세,경상
2017102900100137,2017년 10월 29일 09시,일요일,전라북도 김제시 요촌동,중상사고,0,1,0,0,차대사람 - 횡단중,안전운전불이행,건조,맑음,단일로 - 기타,승용,여,53세,상해없음,보행자,여,14세,중상
2017102900100156,2017년 10월 29일 10시,일요일,전라북도 익산시 어양동,경상사고,0,0,3,0,차대차 - 측면충돌,신호위반,건조,맑음,단일로 - 기타,승용,남,52세,기타불명,승용,남,51세,경상
2017102900100204,2017년 10월 29일 12시,일요일,전라북도 순창군 쌍치면,부상신고사고,0,0,0,1,차량단독 - 공작물충돌,안전운전불이행,건조,맑음,단일로 - 기타,화물,남,21세,부상신고,,,,
2017102900100231,2017년 10월 29일 13시,일요일,전라북도 군산시 미룡동,경상사고,0,0,1,0,차대차 - 기타,안전운전불이행,건조,맑음,교차로 - 교차로부근,이륜,남,38세,경상,승용,남,35세,상해없음
2017102900100259,2017년 10월 29일 14시,일요일,전라북도 익산시 영등동,경상사고,0,0,1,0,차대사람 - 차도통행중,안전운전불이행,건조,맑음,단일로 - 기타,승용,남,39세,상해없음,보행자,여,34세,경상
2017102900100260,2017년 10월 29일 14시,일요일,전라북도 정읍시 구룡동,중상사고,0,1,0,0,차대차 - 추돌,안전운전불이행,건조,맑음,단일로 - 기타,승용,여,31세,중상,화물,남,61세,상해없음
2017102900100294,2017년 10월 29일 15시,일요일,전라북도 군산시 수송동,경상사고,0,0,1,0,차대차 - 기타,교차로운행방법위반,건조,맑음,교차로 - 교차로안,승용,여,33세,상해없음,승합,남,71세,경상
2017102900100329,2017년 10월 29일 16시,일요일,전라북도 군산시 산북동,경상사고,0,0,1,0,차대차 - 기타,중앙선침범,건조,맑음,단일로 - 기타,화물,남,64세,상해없음,승용,여,61세,경상
2017102900100367,2017년 10월 29일 17시,일요일,전라북도 김제시 흥사동,중상사고,0,2,1,0,차량단독 - 도로외이탈 - 기타,안전운전불이행,건조,맑음,단일로 - 기타,승합,여,54세,상해없음,,,,
2017102900100415,2017년 10월 29일 18시,일요일,전라북도 부안군 상서면,사망사고,1,1,1,0,차대차 - 추돌,안전운전불이행,건조,맑음,교차로 - 교차로부근,승용,남,66세,상해없음,농기계,남,72세,사망