사고번호,사고일시,요일,시군구,사고내용,사망자수,중상자수,경상자수,부상신고자수,사고유형,법규위반,노면상태,기상상태,도로형태,가해운전자 차종,가해운전자 성별,가해운전자 연령,가해운전자 상해정도,피해운전자 차종,피해운전자 성별,피해운전자 연령,피해운전자 상해정도
2017110300100705,2017년 11월 3일 21시,금요일,전라북도 전주시 완산구 서신동,중상사고,0,1,0,0,차대차 - 측면충돌,안전거리미확보,건조,맑음,단일로 - 기타,승용,남,33세,상해없음,이륜,남,46세,중상
2017110300100706,2017년 11월 3일 21시,금요일,전라북도 무주군 무주읍,경상사고,0,0,1,0,차대차 - 측면충돌,안전운전불이행,건조,맑음,교차로 - 교차로안,승용,남,38세,상해없음,원동기,남,17세,경상
2017110300100768,2017년 11월 3일 23시,금요일,전라북도 전주시 완산구 태평동,경상사고,0,0,1,0,차대차 - 추돌,안전운전불이행,건조,맑음,단일로 - 기타,승용,남,38세,상해없음,승용,남,52세,경상
2017110300100769,2017년 11월 3일 23시,금요일,전라북도 전주시 덕진구 팔복동3가,경상사고,0,0,2,0,차대차 - 추돌,안전운전불이행,건조,맑음,교차로 - 교차로부근,승용,남,39세,상해없음,승용,여,31세,경상
2017110400100027,2017년 11월 4일 00시,토요일,전라북도 익산시 영등동,경상사고,0,0,2,0,차대차 - 측면충돌,안전운전불이행,건조,맑음,교차로 - 교차로부근,승용,남,59세,상해없음,승용,남,56세,경상
2017110400100122,2017년 11월 4일 07시,토요일,전라북도 부안군 행안면,중상사고,0,1,1,0,차대차 - 측면충돌,직진우회전진행방해,건조,맑음,교차로 - 교차로안,화물,남,62세,중상,화물,남,69세,경상
2017110400100191,2017년 11월 4일 10시,토요일,전라북도 익산시 마동,경상사고,0,0,1,0,차대차 - 측면충돌,중앙선침범,건조,맑음,단일로 - 기타,승용,남,66세,상해없음,승용,남,57세,경상
2017110400100222,2017년 11월 4일 11시,토요일,전라북도 전주시 완산구 전동,중상사고,0,1,0,0,차량단독 - 기타,기타,건조,맑음,단일로 - 기타,승합,남,48세,상해없음,,,,
2017110400100223,2017년 11월 4일 11시,토요일,전라북도 익산시 평화동,경상사고,0,0,1,0,차대차 - 추돌,안전운전불이행,건조,맑음,교차로 - 교차로부근,승용,남,41세,상해없음,승용,여,58세,경상
2017110400100254,2017년 11월 4일 12시,토요일,전라북도 전주시 덕진구 덕진동2가,중상사고,0,1,0,0,차대차 - 측면충돌,안전거리미확보,건조,맑음,단일로 - 기타,승용,남,49세,상해없음,이륜,남,57세,중상
2017110400100294,2017년 11월 4일 13시,토요일,전라북도 전주시 덕진구 덕진동2가,경상사고,0,0,1,0,차대차 - 측면충돌,안전운전불이행,건조,맑음,교차로 - 교차로안,승용,여,60세,상해없음,승용,남,37세,경상
2017110400100295,2017년 11월 4일 13시,토요일,전라북도 군산시 옥산면,경상사고,0,0,1,0,차대차 - 측면충돌,안전거리미확보,건조,맑음,단일로 - 기타,특수,남,49세,상해없음,승용,남,64세,경상
2017110400100296,2017년 11월 4일 13시,토요일,전라북도 부안군 부안읍,경상사고,0,0,1,0,차량단독 - 전도전복,안전운전불이행,건조,맑음,교차로 - 교차로부근,화물,남,48세,경상,미분류,미분류,미분류,미분류
2017110400100319,2017년 11월 4일 14시,토요일,전라북도 전주시 덕진구 용정동,중상사고,0,1,2,0,차대차 - 추돌,안전운전불이행,건조,맑음,단일로 - 기타,화물,남,59세,상해없음,승용,남,33세,중상
2017110400100320,2017년 11월 4일 14시,토요일,전라북도 익산시 신동,중상사고,0,1,0,0,차대차 - 측면충돌,중앙선침범,건조,맑음,단일로 - 기타,승용,남,51세,상해없음,승용,여,62세,중상
2017110400100359,2017년 11월 4일 15시,토요일,전라북도 전주시 덕진구 금암동,경상사고,0,0,2,0,차대차 - 후진중충돌,안전운전불이행,건조,맑음,교차로 - 교차로부근,승용,남,85세,상해없음,승용,남,23세,경상
2017110400100360,2017년 11월 4일 15시,토요일,전라북도 김제시 하동,중상사고,0,1,0,0,차대차 - 측면충돌,불법유턴,건조,맑음,교차로 - 교차로안,승용,남,21세,상해없음,승용,남,22세,중상
2017110400100361,2017년 11월 4일 15시,토요일,전라북도 순창군 인계면,중상사고,0,1,7,0,차대차 - 추돌,안전운전불이행,건조,맑음,단일로 - 기타,승용,남,19세,경상,승용,남,38세,경상
2017110400100395,2017년 11월 4일 16시,토요일,전라북도 익산시 모현동1가,경상사고,0,0,1,0,차대차 - 측면충돌,안전운전불이행,건조,맑음,단일로 - 기타,승용,남,47세,상해없음,원동기,남,23세,경상
2017110400100443,2017년 11월 4일 17시,토요일,전라북도 순창군 구림면,경상사고,0,0,1,0,차량단독 - 도로외이탈 - 추락,안전운전불이행,건조,맑음,단일로 - 기타,승용,남,70세,경상,,,,
2017110400100481,2017년 11월 4일 18시,토요일,전라북도 익산시 모현동2가,경상사고,0,0,6,0,차대차 - 추돌,안전운전불이행,건조,맑음,단일로 - 기타,승용,남,36세,상해없음,승용,남,39세,경상
2017110400100482,2017년 11월 4일 18시,토요일,전라북도 정읍시 연지동,중상사고,0,1,1,0,차대차 - 추돌,안전운전불이행,건조,맑음,단일로 - 기타,승용,남,29세,상해없음,승용,남,39세,경상
2017110400100529,2017년 11월 4일 19시,토요일,전라북도 익산시 마동,경상사고,0,0,1,0,차대차 - 측면충돌,신호위반,건조,맑음,교차로 - 교차로부근,승용,남,61세,상해없음,승용,여,48세,경상
2017110400100530,2017년 11월 4일 19시,토요일,전라북도 완주군 삼례읍,경상사고,0,0,2,0,차대차 - 측면충돌,과속,건조,맑음,단일로 - 기타,승용,남,20세,상해없음,승용,남,62세,경상
2017110400100612,2017년 11월 4일 22시,토요일,전라북도 김제시 흥사동,경상사고,0,0,3,0,차대차 - 측면충돌,교차로운행방법위반,건조,맑음,교차로 - 교차로안,승용,여,49세,상해없음,승용,남,38세,경상
2017110400100643,2017년 11월 4일 23시,토요일,전라북도 군산시 미룡동,경상사고,0,0,2,0,차대차 - 추돌,안전운전불이행,건조,맑음,교차로 - 교차로부근,승용,남,54세,상해없음,승용,남,61세,경상
2017110400100644,2017년 11월 4일 23시,토요일,전라북도 정읍시 이평면,경상사고,0,0,3,0,차대차 - 측면충돌,안전운전불이행,건조,맑음,교차로 - 교차로안,승용,남,61세,상해없음,승용,여,47세,경상
2017110500100023,2017년 11월 5일 00시,일요일,전라북도 전주시 완산구 효자동1가,경상사고,0,0,3,0,차대차 - 추돌,중앙선침범,건조,맑음,교차로 - 교차로부근,승용,남,19세,상해없음,승용,남,20세,경상
2017110500100070,2017년 11월 5일 04시,일요일,전라북도 정읍시 상평동,중상사고,0,1,1,0,차량단독 - 기타,안전운전불이행,건조,맑음,기타 - 기타,이륜,남,15세,경상,,,,
2017110500100082,2017년 11월 5일 05시,일요일,전라북도 전주시 완산구 서서학동,경상사고,0,0,1,0,차대차 - 측면충돌,신호위반,건조,맑음,교차로 - 교차로안,화물,남,68세,상해없음,화물,남,72세,경상
2017110500100107,2017년 11월 5일 08시,일요일,전라북도 익산시 삼기면,중상사고,0,1,0,0,차대차 - 측면충돌,직진우회전진행방해,건조,맑음,교차로 - 교차로안,자전거,남,10세,중상,화물,여,56세,상해없음
2017110500100151,2017년 11월 5일 10시,일요일,전라북도 전주시 완산구 서신동,중상사고,0,1,0,0,차대차 - 측면충돌,교차로운행방법위반,건조,맑음,교차로 - 교차로안,이륜,남,66세,중상,승용,여,41세,상해없음
2017110500100152,2017년 11월 5일 10시,일요일,전라북도 익산시 주현동,중상사고,0,1,0,0,차대차 - 측면충돌,안전운전불이행,건조,맑음,단일로 - 기타,승용,여,58세,상해없음,자전거,남,75세,중상
2017110500100171,2017년 11월 5일 11시,일요일,전라북도 김제시 만경읍,중상사고,0,1,0,0,차대차 - 측면충돌,안전운전불이행,건조,맑음,단일로 - 기타,화물,남,72세,상해없음,이륜,남,38세,중상
2017110500100219,2017년 11월 5일 13시,일요일,전라북도 익산시 신동,경상사고,0,0,1,0,차대차 - 측면충돌,직진우회전진행방해,건조,맑음,교차로 - 교차로안,원동기,남,33세,경상,승용,남,23세,상해없음
2017110500100252,2017년 11월 5일 14시,일요일,전라북도 군산시 내흥동,경상사고,0,0,1,0,차대차 - 기타,교차로운행방법위반,건조,맑음,교차로 - 교차로안,승용,남,38세,상해없음,승용,남,40세,경상
2017110500100253,2017년 11월 5일 14시,일요일,전라북도 김제시 복죽동,경상사고,0,0,1,0,차대차 - 측면충돌,기타,건조,맑음,교차로 - 교차로안,승용,여,69세,상해없음,이륜,남,60세,경상
2017110500100286,2017년 11월 5일 15시,일요일,전라북도 전주시 완산구 평화동1가,경상사고,0,0,1,0,차대사람 - 기타,안전운전불이행,건조,맑음,단일로 - 기타,화물,여,52세,상해없음,보행자,남,10세,경상
2017110500100287,2017년 11월 5일 15시,일요일,전라북도 전주시 완산구 경원동1가,경상사고,0,0,4,0,차대차 - 후진중충돌,불법유턴,건조,맑음,단일로 - 기타,화물,남,58세,기타불명,승용,남,41세,경상
2017110500100288,2017년 11월 5일 15시,일요일,전라북도 군산시 나운동,경상사고,0,0,1,0,차대사람 - 횡단중,보행자보호의무위반,건조,맑음,교차로 - 교차로횡단보도내,승용,여,61세,상해없음,보행자,여,61세,경상
2017110500100289,2017년 11월 5일 15시,일요일,전라북도 군산시 신창동,경상사고,0,0,1,0,차대사람 - 횡단중,중앙선침범,건조,맑음,단일로 - 기타,승용,남,57세,상해없음,보행자,여,36세,경상
2017110500100321,2017년 11월 5일 16시,일요일,전라북도 익산시 덕기동,경상사고,0,0,2,0,차대차 - 측면충돌,신호위반,건조,맑음,교차로 - 교차로안,승용,여,64세,경상,승용,여,52세,경상
2017110500100392,2017년 11월 5일 18시,일요일,전라북도 익산시 신동,경상사고,0,0,2,0,차대차 - 측면충돌,안전운전불이행,건조,맑음,교차로 - 교차로부근,승용,여,26세,상해없음,승용,남,60세,경상
2017110500100433,2017년 11월 5일 19시,일요일,전라북도 김제시 백구면,사망사고,1,0,0,0,차대사람 - 횡단중,안전운전불이행,건조,맑음,교차로 - 교차로부근,화물,남,54세,상해없음,보행자,남,68세,사망
2017110500100466,2017년 11월 5일 20시,일요일,전라북도 전주시 완산구 중노송동,경상사고,0,0,2,1,차대차 - 측면충돌,중앙선침범,건조,맑음,교차로 - 교차로부근,승용,남,45세,기타불명,승용,남,31세,경상
2017110500100467,2017년 11월 5일 20시,일요일,전라북도 전주시 덕진구 금암동,경상사고,0,0,1,0,차대사람 - 횡단중,신호위반,건조,맑음,단일로 - 기타,화물,남,59세,상해없음,보행자,여,20세,경상
2017110500100468,2017년 11월 5일 20시,일요일,전라북도 익산시 영등동,경상사고,0,0,1,0,차대사람 - 횡단중,안전운전불이행,건조,맑음,교차로 - 교차로안,승용,남,39세,상해없음,보행자,남,18세,경상
2017110500100527,2017년 11월 5일 23시,일요일,전라북도 정읍시 송산동,경상사고,0,0,1,0,차대차 - 측면충돌,중앙선침범,건조,맑음,교차로 - 교차로부근,승용,남,38세,상해없음,승용,남,47세,경상
2017110600100030,2017년 11월 6일 00시,월요일,전라북도 익산시 부송동,경상사고,0,0,1,0,차대차 - 측면충돌,신호위반,건조,맑음,교차로 - 교차로안,승용,여,50세,상해없음,승용,여,42세,경상
2017110600100073,2017년 11월 6일 06시,월요일,전라북도 전주시 덕진구 인후동1가,경상사고,0,0,1,0,차대차 - 측면충돌,불법유턴,건조,맑음,교차로 - 교차로안,승용,남,25세,상해없음,승용,여,46세,경상
2017110600100074,2017년 11월 6일 06시,월요일,전라북도 익산시 영등동,중상사고,0,1,0,0,차대사람 - 횡단중,안전운전불이행,건조,맑음,단일로 - 기타,승용,남,66세,상해없음,보행자,여,84세,중상
2017110600100131,2017년 11월 6일 08시,월요일,전라북도 부안군 부안읍,중상사고,0,1,0,0,차대사람 - 보도통행중,신호위반,건조,맑음,교차로 - 교차로횡단보도내,승용,남,65세,상해없음,보행자,여,68세,중상
2017110600100198,2017년 11월 6일 10시,월요일,전라북도 익산시 영등동,중상사고,0,1,0,0,차대사람 - 횡단중,안전운전불이행,건조,맑음,단일로 - 기타,승용,남,75세,상해없음,보행자,여,75세,중상
2017110600100264,2017년 11월 6일 12시,월요일,전라북도 부안군 상서면,경상사고,0,0,2,0,차대차 - 추돌,안전운전불이행,건조,맑음,교차로 - 교차로부근,승용,여,54세,상해없음,승용,남,52세,경상
2017110600100364,2017년 11월 6일 15시,월요일,전라북도 김제시 검산동,사망사고,1,0,0,0,차대사람 - 횡단중,보행자보호의무위반,건조,맑음,단일로 - 기타,승용,남,66세,상해없음,보행자,여,78세,사망
2017110600100366,2017년 11월 6일 15시,월요일,전라북도 전주시 덕진구 장동,중상사고,0,2,6,0,차대차 - 추돌,안전운전불이행,건조,맑음,단일로 - 기타,승용,여,56세,상해없음,승용,남,65세,중상
2017110600100445,2017년 11월 6일 17시,월요일,전라북도 전주시 덕진구 진북동,경상사고,0,0,3,0,차대차 - 측면충돌,신호위반,건조,맑음,교차로 - 교차로안,승용,남,69세,상해없음,승용,남,60세,경상
2017110600100446,2017년 11월 6일 17시,월요일,전라북도 익산시 어양동,경상사고,0,0,1,0,차대사람 - 기타,안전운전불이행,건조,맑음,교차로 - 교차로횡단보도내,자전거,여,65세,상해없음,보행자,여,70세,경상
2017110600100447,2017년 11월 6일 17시,월요일,전라북도 진안군 안천면,중상사고,0,2,1,0,차대차 - 측면충돌,중앙선침범,건조,맑음,단일로 - 기타,승용,남,41세,상해없음,화물,남,59세,중상
2017110600100502,2017년 11월 6일 18시,월요일,전라북도 전주시 완산구 서완산동2가,사망사고,1,0,0,1,차대사람 - 횡단중,보행자보호의무위반,건조,맑음,교차로 - 교차로안,자전거,남,64세,사망,보행자,남,76세,부상신고
2017110600100503,2017년 11월 6일 18시,월요일,전라북도 전주시 덕진구 고랑동,경상사고,0,0,1,0,차대차 - 추돌,안전거리미확보,건조,맑음,단일로 - 기타,승용,남,37세,상해없음,승용,남,26세,경상
2017110600100504,2017년 11월 6일 18시,월요일,전라북도 군산시 대명동,경상사고,0,0,1,0,차대차 - 후진중충돌,안전운전불이행,건조,맑음,기타 - 기타,승용,남,36세,상해없음,승용,여,31세,경상
2017110600100505,2017년 11월 6일 18시,월요일,전라북도 남원시 노암동,중상사고,0,2,0,0,차대차 - 측면충돌,안전운전불이행,건조,맑음,단일로 - 기타,화물,남,65세,기타불명,원동기,남,76세,중상
2017110600100510,2017년 11월 6일 18시,월요일,전라북도 완주군 이서면,경상사고,0,0,2,0,차대차 - 추돌,안전운전불이행,건조,맑음,단일로 - 기타,승용,남,68세,상해없음,승용,남,56세,경상
2017110600100561,2017년 11월 6일 19시,월요일,전라북도 전주시 덕진구 반월동,경상사고,0,0,1,0,차대차 - 측면충돌,신호위반,건조,맑음,교차로 - 교차로안,승용,남,33세,상해없음,승용,여,25세,경상
2017110600100607,2017년 11월 6일 21시,월요일,전라북도 전주시 덕진구 덕진동1가,경상사고,0,0,1,0,차대차 - 측면충돌,중앙선침범,건조,맑음,단일로 - 기타,승용,남,34세,상해없음,이륜,남,33세,경상
2017110600100642,2017년 11월 6일 23시,월요일,전라북도 군산시 대야면,경상사고,0,0,1,0,차대차 - 추돌,안전거리미확보,건조,맑음,단일로 - 기타,승용,남,47세,상해없음,화물,남,65세,경상
2017110600100643,2017년 11월 6일 23시,월요일,전라북도 김제시 교동,경상사고,0,0,1,0,차대차 - 기타,안전운전불이행,건조,맑음,단일로 - 기타,승용,여,26세,상해없음,이륜,남,51세,경상
2017110700100027,2017년 11월 7일 00시,화요일,전라북도 익산시 영등동,경상사고,0,0,1,0,차대차 - 측면충돌,신호위반,건조,맑음,교차로 - 교차로안,승용,여,53세,상해없음,승용,남,56세,경상
2017110700100112,2017년 11월 7일 07시,화요일,전라북도 전주시 덕진구 전미동1가,경상사고,0,0,1,0,차대차 - 측면충돌,신호위반,건조,맑음,교차로 - 교차로안,화물,남,54세,상해없음,승용,남,32세,경상
2017110700100143,2017년 11월 7일 08시,화요일,전라북도 전주시 덕진구 반월동,경상사고,0,0,4,0,차대차 - 기타,안전운전불이행,건조,맑음,교차로 - 교차로안,승용,남,57세,상해없음,승용,남,38세,경상
2017110700100144,2017년 11월 7일 08시,화요일,전라북도 전주시 덕진구 송천동2가,경상사고,0,0,2,0,차대차 - 기타,안전운전불이행,건조,맑음,교차로 - 교차로안,승용,여,50세,경상,화물,남,48세,상해없음
2017110700100145,2017년 11월 7일 08시,화요일,전라북도 익산시 동산동,중상사고,0,1,0,0,차대차 - 측면충돌,안전운전불이행,건조,맑음,교차로 - 교차로횡단보도내,승용,남,62세,상해없음,자전거,남,75세,중상
2017110700100146,2017년 11월 7일 08시,화요일,전라북도 남원시 왕정동,사망사고,1,0,0,0,차대사람 - 횡단중,과속,건조,맑음,교차로 - 교차로안,승용,남,44세,상해없음,보행자,남,70세,사망
2017110700100240,2017년 11월 7일 11시,화요일,전라북도 전주시 덕진구 인후동1가,경상사고,0,0,1,0,차대차 - 추돌,안전거리미확보,건조,맑음,교차로 - 교차로부근,화물,남,54세,상해없음,승용,여,24세,경상
2017110700100241,2017년 11월 7일 11시,화요일,전라북도 전주시 덕진구 덕진동1가,중상사고,0,1,1,0,차대차 - 정면충돌,안전운전불이행,건조,맑음,교차로 - 교차로안,화물,남,59세,상해없음,승용,여,37세,중상
2017110700100242,2017년 11월 7일 11시,화요일,전라북도 김제시 교동,경상사고,0,0,2,0,차대차 - 추돌,안전운전불이행,건조,맑음,교차로 - 교차로부근,화물,남,71세,상해없음,승용,남,35세,경상
2017110700100243,2017년 11월 7일 11시,화요일,전라북도 순창군 인계면,중상사고,0,1,0,0,차대사람 - 기타,안전운전불이행,건조,맑음,단일로 - 기타,화물,남,32세,상해없음,보행자,여,59세,중상
2017110700100268,2017년 11월 7일 12시,화요일,전라북도 고창군 해리면,중상사고,0,1,0,0,차대사람 - 기타,안전운전불이행,건조,맑음,단일로 - 기타,농기계,남,44세,상해없음,보행자,여,71세,중상
2017110700100320,2017년 11월 7일 14시,화요일,전라북도 전주시 완산구 평화동1가,경상사고,0,0,1,0,차대차 - 측면충돌,교차로운행방법위반,건조,맑음,교차로 - 교차로안,승용,남,51세,상해없음,이륜,남,71세,경상
2017110700100321,2017년 11월 7일 14시,화요일,전라북도 군산시 명산동,경상사고,0,0,1,0,차대차 - 측면충돌,직진우회전진행방해,건조,맑음,교차로 - 교차로안,화물,남,73세,상해없음,자전거,남,61세,경상
2017110700100480,2017년 11월 7일 18시,화요일,전라북도 군산시 대야면,중상사고,0,2,0,0,차대차 - 추돌,안전운전불이행,건조,맑음,단일로 - 기타,화물,남,53세,중상,농기계,남,67세,상해없음
2017110700100481,2017년 11월 7일 18시,화요일,전라북도 군산시 지곡동,경상사고,0,0,3,0,차대차 - 측면충돌,신호위반,건조,맑음,교차로 - 교차로안,승용,여,66세,경상,승용,남,51세,경상
2017110700100482,2017년 11월 7일 18시,화요일,전라북도 익산시 모현동1가,중상사고,0,1,0,0,차대차 - 측면충돌,안전운전불이행,건조,맑음,단일로 - 기타,승용,여,49세,상해없음,자전거,남,64세,중상
2017110700100483,2017년 11월 7일 18시,화요일,전라북도 정읍시 신태인읍,경상사고,0,0,3,0,차대차 - 측면충돌,중앙선침범,건조,맑음,단일로 - 기타,승용,남,62세,경상,승용,여,65세,경상
2017110700100484,2017년 11월 7일 18시,화요일,전라북도 진안군 백운면,경상사고,0,0,1,0,차대차 - 측면충돌,안전운전불이행,건조,맑음,단일로 - 기타,화물,남,59세,상해없음,농기계,남,53세,경상
2017110700100529,2017년 11월 7일 19시,화요일,전라북도 전주시 완산구 평화동2가,경상사고,0,0,1,0,차대사람 - 횡단중,안전운전불이행,건조,맑음,단일로 - 기타,승용,남,36세,상해없음,보행자,남,42세,경상
2017110700100572,2017년 11월 7일 20시,화요일,전라북도 전주시 덕진구 팔복동2가,중상사고,0,1,6,0,차대차 - 추돌,안전운전불이행,건조,맑음,단일로 - 기타,승합,남,66세,상해없음,승합,남,55세,경상
2017110700100605,2017년 11월 7일 21시,화요일,전라북도 전주시 덕진구 인후동1가,경상사고,0,0,1,0,차대사람 - 횡단중,안전운전불이행,건조,맑음,교차로 - 교차로안,승합,남,32세,상해없음,보행자,여,73세,경상
2017110700100606,2017년 11월 7일 21시,화요일,전라북도 익산시 어양동,경상사고,0,0,2,0,차대차 - 측면충돌,차로위반,건조,맑음,단일로 - 기타,승용,남,61세,경상,이륜,남,21세,경상
2017110700100657,2017년 11월 7일 23시,화요일,전라북도 전주시 덕진구 우아동2가,중상사고,0,1,0,0,차대사람 - 횡단중,보행자보호의무위반,건조,맑음,단일로 - 기타,승용,남,35세,상해없음,보행자,남,34세,중상
2017110800100026,2017년 11월 8일 00시,수요일,전라북도 완주군 삼례읍,경상사고,0,0,2,0,차대차 - 추돌,안전운전불이행,건조,맑음,단일로 - 기타,승합,남,36세,상해없음,화물,남,61세,경상
2017110800100088,2017년 11월 8일 06시,수요일,전라북도 군산시 소룡동,사망사고,1,0,0,0,차대사람 - 횡단중,보행자보호의무위반,건조,맑음,교차로 - 교차로부근,승용,남,59세,상해없음,보행자,여,90세 이상,사망
2017110800100089,2017년 11월 8일 06시,수요일,전라북도 남원시 월락동,중상사고,0,2,0,0,차대차 - 측면충돌,교차로운행방법위반,건조,흐림,교차로 - 교차로안,화물,남,66세,상해없음,화물,남,53세,중상
2017110800100151,2017년 11월 8일 08시,수요일,전라북도 익산시 어양동,경상사고,0,0,1,0,차대차 - 측면충돌,안전운전불이행,건조,맑음,교차로 - 교차로부근,건설기계,남,53세,상해없음,승용,남,65세,경상
2017110800100192,2017년 11월 8일 09시,수요일,전라북도 군산시 구암동,경상사고,0,0,1,0,차대차 - 측면충돌,교차로운행방법위반,건조,맑음,교차로 - 교차로안,승용,남,72세,상해없음,승용,여,44세,경상
2017110800100193,2017년 11월 8일 09시,수요일,전라북도 익산시 모현동1가,경상사고,0,0,2,0,차대차 - 측면충돌,신호위반,건조,맑음,교차로 - 교차로안,승용,남,74세,상해없음,승용,여,64세,경상
2017110800100194,2017년 11월 8일 09시,수요일,전라북도 완주군 이서면,경상사고,0,0,1,0,차대차 - 기타,안전운전불이행,건조,맑음,교차로 - 교차로안,승합,남,37세,상해없음,승용,여,37세,경상
2017110800100227,2017년 11월 8일 10시,수요일,전라북도 군산시 경장동,경상사고,0,0,1,0,차대차 - 기타,안전운전불이행,건조,맑음,기타 - 기타,화물,남,50세,상해없음,승용,남,79세,경상
2017110800100257,2017년 11월 8일 11시,수요일,전라북도 전주시 완산구 서완산동1가,중상사고,0,1,0,0,차대차 - 측면충돌,신호위반,건조,맑음,교차로 - 교차로안,승용,여,37세,상해없음,승용,여,62세,중상
2017110800100288,2017년 11월 8일 12시,수요일,전라북도 익산시 남중동,경상사고,0,0,2,0,차대사람 - 보도통행중,기타,건조,맑음,단일로 - 기타,승용,남,62세,상해없음,보행자,여,32세,경상
2017110800100289,2017년 11월 8일 12시,수요일,전라북도 익산시 남중동,경상사고,0,0,1,0,차대사람 - 차도통행중,안전운전불이행,건조,맑음,단일로 - 기타,기타불명,기타불명,미분류,기타불명,보행자,여,31세,경상
2017110800100320,2017년 11월 8일 13시,수요일,전라북도 김제시 신풍동,경상사고,0,0,1,0,차대사람 - 차도통행중,안전운전불이행,건조,맑음,단일로 - 기타,승용,여,34세,상해없음,보행자,남,45세,경상
2017110800100321,2017년 11월 8일 13시,수요일,전라북도 남원시 고죽동,경상사고,0,0,1,0,차대차 - 측면충돌,안전운전불이행,건조,맑음,교차로 - 교차로안,화물,남,55세,상해없음,승용,남,31세,경상
2017110800100350,2017년 11월 8일 14시,수요일,전라북도 김제시 용지면,경상사고,0,0,2,0,차대차 - 측면충돌,기타,건조,맑음,교차로 - 교차로안,화물,남,57세,상해없음,이륜,남,75세,경상
2017110800100351,2017년 11월 8일 14시,수요일,전라북도 김제시 성덕면,중상사고,0,1,0,0,차대차 - 측면충돌,안전운전불이행,건조,맑음,단일로 - 기타,화물,남,60세,중상,화물,남,55세,상해없음
2017110800100385,2017년 11월 8일 15시,수요일,전라북도 군산시 나운동,경상사고,0,0,1,0,차대차 - 기타,기타,건조,흐림,교차로 - 교차로부근,승용,여,56세,상해없음,이륜,여,45세,경상
2017110800100386,2017년 11월 8일 15시,수요일,전라북도 남원시 금지면,사망사고,1,0,0,0,차대차 - 측면충돌,안전운전불이행,건조,맑음,교차로 - 교차로안,이륜,여,75세,사망,화물,남,69세,상해없음
2017110800100429,2017년 11월 8일 16시,수요일,전라북도 순창군 팔덕면,경상사고,0,0,1,0,차대차 - 측면충돌,안전운전불이행,건조,맑음,교차로 - 교차로안,승용,여,43세,경상,승합,여,46세,상해없음
2017110800100530,2017년 11월 8일 18시,수요일,전라북도 전주시 덕진구 덕진동2가,경상사고,0,0,1,0,차대사람 - 기타,안전운전불이행,건조,맑음,단일로 - 기타,승용,남,29세,상해없음,보행자,여,68세,경상
2017110800100531,2017년 11월 8일 18시,수요일,전라북도 익산시 신용동,중상사고,0,1,0,0,차대차 - 기타,안전운전불이행,건조,맑음,교차로 - 교차로부근,승용,남,42세,기타불명,원동기,남,49세,중상
2017110800100532,2017년 11월 8일 18시,수요일,전라북도 익산시 부송동,경상사고,0,0,3,0,차대차 - 측면충돌,안전운전불이행,건조,맑음,교차로 - 교차로안,승용,여,31세,상해없음,승합,남,26세,경상
2017110800100533,2017년 11월 8일 18시,수요일,전라북도 고창군 신림면,경상사고,0,0,2,0,차대차 - 기타,차로위반,건조,맑음,단일로 - 기타,화물,남,56세,상해없음,승용,남,33세,경상
2017110800100584,2017년 11월 8일 19시,수요일,전라북도 익산시 부송동,경상사고,0,0,1,0,차대사람 - 횡단중,보행자보호의무위반,건조,맑음,교차로 - 교차로횡단보도내,승합,남,57세,상해없음,보행자,남,60세,경상
2017110800100585,2017년 11월 8일 19시,수요일,전라북도 고창군 신림면,경상사고,0,0,3,0,차대차 - 추돌,안전운전불이행,건조,맑음,단일로 - 기타,승용,남,31세,상해없음,승용,여,58세,경상
2017110800100623,2017년 11월 8일 20시,수요일,전라북도 익산시 인화동1가,경상사고,0,0,2,0,차대차 - 추돌,안전운전불이행,건조,맑음,단일로 - 기타,승용,남,41세,상해없음,승용,남,38세,경상
2017110800100658,2017년 11월 8일 21시,수요일,전라북도 전주시 완산구 평화동1가,중상사고,0,1,5,0,차대차 - 정면충돌,신호위반,건조,맑음,교차로 - 교차로안,승용,남,57세,상해없음,승용,남,35세,경상
2017110800100659,2017년 11월 8일 21시,수요일,전라북도 전주시 덕진구 산정동,중상사고,0,1,0,0,차대차 - 측면충돌,중앙선침범,건조,맑음,단일로 - 기타,특수,남,40세,상해없음,승용,여,54세,중상
2017110800100660,2017년 11월 8일 21시,수요일,전라북도 군산시 조촌동,경상사고,0,0,2,0,차대차 - 기타,신호위반,건조,맑음,교차로 - 교차로안,승용,남,23세,경상,승용,남,70세,경상
2017110900100066,2017년 11월 9일 05시,목요일,전라북도 전주시 덕진구 송천동2가,경상사고,0,0,1,0,차대사람 - 횡단중,보행자보호의무위반,건조,맑음,교차로 - 교차로횡단보도내,승합,남,63세,상해없음,보행자,남,66세,경상
2017110900100067,2017년 11월 9일 05시,목요일,전라북도 김제시 서암동,중상사고,0,1,0,0,차대차 - 측면충돌,신호위반,건조,맑음,교차로 - 교차로안,화물,남,47세,상해없음,화물,남,35세,중상
2017110900100081,2017년 11월 9일 06시,목요일,전라북도 군산시 금동,경상사고,0,0,1,0,차대차 - 기타,신호위반,건조,맑음,교차로 - 교차로안,승용,남,65세,상해없음,자전거,남,33세,경상