사고번호,사고일시,요일,시군구,사고내용,사망자수,중상자수,경상자수,부상신고자수,사고유형,법규위반,노면상태,기상상태,도로형태,가해운전자 차종,가해운전자 성별,가해운전자 연령,가해운전자 상해정도,피해운전자 차종,피해운전자 성별,피해운전자 연령,피해운전자 상해정도
2017110900100082,2017년 11월 9일 06시,목요일,전라북도 군산시 선양동,중상사고,0,1,0,0,차대사람 - 횡단중,안전운전불이행,건조,맑음,단일로 - 기타,승용,남,26세,상해없음,보행자,남,76세,중상
2017110900100139,2017년 11월 9일 08시,목요일,전라북도 전주시 덕진구 덕진동2가,경상사고,0,0,1,0,차대사람 - 차도통행중,안전운전불이행,건조,맑음,교차로 - 교차로안,화물,남,79세,상해없음,보행자,여,60세,경상
2017110900100140,2017년 11월 9일 08시,목요일,전라북도 전주시 덕진구 팔복동2가,경상사고,0,0,1,0,차대차 - 추돌,안전운전불이행,건조,맑음,단일로 - 기타,승용,남,25세,상해없음,승용,여,65세,경상
2017110900100183,2017년 11월 9일 09시,목요일,전라북도 김제시 순동,중상사고,0,1,0,0,차대차 - 측면충돌,교차로운행방법위반,건조,맑음,교차로 - 교차로안,특수,남,49세,상해없음,승용,남,67세,중상
2017110900100184,2017년 11월 9일 09시,목요일,전라북도 임실군 관촌면,중상사고,0,1,2,0,차대차 - 측면충돌,과속,건조,맑음,교차로 - 교차로안,승용,남,62세,경상,승용,남,57세,중상
2017110900100218,2017년 11월 9일 10시,목요일,전라북도 군산시 내초동,경상사고,0,0,1,0,차대차 - 기타,차로위반,건조,맑음,단일로 - 기타,화물,남,57세,상해없음,승용,여,30세,경상
2017110900100244,2017년 11월 9일 11시,목요일,전라북도 정읍시 송산동,중상사고,0,1,1,0,차대차 - 측면충돌,안전거리미확보,건조,맑음,교차로 - 교차로부근,승합,남,69세,경상,화물,남,57세,상해없음
2017110900100271,2017년 11월 9일 12시,목요일,전라북도 전주시 완산구 중화산동2가,중상사고,0,3,2,0,차대차 - 측면충돌,신호위반,건조,맑음,교차로 - 교차로안,승용,여,44세,상해없음,승용,여,29세,경상
2017110900100438,2017년 11월 9일 17시,목요일,전라북도 전주시 덕진구 금암동,중상사고,0,1,0,0,차대차 - 추돌,안전거리미확보,건조,맑음,교차로 - 교차로부근,화물,남,61세,상해없음,승용,남,35세,중상
2017110900100439,2017년 11월 9일 17시,목요일,전라북도 남원시 동충동,경상사고,0,0,1,0,차대사람 - 기타,안전운전불이행,건조,맑음,교차로 - 교차로부근,승용,여,48세,상해없음,보행자,남,63세,경상
2017110900100510,2017년 11월 9일 18시,목요일,전라북도 군산시 비응도동,경상사고,0,0,3,0,차대차 - 측면충돌,중앙선침범,건조,맑음,단일로 - 기타,승용,여,66세,상해없음,승용,남,20세,경상
2017110900100511,2017년 11월 9일 18시,목요일,전라북도 익산시 마동,중상사고,0,1,0,0,차대사람 - 횡단중,안전운전불이행,건조,맑음,단일로 - 기타,화물,남,45세,상해없음,보행자,남,85세,중상
2017110900100555,2017년 11월 9일 19시,목요일,전라북도 무주군 무주읍,경상사고,0,0,1,0,차대차 - 기타,기타,건조,맑음,단일로 - 기타,화물,남,58세,상해없음,화물,남,53세,경상
2017110900100591,2017년 11월 9일 20시,목요일,전라북도 전주시 완산구 색장동,경상사고,0,0,1,0,차대차 - 추돌,안전운전불이행,건조,맑음,교차로 - 교차로부근,화물,남,49세,상해없음,승용,남,46세,경상
2017110900100592,2017년 11월 9일 20시,목요일,전라북도 김제시 황산면,경상사고,0,0,1,0,차대차 - 추돌,안전운전불이행,건조,맑음,단일로 - 기타,승용,남,34세,경상,승용,남,58세,상해없음
2017110900100627,2017년 11월 9일 21시,목요일,전라북도 전주시 완산구 삼천동1가,중상사고,0,1,0,0,차대사람 - 횡단중,안전운전불이행,건조,맑음,교차로 - 교차로부근,화물,남,44세,상해없음,보행자,남,52세,중상
2017110900100628,2017년 11월 9일 21시,목요일,전라북도 전주시 완산구 평화동2가,경상사고,0,0,1,0,차대차 - 측면충돌,신호위반,건조,맑음,교차로 - 교차로안,승용,남,57세,상해없음,승용,여,23세,경상
2017110900100660,2017년 11월 9일 22시,목요일,전라북도 완주군 봉동읍,경상사고,0,0,1,0,차량단독 - 공작물충돌,안전운전불이행,건조,맑음,교차로 - 교차로안,승용,남,47세,경상,,,,
2017110900100685,2017년 11월 9일 23시,목요일,전라북도 전주시 완산구 효자동3가,경상사고,0,0,2,0,차대차 - 측면충돌,교차로운행방법위반,건조,맑음,교차로 - 교차로안,승용,여,45세,상해없음,승용,남,67세,경상
2017110900100686,2017년 11월 9일 23시,목요일,전라북도 전주시 완산구 효자동3가,중상사고,0,1,0,0,차대차 - 측면충돌,중앙선침범,건조,맑음,교차로 - 교차로부근,승합,남,39세,상해없음,승용,남,22세,중상
2017111000100049,2017년 11월 10일 01시,금요일,전라북도 전주시 완산구 중화산동1가,경상사고,0,0,2,0,차대차 - 측면충돌,신호위반,건조,맑음,교차로 - 교차로안,승용,남,23세,상해없음,승용,여,51세,경상
2017111000100074,2017년 11월 10일 03시,금요일,전라북도 군산시 나운동,경상사고,0,0,1,0,차대차 - 기타,직진우회전진행방해,건조,맑음,교차로 - 교차로안,승용,남,28세,상해없음,승용,남,43세,경상
2017111000100105,2017년 11월 10일 06시,금요일,전라북도 정읍시 칠보면,경상사고,0,0,1,0,차대차 - 추돌,안전운전불이행,건조,맑음,단일로 - 기타,화물,남,58세,경상,화물,남,39세,상해없음
2017111000100125,2017년 11월 10일 07시,금요일,전라북도 군산시 금광동,경상사고,0,0,1,0,차대차 - 측면충돌,중앙선침범,건조,맑음,단일로 - 기타,승용,남,44세,상해없음,승용,남,65세,경상
2017111000100126,2017년 11월 10일 07시,금요일,전라북도 익산시 함라면,경상사고,0,0,2,0,차대차 - 정면충돌,직진우회전진행방해,건조,맑음,교차로 - 교차로안,화물,남,63세,경상,화물,남,38세,경상
2017111000100156,2017년 11월 10일 08시,금요일,전라북도 전주시 덕진구 우아동3가,중상사고,0,1,0,0,차대차 - 기타,불법유턴,건조,맑음,단일로 - 기타,화물,남,56세,상해없음,자전거,남,78세,중상
2017111000100157,2017년 11월 10일 08시,금요일,전라북도 순창군 복흥면,중상사고,0,1,1,0,차대차 - 측면충돌,신호위반,건조,맑음,교차로 - 교차로안,승용,남,72세,경상,승용,여,32세,중상
2017111000100337,2017년 11월 10일 14시,금요일,전라북도 김제시 죽산면,경상사고,0,0,2,0,차대차 - 추돌,안전운전불이행,건조,맑음,단일로 - 기타,화물,남,57세,상해없음,승용,여,39세,경상
2017111000100376,2017년 11월 10일 15시,금요일,전라북도 군산시 조촌동,경상사고,0,0,1,0,차대차 - 기타,교차로운행방법위반,건조,맑음,교차로 - 교차로안,승용,남,69세,상해없음,이륜,남,19세,경상
2017111000100377,2017년 11월 10일 15시,금요일,전라북도 임실군 오수면,중상사고,0,1,0,0,차대차 - 측면충돌,교차로운행방법위반,건조,맑음,교차로 - 교차로안,승용,남,59세,상해없음,이륜,남,52세,상해없음
2017111000100421,2017년 11월 10일 16시,금요일,전라북도 정읍시 북면,경상사고,0,0,1,0,차대차 - 측면충돌,직진우회전진행방해,건조,흐림,교차로 - 교차로안,승합,남,61세,상해없음,화물,여,58세,경상
2017111000100422,2017년 11월 10일 16시,금요일,전라북도 진안군 진안읍,경상사고,0,0,1,0,차대차 - 추돌,안전운전불이행,건조,맑음,교차로 - 교차로부근,승용,남,43세,상해없음,원동기,남,69세,경상
2017111000100464,2017년 11월 10일 17시,금요일,전라북도 전주시 완산구 태평동,경상사고,0,0,1,0,차대차 - 기타,교차로운행방법위반,건조,맑음,교차로 - 교차로안,기타불명,기타불명,미분류,기타불명,이륜,남,20세,경상
2017111000100465,2017년 11월 10일 17시,금요일,전라북도 익산시 모현동1가,경상사고,0,0,1,0,차대사람 - 횡단중,신호위반,젖음/습기,비,교차로 - 교차로안,이륜,남,38세,상해없음,보행자,여,24세,경상
2017111000100529,2017년 11월 10일 18시,금요일,전라북도 익산시 삼기면,중상사고,0,1,0,0,차대사람 - 횡단중,안전운전불이행,젖음/습기,흐림,단일로 - 기타,승용,남,23세,상해없음,보행자,남,75세,중상
2017111000100530,2017년 11월 10일 18시,금요일,전라북도 익산시 인화동1가,경상사고,0,0,1,0,차대차 - 측면충돌,교차로운행방법위반,건조,맑음,교차로 - 교차로안,승용,남,51세,상해없음,원동기,남,40세,경상
2017111000100531,2017년 11월 10일 18시,금요일,전라북도 김제시 하동,경상사고,0,0,1,0,차대차 - 측면충돌,안전거리미확보,젖음/습기,비,단일로 - 기타,승용,남,48세,상해없음,승용,남,43세,경상
2017111000100597,2017년 11월 10일 19시,금요일,전라북도 전주시 완산구 효자동1가,경상사고,0,0,1,0,차대사람 - 횡단중,안전운전불이행,건조,맑음,교차로 - 교차로안,승용,남,64세,기타불명,보행자,남,49세,경상
2017111000100598,2017년 11월 10일 19시,금요일,전라북도 익산시 황등면,중상사고,0,1,0,0,차대사람 - 횡단중,안전운전불이행,건조,맑음,단일로 - 기타,승용,여,58세,상해없음,보행자,여,80세,중상
2017111000100684,2017년 11월 10일 21시,금요일,전라북도 군산시 서흥남동,중상사고,0,1,0,0,차대사람 - 기타,안전운전불이행,건조,맑음,교차로 - 교차로안,이륜,남,36세,상해없음,보행자,남,74세,중상
2017111000100711,2017년 11월 10일 22시,금요일,전라북도 전주시 완산구 서노송동,경상사고,0,0,3,0,차대차 - 추돌,안전운전불이행,건조,맑음,단일로 - 기타,승용,남,48세,상해없음,승용,남,52세,경상
2017111000100735,2017년 11월 10일 23시,금요일,전라북도 전주시 완산구 효자동1가,경상사고,0,0,1,0,차대차 - 추돌,안전운전불이행,건조,맑음,단일로 - 기타,승용,남,36세,상해없음,이륜,남,52세,경상
2017111100100097,2017년 11월 11일 05시,토요일,전라북도 전주시 완산구 효자동3가,경상사고,0,0,1,0,차대차 - 측면충돌,신호위반,건조,맑음,교차로 - 교차로안,승용,남,23세,상해없음,승용,남,60세,경상
2017111100100118,2017년 11월 11일 06시,토요일,전라북도 전주시 완산구 중화산동2가,경상사고,0,0,4,0,차대차 - 추돌,안전운전불이행,건조,맑음,교차로 - 교차로안,승용,남,35세,상해없음,승용,남,33세,상해없음
2017111100100119,2017년 11월 11일 06시,토요일,전라북도 전주시 덕진구 산정동,사망사고,2,0,0,0,차대차 - 추돌,안전운전불이행,건조,맑음,기타 - 기타,화물,남,50세,상해없음,화물,남,45세,상해없음
2017111100100133,2017년 11월 11일 07시,토요일,전라북도 정읍시 상동,중상사고,0,1,0,0,차대차 - 기타,안전운전불이행,건조,맑음,교차로 - 교차로부근,자전거,남,77세,중상,승합,남,55세,상해없음
2017111100100158,2017년 11월 11일 08시,토요일,전라북도 군산시 경암동,중상사고,0,1,0,0,차대차 - 측면충돌,불법유턴,건조,맑음,교차로 - 교차로횡단보도내,자전거,남,75세,중상,승용,여,52세,상해없음
2017111100100159,2017년 11월 11일 08시,토요일,전라북도 완주군 비봉면,경상사고,0,0,2,0,차대차 - 측면충돌,안전운전불이행,건조,맑음,교차로 - 교차로안,건설기계,남,56세,상해없음,화물,남,61세,경상
2017111100100244,2017년 11월 11일 11시,토요일,전라북도 순창군 팔덕면,경상사고,0,0,1,0,차대사람 - 횡단중,안전운전불이행,건조,맑음,단일로 - 기타,승용,남,57세,상해없음,보행자,남,61세,경상
2017111100100245,2017년 11월 11일 11시,토요일,전라북도 순창군 순창읍,경상사고,0,0,1,0,차대차 - 측면충돌,안전운전불이행,건조,맑음,교차로 - 교차로안,사륜오토바이(ATV),여,76세,경상,승용,남,41세,상해없음
2017111100100285,2017년 11월 11일 12시,토요일,전라북도 전주시 덕진구 인후동1가,경상사고,0,0,1,0,차대차 - 측면충돌,안전거리미확보,건조,맑음,단일로 - 기타,승용,남,27세,상해없음,이륜,남,37세,경상
2017111100100286,2017년 11월 11일 12시,토요일,전라북도 익산시 영등동,경상사고,0,0,1,0,차대차 - 기타,안전거리미확보,건조,맑음,단일로 - 기타,승용,여,62세,상해없음,승용,남,35세,경상
2017111100100287,2017년 11월 11일 12시,토요일,전라북도 부안군 진서면,중상사고,0,2,1,0,차량단독 - 전도전복 - 전도,안전운전불이행,건조,맑음,단일로 - 기타,화물,남,62세,중상,,,,
2017111100100288,2017년 11월 11일 12시,토요일,전라북도 순창군 팔덕면,중상사고,0,1,0,0,차대사람 - 횡단중,안전운전불이행,건조,맑음,단일로 - 기타,승용,남,49세,상해없음,보행자,남,58세,중상
2017111100100336,2017년 11월 11일 13시,토요일,전라북도 전주시 덕진구 진북동,중상사고,0,1,1,0,차대차 - 측면충돌,중앙선침범,건조,맑음,교차로 - 교차로부근,승용,남,76세,상해없음,이륜,남,14세,중상
2017111100100337,2017년 11월 11일 13시,토요일,전라북도 군산시 금동,경상사고,0,0,1,0,차대차 - 측면충돌,신호위반,건조,맑음,교차로 - 교차로안,승용,남,62세,상해없음,승용,남,52세,경상
2017111100100497,2017년 11월 11일 17시,토요일,전라북도 익산시 어양동,경상사고,0,0,2,0,차대차 - 측면충돌,교차로운행방법위반,건조,맑음,교차로 - 교차로안,승용,여,46세,상해없음,이륜,남,24세,경상
2017111100100498,2017년 11월 11일 17시,토요일,전라북도 익산시 목천동,경상사고,0,0,1,0,차대차 - 측면충돌,중앙선침범,건조,맑음,단일로 - 기타,승용,남,68세,상해없음,승용,남,55세,경상
2017111100100599,2017년 11월 11일 19시,토요일,전라북도 익산시 신동,경상사고,0,0,1,0,차대차 - 추돌,안전운전불이행,건조,맑음,교차로 - 교차로부근,화물,남,22세,상해없음,승용,남,57세,경상
2017111100100653,2017년 11월 11일 21시,토요일,전라북도 군산시 나운동,경상사고,0,0,1,0,차대차 - 추돌,안전운전불이행,건조,맑음,단일로 - 기타,승용,남,49세,상해없음,이륜,남,18세,경상
2017111100100706,2017년 11월 11일 23시,토요일,전라북도 전주시 완산구 중노송동,경상사고,0,0,1,0,차대차 - 추돌,안전운전불이행,건조,맑음,교차로 - 교차로부근,승용,남,55세,상해없음,승용,남,61세,경상
2017111100100707,2017년 11월 11일 23시,토요일,전라북도 전주시 완산구 남노송동,경상사고,0,0,1,0,차대사람 - 횡단중,보행자보호의무위반,건조,맑음,교차로 - 교차로안,승용,남,42세,상해없음,보행자,남,17세,경상
2017111100100708,2017년 11월 11일 23시,토요일,전라북도 군산시 경암동,경상사고,0,0,1,0,차대차 - 측면충돌,직진우회전진행방해,건조,맑음,교차로 - 교차로안,승용,남,31세,상해없음,승용,남,57세,경상
2017111200100103,2017년 11월 12일 07시,일요일,전라북도 군산시 조촌동,중상사고,0,1,0,0,차대사람 - 횡단중,보행자보호의무위반,건조,맑음,교차로 - 교차로횡단보도내,승용,남,46세,상해없음,보행자,여,76세,중상
2017111200100170,2017년 11월 12일 11시,일요일,전라북도 전주시 덕진구 덕진동2가,경상사고,0,0,1,0,차대차 - 기타,안전운전불이행,건조,맑음,교차로 - 교차로부근,승용,남,40세,상해없음,승용,여,53세,경상
2017111200100171,2017년 11월 12일 11시,일요일,전라북도 익산시 모현동1가,중상사고,0,1,0,0,차대사람 - 횡단중,안전운전불이행,건조,맑음,단일로 - 기타,승용,여,49세,상해없음,보행자,여,76세,중상
2017111200100200,2017년 11월 12일 12시,일요일,전라북도 익산시 웅포면,경상사고,0,0,5,0,차대차 - 측면충돌,직진우회전진행방해,건조,맑음,교차로 - 교차로안,승용,남,35세,상해없음,승용,남,71세,경상
2017111200100201,2017년 11월 12일 12시,일요일,전라북도 정읍시 장명동,경상사고,0,0,1,0,차대차 - 추돌,안전거리미확보,건조,맑음,교차로 - 교차로안,승용,남,38세,상해없음,승용,남,68세,경상
2017111200100238,2017년 11월 12일 13시,일요일,전라북도 전주시 덕진구 원동,중상사고,0,1,2,0,차대차 - 추돌,안전운전불이행,건조,맑음,단일로 - 기타,화물,남,57세,기타불명,승용,남,30세,경상
2017111200100270,2017년 11월 12일 14시,일요일,전라북도 김제시 진봉면,중상사고,0,1,0,0,차대차 - 측면충돌,기타,건조,맑음,교차로 - 교차로안,화물,남,39세,상해없음,자전거,여,78세,중상
2017111200100381,2017년 11월 12일 17시,일요일,전라북도 전주시 덕진구 덕진동1가,경상사고,0,0,1,0,차대차 - 측면충돌,안전운전불이행,건조,맑음,교차로 - 교차로부근,승용,남,60세,상해없음,이륜,남,36세,경상
2017111200100425,2017년 11월 12일 18시,일요일,전라북도 군산시 대명동,경상사고,0,0,1,0,차대차 - 기타,차로위반,건조,맑음,단일로 - 기타,승용,남,26세,상해없음,이륜,남,19세,경상
2017111200100426,2017년 11월 12일 18시,일요일,전라북도 익산시 금마면,경상사고,0,0,2,0,차대차 - 측면충돌,신호위반,건조,맑음,교차로 - 교차로안,승용,남,22세,상해없음,승용,여,40세,경상
2017111200100492,2017년 11월 12일 20시,일요일,전라북도 전주시 덕진구 우아동1가,경상사고,0,0,1,0,차대차 - 측면충돌,안전운전불이행,건조,맑음,단일로 - 기타,승용,남,40세,상해없음,승용,남,44세,상해없음
2017111300100051,2017년 11월 13일 03시,월요일,전라북도 고창군 성내면,사망사고,1,0,1,0,차대차 - 추돌,안전운전불이행,건조,맑음,단일로 - 기타,화물,남,48세,사망,농기계,남,61세,경상
2017111300100092,2017년 11월 13일 07시,월요일,전라북도 남원시 동충동,경상사고,0,0,2,0,차대차 - 측면충돌,직진우회전진행방해,건조,맑음,교차로 - 교차로안,승용,남,57세,경상,승용,여,62세,경상
2017111300100093,2017년 11월 13일 07시,월요일,전라북도 무주군 설천면,중상사고,0,1,0,0,차대차 - 측면충돌,안전운전불이행,건조,흐림,단일로 - 기타,승용,여,27세,상해없음,자전거,남,11세,중상
2017111300100132,2017년 11월 13일 08시,월요일,전라북도 군산시 수송동,중상사고,0,1,0,0,차대차 - 기타,안전운전불이행,건조,맑음,교차로 - 교차로안,승용,여,37세,상해없음,자전거,여,54세,중상
2017111300100133,2017년 11월 13일 08시,월요일,전라북도 정읍시 상동,경상사고,0,0,2,0,차대차 - 측면충돌,직진우회전진행방해,건조,맑음,교차로 - 교차로안,화물,남,58세,경상,승용,남,24세,경상
2017111300100170,2017년 11월 13일 09시,월요일,전라북도 전주시 완산구 효자동3가,중상사고,0,1,0,0,차대사람 - 횡단중,보행자보호의무위반,건조,맑음,교차로 - 교차로횡단보도내,화물,남,67세,상해없음,보행자,남,19세,중상
2017111300100171,2017년 11월 13일 09시,월요일,전라북도 군산시 선양동,경상사고,0,0,4,0,차대차 - 기타,교차로운행방법위반,건조,맑음,교차로 - 교차로안,승용,남,65세,상해없음,승용,여,34세,경상
2017111300100205,2017년 11월 13일 10시,월요일,전라북도 전주시 덕진구 반월동,중상사고,0,1,0,0,차대차 - 측면충돌,신호위반,건조,맑음,교차로 - 교차로안,승용,여,44세,상해없음,이륜,남,78세,중상
2017111300100242,2017년 11월 13일 11시,월요일,전라북도 전주시 덕진구 우아동3가,경상사고,0,0,1,0,차대차 - 측면충돌,신호위반,건조,맑음,교차로 - 교차로안,화물,남,25세,상해없음,승용,남,58세,경상
2017111300100243,2017년 11월 13일 11시,월요일,전라북도 정읍시 이평면,경상사고,0,0,1,0,차량단독 - 기타,안전운전불이행,건조,맑음,단일로 - 기타,승용,남,60세,상해없음,,,,
2017111300100244,2017년 11월 13일 11시,월요일,전라북도 부안군 상서면,경상사고,0,0,1,0,차대차 - 추돌,안전운전불이행,건조,맑음,교차로 - 교차로부근,승용,남,78세,상해없음,승용,남,61세,상해없음
2017111300100278,2017년 11월 13일 12시,월요일,전라북도 정읍시 내장동,중상사고,0,1,0,0,차대사람 - 기타,안전운전불이행,건조,맑음,단일로 - 기타,승용,여,47세,상해없음,보행자,여,53세,중상
2017111300100331,2017년 11월 13일 14시,월요일,전라북도 정읍시 옹동면,중상사고,0,1,0,0,차대차 - 측면충돌,직진우회전진행방해,건조,맑음,교차로 - 교차로안,이륜,남,57세,중상,화물,남,49세,상해없음
2017111300100359,2017년 11월 13일 15시,월요일,전라북도 진안군 마령면,중상사고,0,1,0,0,차대차 - 기타,안전운전불이행,건조,맑음,교차로 - 교차로안,승용,여,48세,상해없음,원동기,여,73세,중상
2017111300100399,2017년 11월 13일 16시,월요일,전라북도 전주시 덕진구 호성동1가,경상사고,0,0,1,0,차대차 - 추돌,안전운전불이행,건조,맑음,단일로 - 기타,승용,남,21세,상해없음,승용,남,31세,경상
2017111300100400,2017년 11월 13일 16시,월요일,전라북도 익산시 남중동,중상사고,0,1,0,0,차대사람 - 횡단중,안전운전불이행,건조,맑음,단일로 - 기타,승용,여,27세,상해없음,보행자,남,74세,중상
2017111300100446,2017년 11월 13일 17시,월요일,전라북도 정읍시 수성동,경상사고,0,0,1,0,차대차 - 측면충돌,교차로운행방법위반,건조,맑음,교차로 - 교차로안,승용,남,68세,상해없음,승용,여,55세,경상
2017111300100502,2017년 11월 13일 18시,월요일,전라북도 부안군 행안면,경상사고,0,0,1,0,차대차 - 기타,안전운전불이행,건조,맑음,단일로 - 기타,승합,여,66세,경상,화물,남,57세,상해없음
2017111300100503,2017년 11월 13일 18시,월요일,전라북도 순창군 유등면,중상사고,0,1,0,0,차대차 - 추돌,안전운전불이행,건조,맑음,단일로 - 기타,승용,남,49세,상해없음,농기계,남,76세,중상
2017111300100601,2017년 11월 13일 21시,월요일,전라북도 전주시 완산구 서서학동,경상사고,0,0,2,0,차대차 - 측면충돌,안전운전불이행,건조,맑음,단일로 - 기타,승용,남,63세,상해없음,승용,남,27세,경상
2017111400100025,2017년 11월 14일 00시,화요일,전라북도 전주시 완산구 서신동,경상사고,0,0,1,0,차대차 - 측면충돌,안전운전불이행,건조,맑음,단일로 - 기타,승용,남,43세,상해없음,이륜,남,16세,경상
2017111400100026,2017년 11월 14일 00시,화요일,전라북도 익산시 신동,중상사고,0,1,0,0,차량단독 - 전도전복,안전운전불이행,건조,흐림,단일로 - 기타,원동기,남,32세,중상,미분류,미분류,미분류,미분류
2017111400100044,2017년 11월 14일 03시,화요일,전라북도 군산시 옥구읍,사망사고,1,0,0,0,차량단독 - 공작물충돌,안전운전불이행,건조,맑음,단일로 - 기타,승용,남,19세,사망,,,,
2017111400100059,2017년 11월 14일 05시,화요일,전라북도 정읍시 상동,중상사고,0,1,0,0,차대차 - 측면충돌,중앙선침범,건조,맑음,단일로 - 기타,승용,남,63세,상해없음,이륜,여,62세,중상
2017111400100134,2017년 11월 14일 08시,화요일,전라북도 전주시 덕진구 인후동1가,중상사고,0,1,1,0,차대사람 - 보도통행중,기타,건조,맑음,기타 - 기타,화물,남,42세,상해없음,보행자,여,45세,중상
2017111400100135,2017년 11월 14일 08시,화요일,전라북도 익산시 마동,경상사고,0,0,1,0,차대차 - 측면충돌,기타,건조,맑음,단일로 - 기타,승용,여,27세,상해없음,자전거,남,13세,경상
2017111400100136,2017년 11월 14일 08시,화요일,전라북도 정읍시 시기동,중상사고,0,1,0,0,차대차 - 측면충돌,안전운전불이행,건조,맑음,교차로 - 교차로안,승용,남,59세,상해없음,자전거,남,71세,중상
2017111400100173,2017년 11월 14일 09시,화요일,전라북도 군산시 경암동,경상사고,0,0,1,0,차대차 - 측면충돌,안전운전불이행,건조,맑음,교차로 - 교차로부근,화물,남,77세,기타불명,승용,여,30세,경상
2017111400100174,2017년 11월 14일 09시,화요일,전라북도 익산시 부송동,경상사고,0,0,1,0,차대사람 - 횡단중,안전운전불이행,건조,맑음,교차로 - 교차로횡단보도내,승용,여,55세,상해없음,보행자,여,47세,경상
2017111400100175,2017년 11월 14일 09시,화요일,전라북도 부안군 보안면,사망사고,1,0,0,0,차대차 - 측면충돌,안전운전불이행,건조,맑음,단일로 - 기타,승용,남,71세,상해없음,이륜,남,79세,사망
2017111400100204,2017년 11월 14일 10시,화요일,전라북도 부안군 보안면,경상사고,0,0,1,0,차량단독 - 전도전복 - 전도,안전운전불이행,건조,맑음,단일로 - 기타,사륜오토바이(ATV),남,79세,경상,,,,
2017111400100233,2017년 11월 14일 11시,화요일,전라북도 군산시 대야면,중상사고,0,1,0,0,차대차 - 기타,안전운전불이행,건조,맑음,교차로 - 교차로부근,화물,남,65세,상해없음,원동기,남,19세,중상
2017111400100255,2017년 11월 14일 12시,화요일,전라북도 전주시 덕진구 우아동2가,경상사고,0,0,1,0,차대차 - 기타,직진우회전진행방해,건조,맑음,교차로 - 교차로안,승용,여,61세,상해없음,이륜,여,55세,경상
2017111400100256,2017년 11월 14일 12시,화요일,전라북도 완주군 구이면,중상사고,0,1,0,0,차량단독 - 기타,안전운전불이행,건조,맑음,단일로 - 기타,사륜오토바이(ATV),여,64세,중상,,,,
2017111400100293,2017년 11월 14일 13시,화요일,전라북도 김제시 금구면,경상사고,0,0,3,0,차대차 - 추돌,안전거리미확보,건조,맑음,교차로 - 교차로부근,승용,남,66세,상해없음,화물,남,70세,경상
2017111400100379,2017년 11월 14일 15시,화요일,전라북도 익산시 함열읍,경상사고,0,0,1,0,차대차 - 측면충돌,안전운전불이행,건조,맑음,단일로 - 기타,화물,남,63세,상해없음,자전거,여,79세,경상
2017111400100416,2017년 11월 14일 16시,화요일,전라북도 전주시 완산구 효자동1가,경상사고,0,0,2,0,차대차 - 측면충돌,안전운전불이행,건조,맑음,교차로 - 교차로안,승용,남,21세,상해없음,승합,남,52세,경상
2017111400100417,2017년 11월 14일 16시,화요일,전라북도 부안군 부안읍,중상사고,0,1,0,0,차대사람 - 횡단중,보행자보호의무위반,건조,맑음,교차로 - 교차로횡단보도내,화물,남,69세,상해없음,보행자,남,73세,중상
2017111400100451,2017년 11월 14일 17시,화요일,전라북도 김제시 죽산면,경상사고,0,0,1,0,차대차 - 측면충돌,차로위반,건조,맑음,교차로 - 교차로부근,화물,남,87세,상해없음,승용,남,61세,경상
2017111400100499,2017년 11월 14일 18시,화요일,전라북도 군산시 임피면,중상사고,0,1,0,0,차대차 - 기타,안전운전불이행,건조,맑음,단일로 - 기타,승용,남,23세,상해없음,자전거,남,61세,중상
2017111400100500,2017년 11월 14일 18시,화요일,전라북도 익산시 어양동,중상사고,0,1,0,0,차대사람 - 횡단중,중앙선침범,건조,맑음,교차로 - 교차로횡단보도내,자전거,남,15세,상해없음,보행자,남,54세,중상
2017111400100501,2017년 11월 14일 18시,화요일,전라북도 익산시 용동면,중상사고,0,1,0,0,차대사람 - 횡단중,신호위반,건조,맑음,교차로 - 교차로횡단보도내,특수,남,46세,상해없음,보행자,여,48세,중상
2017111400100502,2017년 11월 14일 18시,화요일,전라북도 정읍시 용계동,중상사고,0,1,0,0,차대차 - 추돌,안전운전불이행,젖음/습기,맑음,교차로 - 교차로부근,화물,남,50세,상해없음,승용,남,52세,중상
2017111400100557,2017년 11월 14일 19시,화요일,전라북도 전주시 덕진구 진북동,중상사고,0,1,0,0,차대차 - 측면충돌,안전운전불이행,건조,맑음,단일로 - 기타,승용,남,60세,상해없음,자전거,남,13세,중상
2017111400100558,2017년 11월 14일 19시,화요일,전라북도 김제시 교동,경상사고,0,0,1,0,차대사람 - 횡단중,보행자보호의무위반,건조,맑음,교차로 - 교차로횡단보도내,승합,남,69세,상해없음,보행자,남,52세,경상
2017111400100559,2017년 11월 14일 19시,화요일,전라북도 김제시 백산면,경상사고,0,0,1,0,차대차 - 측면충돌,신호위반,건조,맑음,교차로 - 교차로안,승용,남,34세,상해없음,승용,남,24세,경상
2017111400100590,2017년 11월 14일 20시,화요일,전라북도 순창군 동계면,경상사고,0,0,1,0,차대차 - 측면충돌,안전운전불이행,건조,맑음,단일로 - 기타,승용,남,61세,상해없음,승용,여,55세,경상