사고번호,사고일시,요일,시군구,사고내용,사망자수,중상자수,경상자수,부상신고자수,사고유형,법규위반,노면상태,기상상태,도로형태,가해운전자 차종,가해운전자 성별,가해운전자 연령,가해운전자 상해정도,피해운전자 차종,피해운전자 성별,피해운전자 연령,피해운전자 상해정도
2017112500100229,2017년 11월 25일 10시,토요일,전라북도 군산시 구암동,경상사고,0,0,2,0,차대차 - 기타,안전운전불이행,건조,맑음,단일로 - 기타,승용,남,30세,상해없음,화물,남,50세,경상
2017112500100265,2017년 11월 25일 11시,토요일,전라북도 전주시 덕진구 동산동,중상사고,0,1,0,0,차대차 - 기타,신호위반,건조,맑음,교차로 - 교차로안,승용,남,58세,상해없음,자전거,남,89세,중상
2017112500100266,2017년 11월 25일 11시,토요일,전라북도 부안군 보안면,중상사고,0,3,0,0,차대차 - 측면충돌,중앙선침범,건조,맑음,단일로 - 기타,화물,남,53세,상해없음,승용,남,50세,중상
2017112500100294,2017년 11월 25일 12시,토요일,전라북도 익산시 인화동2가,중상사고,0,1,0,0,차대사람 - 횡단중,안전운전불이행,건조,맑음,교차로 - 교차로부근,건설기계,남,66세,상해없음,보행자,여,81세,중상
2017112500100295,2017년 11월 25일 12시,토요일,전라북도 고창군 신림면,부상신고사고,0,0,0,1,차량단독 - 전도전복,안전운전불이행,건조,맑음,단일로 - 기타,원동기,남,70세,부상신고,미분류,미분류,미분류,미분류
2017112500100367,2017년 11월 25일 14시,토요일,전라북도 군산시 수송동,경상사고,0,0,3,0,차대차 - 기타,안전운전불이행,건조,맑음,단일로 - 기타,승용,여,49세,상해없음,승용,남,65세,경상
2017112500100394,2017년 11월 25일 15시,토요일,전라북도 전주시 덕진구 반월동,사망사고,1,0,0,0,차대사람 - 기타,안전운전불이행,건조,맑음,단일로 - 기타,승용,여,50세,상해없음,보행자,여,74세,사망
2017112500100395,2017년 11월 25일 15시,토요일,전라북도 남원시 주생면,경상사고,0,0,2,0,차대차 - 기타,신호위반,건조,맑음,교차로 - 교차로안,승합,남,46세,상해없음,화물,남,34세,경상
2017112500100423,2017년 11월 25일 16시,토요일,전라북도 전주시 덕진구 만성동,경상사고,0,0,4,0,차대차 - 측면충돌,신호위반,건조,맑음,교차로 - 교차로안,승용,남,72세,상해없음,승용,남,45세,경상
2017112500100424,2017년 11월 25일 16시,토요일,전라북도 익산시 임상동,사망사고,1,0,2,0,차대차 - 측면충돌,안전운전불이행,건조,맑음,교차로 - 교차로안,이륜,남,67세,사망,승용,남,60세,경상
2017112500100463,2017년 11월 25일 17시,토요일,전라북도 전주시 덕진구 만성동,경상사고,0,0,1,0,차대차 - 측면충돌,교차로운행방법위반,건조,맑음,교차로 - 교차로안,승용,남,47세,상해없음,화물,남,29세,경상
2017112500100528,2017년 11월 25일 18시,토요일,전라북도 고창군 공음면,중상사고,0,1,0,0,차대사람 - 길가장자리구역통행중,안전운전불이행,건조,맑음,단일로 - 기타,승용,남,70세,상해없음,보행자,여,53세,중상
2017112500100579,2017년 11월 25일 19시,토요일,전라북도 전주시 완산구 효자동3가,경상사고,0,0,1,0,차대차 - 측면충돌,안전운전불이행,건조,맑음,단일로 - 기타,승용,남,30세,상해없음,이륜,남,20세,경상
2017112500100619,2017년 11월 25일 20시,토요일,전라북도 전주시 덕진구 우아동3가,경상사고,0,0,1,0,차대차 - 측면충돌,불법유턴,건조,맑음,교차로 - 교차로안,승용,남,19세,상해없음,이륜,남,22세,경상
2017112600100060,2017년 11월 26일 02시,일요일,전라북도 익산시 신흥동,경상사고,0,0,2,0,차대차 - 추돌,안전운전불이행,건조,맑음,교차로 - 교차로부근,승용,남,48세,상해없음,승용,남,64세,경상
2017112600100086,2017년 11월 26일 05시,일요일,전라북도 전주시 덕진구 진북동,중상사고,0,1,0,0,차대차 - 측면충돌,신호위반,건조,맑음,교차로 - 교차로안,승용,남,63세,상해없음,건설기계,남,50세,상해없음
2017112600100116,2017년 11월 26일 08시,일요일,전라북도 익산시 창인동1가,경상사고,0,0,1,0,차대사람 - 횡단중,보행자보호의무위반,젖음/습기,비,교차로 - 교차로횡단보도내,승용,남,43세,상해없음,보행자,남,76세,경상
2017112600100166,2017년 11월 26일 11시,일요일,전라북도 순창군 순창읍,경상사고,0,0,2,0,차대차 - 추돌,안전운전불이행,건조,맑음,단일로 - 기타,승용,남,67세,상해없음,승용,남,57세,경상
2017112600100183,2017년 11월 26일 12시,일요일,전라북도 전주시 덕진구 송천동2가,경상사고,0,0,1,0,차대차 - 측면충돌,신호위반,건조,흐림,교차로 - 교차로안,화물,남,57세,상해없음,승용,남,54세,경상
2017112600100221,2017년 11월 26일 14시,일요일,전라북도 익산시 모현동1가,경상사고,0,0,1,0,차대차 - 측면충돌,안전거리미확보,건조,맑음,단일로 - 기타,승용,여,48세,상해없음,승용,여,58세,경상
2017112600100362,2017년 11월 26일 18시,일요일,전라북도 군산시 나운동,경상사고,0,0,1,0,차대차 - 측면충돌,신호위반,건조,맑음,교차로 - 교차로안,화물,남,37세,상해없음,이륜,남,31세,경상
2017112600100398,2017년 11월 26일 19시,일요일,전라북도 전주시 덕진구 금암동,경상사고,0,0,1,0,차대차 - 기타,안전운전불이행,건조,맑음,교차로 - 교차로횡단보도내,승용,남,23세,상해없음,자전거,남,19세,경상
2017112600100399,2017년 11월 26일 19시,일요일,전라북도 정읍시 산외면,중상사고,0,1,0,0,차대사람 - 횡단중,안전운전불이행,건조,맑음,단일로 - 기타,승용,여,54세,상해없음,보행자,남,19세,중상
2017112600100400,2017년 11월 26일 19시,일요일,전라북도 완주군 삼례읍,경상사고,0,0,1,0,차대사람 - 기타,안전운전불이행,건조,맑음,단일로 - 기타,기타불명,기타불명,미분류,기타불명,보행자,남,63세,경상
2017112600100401,2017년 11월 26일 19시,일요일,전라북도 고창군 흥덕면,사망사고,1,2,1,0,차대차 - 측면충돌,안전운전불이행,건조,맑음,단일로 - 기타,승용,남,50세,상해없음,승용,남,22세,경상
2017112600100429,2017년 11월 26일 20시,일요일,전라북도 전주시 덕진구 인후동1가,경상사고,0,0,1,0,차대차 - 추돌,안전운전불이행,건조,맑음,교차로 - 교차로부근,승용,남,55세,상해없음,승용,여,33세,경상
2017112600100430,2017년 11월 26일 20시,일요일,전라북도 군산시 나운동,중상사고,0,1,0,0,차대사람 - 횡단중,안전운전불이행,건조,맑음,단일로 - 기타,이륜,남,21세,상해없음,보행자,남,50세,중상
2017112600100465,2017년 11월 26일 22시,일요일,전라북도 전주시 완산구 상림동,경상사고,0,0,1,0,차대차 - 추돌,안전운전불이행,건조,맑음,교차로 - 교차로안,승용,남,57세,기타불명,승용,여,44세,경상
2017112600100466,2017년 11월 26일 22시,일요일,전라북도 남원시 월락동,경상사고,0,0,1,0,차대차 - 측면충돌,신호위반,건조,맑음,교차로 - 교차로안,승용,남,25세,상해없음,승용,여,56세,상해없음
2017112600100486,2017년 11월 26일 23시,일요일,전라북도 전주시 완산구 서서학동,중상사고,0,1,3,0,차대차 - 측면충돌,신호위반,건조,맑음,교차로 - 교차로안,승용,남,26세,상해없음,승용,남,33세,중상
2017112700100040,2017년 11월 27일 01시,월요일,전라북도 전주시 완산구 전동,경상사고,0,0,4,0,차대차 - 측면충돌,안전거리미확보,건조,맑음,단일로 - 기타,승용,남,62세,상해없음,승용,남,23세,경상
2017112700100041,2017년 11월 27일 01시,월요일,전라북도 전주시 완산구 효자동3가,경상사고,0,0,1,0,차대차 - 측면충돌,신호위반,건조,맑음,교차로 - 교차로안,승용,여,23세,상해없음,이륜,남,25세,경상
2017112700100042,2017년 11월 27일 01시,월요일,전라북도 군산시 경암동,경상사고,0,0,1,0,차대차 - 측면충돌,신호위반,건조,맑음,교차로 - 교차로안,승용,여,25세,상해없음,승용,남,48세,경상
2017112700100062,2017년 11월 27일 04시,월요일,전라북도 군산시 수송동,중상사고,0,1,1,0,차대차 - 측면충돌,신호위반,건조,맑음,교차로 - 교차로안,승합,남,23세,경상,승합,남,45세,중상
2017112700100175,2017년 11월 27일 09시,월요일,전라북도 군산시 명산동,경상사고,0,0,1,0,차대사람 - 보도통행중,보행자보호의무위반,건조,맑음,교차로 - 교차로횡단보도내,승용,여,43세,상해없음,보행자,여,64세,경상
2017112700100217,2017년 11월 27일 10시,월요일,전라북도 정읍시 수성동,경상사고,0,0,2,0,차대차 - 측면충돌,중앙선침범,건조,맑음,단일로 - 기타,승용,여,51세,상해없음,승용,남,75세,경상
2017112700100278,2017년 11월 27일 13시,월요일,전라북도 부안군 백산면,중상사고,0,1,0,0,차대차 - 측면충돌,직진우회전진행방해,건조,맑음,교차로 - 교차로안,승용,남,31세,상해없음,이륜,남,79세,중상
2017112700100303,2017년 11월 27일 14시,월요일,전라북도 전주시 완산구 효자동2가,경상사고,0,0,1,0,차대사람 - 횡단중,신호위반,건조,맑음,교차로 - 교차로횡단보도내,승용,남,78세,상해없음,보행자,여,23세,경상
2017112700100340,2017년 11월 27일 15시,월요일,전라북도 임실군 강진면,경상사고,0,0,2,0,차대차 - 측면충돌,교차로운행방법위반,건조,맑음,교차로 - 교차로안,건설기계,남,62세,상해없음,화물,남,37세,경상
2017112700100375,2017년 11월 27일 16시,월요일,전라북도 진안군 진안읍,경상사고,0,0,1,0,차대사람 - 길가장자리구역통행중,안전운전불이행,건조,맑음,교차로 - 교차로부근,원동기,여,62세,상해없음,보행자,여,70세,경상
2017112700100418,2017년 11월 27일 17시,월요일,전라북도 전주시 덕진구 인후동1가,중상사고,0,1,0,0,차대차 - 측면충돌,안전운전불이행,건조,맑음,교차로 - 교차로안,승용,남,47세,상해없음,자전거,남,12세,중상
2017112700100419,2017년 11월 27일 17시,월요일,전라북도 군산시 해망동,중상사고,0,1,0,0,차대사람 - 횡단중,안전운전불이행,건조,맑음,교차로 - 교차로안,승용,여,53세,상해없음,보행자,여,74세,중상
2017112700100420,2017년 11월 27일 17시,월요일,전라북도 정읍시 시기동,중상사고,0,1,0,0,차대차 - 기타,안전운전불이행,건조,맑음,교차로 - 교차로부근,승용,남,57세,상해없음,이륜,여,57세,중상
2017112700100474,2017년 11월 27일 18시,월요일,전라북도 전주시 완산구 서신동,경상사고,0,0,1,0,차대차 - 측면충돌,안전운전불이행,건조,맑음,교차로 - 교차로횡단보도내,승용,여,39세,상해없음,자전거,남,23세,경상
2017112700100475,2017년 11월 27일 18시,월요일,전라북도 군산시 나운동,중상사고,0,1,0,0,차대차 - 기타,불법유턴,건조,맑음,교차로 - 교차로부근,기타불명,기타불명,미분류,기타불명,이륜,남,56세,중상
2017112700100476,2017년 11월 27일 18시,월요일,전라북도 군산시 경장동,중상사고,0,1,0,0,차대사람 - 횡단중,안전운전불이행,건조,맑음,교차로 - 교차로안,승용,여,45세,상해없음,보행자,남,74세,중상
2017112700100477,2017년 11월 27일 18시,월요일,전라북도 정읍시 수성동,경상사고,0,0,2,0,차대차 - 추돌,안전운전불이행,건조,맑음,단일로 - 기타,승합,남,47세,상해없음,이륜,남,22세,경상
2017112700100519,2017년 11월 27일 19시,월요일,전라북도 전주시 덕진구 덕진동1가,경상사고,0,0,3,0,차대차 - 측면충돌,신호위반,건조,맑음,교차로 - 교차로안,승용,남,48세,상해없음,승용,남,32세,경상
2017112700100520,2017년 11월 27일 19시,월요일,전라북도 군산시 나운동,경상사고,0,0,1,0,차대차 - 측면충돌,안전운전불이행,건조,맑음,교차로 - 교차로안,승용,여,20세,상해없음,이륜,남,34세,경상
2017112700100521,2017년 11월 27일 19시,월요일,전라북도 정읍시 하북동,경상사고,0,0,4,0,차대차 - 추돌,안전운전불이행,건조,맑음,교차로 - 교차로부근,승용,남,52세,상해없음,승용,남,49세,경상
2017112700100568,2017년 11월 27일 21시,월요일,전라북도 정읍시 시기동,경상사고,0,0,2,0,차대차 - 측면충돌,신호위반,건조,맑음,교차로 - 교차로안,승용,남,48세,경상,화물,남,56세,경상
2017112700100594,2017년 11월 27일 22시,월요일,전라북도 전주시 덕진구 만성동,중상사고,0,1,0,0,차량단독 - 기타,안전운전불이행,건조,맑음,단일로 - 기타,이륜,남,19세,상해없음,,,,
2017112800100056,2017년 11월 28일 01시,화요일,전라북도 전주시 덕진구 금암동,경상사고,0,0,1,0,차대차 - 측면충돌,안전운전불이행,건조,맑음,단일로 - 기타,승용,남,27세,상해없음,승용,남,25세,경상
2017112800100067,2017년 11월 28일 02시,화요일,전라북도 전주시 완산구 효자동3가,경상사고,0,0,2,0,차대차 - 추돌,안전운전불이행,건조,맑음,교차로 - 교차로부근,승용,남,28세,상해없음,승용,남,48세,경상
2017112800100124,2017년 11월 28일 07시,화요일,전라북도 군산시 미장동,경상사고,0,0,1,0,차대차 - 측면충돌,신호위반,건조,맑음,교차로 - 교차로안,승용,남,70세,상해없음,승용,남,39세,경상
2017112800100146,2017년 11월 28일 08시,화요일,전라북도 완주군 고산면,중상사고,0,1,1,0,차대차 - 측면충돌,신호위반,건조,맑음,교차로 - 교차로안,건설기계,남,33세,상해없음,승용,여,57세,중상
2017112800100203,2017년 11월 28일 10시,화요일,전라북도 군산시 중앙로3가,중상사고,0,1,0,0,차대사람 - 횡단중,안전운전불이행,건조,맑음,교차로 - 교차로부근,승용,남,80세,상해없음,보행자,남,84세,중상
2017112800100229,2017년 11월 28일 11시,화요일,전라북도 전주시 덕진구 팔복동1가,중상사고,0,1,3,0,차대차 - 측면충돌,신호위반,건조,맑음,교차로 - 교차로안,승용,남,63세,기타불명,승용,여,32세,경상
2017112800100230,2017년 11월 28일 11시,화요일,전라북도 남원시 금지면,중상사고,0,1,0,0,차대차 - 측면충돌,교차로운행방법위반,건조,맑음,교차로 - 교차로안,화물,남,61세,상해없음,이륜,남,67세,중상
2017112800100231,2017년 11월 28일 11시,화요일,전라북도 부안군 부안읍,경상사고,0,0,1,0,차대차 - 측면충돌,교차로운행방법위반,건조,맑음,교차로 - 교차로안,원동기,남,71세,경상,승용,여,37세,상해없음
2017112800100250,2017년 11월 28일 12시,화요일,전라북도 군산시 성산면,중상사고,0,1,0,0,차대차 - 측면충돌,안전운전불이행,건조,맑음,단일로 - 기타,화물,남,57세,상해없음,승용,여,46세,중상
2017112800100251,2017년 11월 28일 12시,화요일,전라북도 순창군 금과면,중상사고,0,1,1,0,차대차 - 측면충돌,안전운전불이행,건조,맑음,단일로 - 기타,승용,남,68세,상해없음,농기계,남,78세,중상
2017112800100280,2017년 11월 28일 13시,화요일,전라북도 전주시 완산구 서완산동1가,경상사고,0,0,2,0,차대차 - 측면충돌,신호위반,건조,맑음,교차로 - 교차로안,승용,남,46세,상해없음,승합,남,58세,경상
2017112800100304,2017년 11월 28일 14시,화요일,전라북도 김제시 만경읍,경상사고,0,0,1,0,차대차 - 측면충돌,교차로운행방법위반,건조,맑음,교차로 - 교차로안,승용,남,73세,상해없음,이륜,남,75세,경상
2017112800100305,2017년 11월 28일 14시,화요일,전라북도 김제시 요촌동,경상사고,0,0,2,0,차대차 - 측면충돌,직진우회전진행방해,건조,맑음,교차로 - 교차로안,화물,남,51세,상해없음,승용,남,75세,경상
2017112800100334,2017년 11월 28일 15시,화요일,전라북도 완주군 용진읍,경상사고,0,0,1,0,차대차 - 측면충돌,불법유턴,건조,맑음,교차로 - 교차로횡단보도내,자전거,여,71세,경상,승용,남,25세,상해없음
2017112800100366,2017년 11월 28일 16시,화요일,전라북도 전주시 완산구 서서학동,경상사고,0,0,2,0,차대차 - 기타,신호위반,건조,맑음,교차로 - 교차로안,화물,남,60세,상해없음,승용,남,62세,경상
2017112800100401,2017년 11월 28일 17시,화요일,전라북도 완주군 용진읍,사망사고,1,0,0,0,차대사람 - 횡단중,안전운전불이행,건조,맑음,교차로 - 교차로횡단보도내,승합,남,75세,상해없음,보행자,남,75세,사망
2017112800100447,2017년 11월 28일 18시,화요일,전라북도 전주시 완산구 효자동2가,경상사고,0,0,1,0,차대차 - 기타,안전운전불이행,건조,맑음,단일로 - 기타,승용,여,56세,상해없음,승용,여,28세,경상
2017112800100448,2017년 11월 28일 18시,화요일,전라북도 군산시 소룡동,경상사고,0,0,1,0,차대차 - 측면충돌,안전운전불이행,건조,맑음,교차로 - 교차로안,승용,여,27세,상해없음,승용,남,44세,경상
2017112800100449,2017년 11월 28일 18시,화요일,전라북도 익산시 어양동,중상사고,0,1,0,0,차대사람 - 횡단중,안전운전불이행,건조,맑음,단일로 - 기타,승용,남,75세,상해없음,보행자,여,66세,중상
2017112800100450,2017년 11월 28일 18시,화요일,전라북도 익산시 영등동,경상사고,0,0,2,0,차대차 - 측면충돌,안전거리미확보,건조,맑음,단일로 - 기타,승용,여,19세,상해없음,승용,남,49세,경상
2017112800100451,2017년 11월 28일 18시,화요일,전라북도 익산시 남중동,경상사고,0,0,1,0,차대차 - 측면충돌,안전운전불이행,건조,맑음,단일로 - 기타,승용,남,52세,상해없음,승용,남,60세,경상
2017112800100485,2017년 11월 28일 19시,화요일,전라북도 익산시 영등동,경상사고,0,0,1,0,차대차 - 측면충돌,신호위반,건조,맑음,교차로 - 교차로부근,승용,여,52세,상해없음,이륜,남,18세,경상
2017112800100515,2017년 11월 28일 20시,화요일,전라북도 남원시 쌍교동,중상사고,0,1,0,0,차대사람 - 차도통행중,안전운전불이행,건조,맑음,교차로 - 교차로안,승용,여,56세,상해없음,보행자,여,51세,중상
2017112900100037,2017년 11월 29일 01시,수요일,전라북도 전주시 완산구 중화산동2가,경상사고,0,0,1,0,차대차 - 추돌,안전운전불이행,건조,맑음,단일로 - 기타,승용,남,27세,상해없음,자전거,남,38세,경상
2017112900100038,2017년 11월 29일 01시,수요일,전라북도 정읍시 시기동,경상사고,0,0,2,0,차대차 - 기타,안전운전불이행,건조,맑음,교차로 - 교차로안,승용,남,49세,상해없음,승용,여,38세,경상
2017112900100073,2017년 11월 29일 06시,수요일,전라북도 익산시 남중동,중상사고,0,1,0,0,차대차 - 측면충돌,신호위반,건조,맑음,교차로 - 교차로안,건설기계,남,55세,상해없음,승용,남,66세,중상
2017112900100097,2017년 11월 29일 07시,수요일,전라북도 김제시 금산면,중상사고,0,1,0,0,차대차 - 기타,안전운전불이행,건조,맑음,단일로 - 기타,건설기계,남,49세,상해없음,화물,남,40세,중상
2017112900100164,2017년 11월 29일 09시,수요일,전라북도 전주시 덕진구 송천동1가,경상사고,0,0,1,0,차대사람 - 보도통행중,기타,건조,맑음,기타 - 기타,승용,남,42세,상해없음,보행자,여,25세,경상
2017112900100191,2017년 11월 29일 10시,수요일,전라북도 익산시 목천동,경상사고,0,0,1,0,차대차 - 측면충돌,안전운전불이행,건조,맑음,교차로 - 교차로부근,승용,남,26세,상해없음,이륜,남,26세,경상
2017112900100226,2017년 11월 29일 11시,수요일,전라북도 군산시 미룡동,경상사고,0,0,1,0,차대사람 - 기타,안전운전불이행,건조,맑음,교차로 - 교차로안,승용,여,34세,기타불명,보행자,남,43세,경상
2017112900100287,2017년 11월 29일 13시,수요일,전라북도 전주시 덕진구 인후동1가,중상사고,0,1,0,0,차대차 - 측면충돌,신호위반,건조,맑음,단일로 - 기타,이륜,남,43세,중상,승합,남,35세,상해없음
2017112900100311,2017년 11월 29일 14시,수요일,전라북도 정읍시 북면,경상사고,0,0,1,0,차대차 - 추돌,안전운전불이행,건조,맑음,교차로 - 교차로부근,승용,남,67세,상해없음,이륜,남,62세,경상
2017112900100343,2017년 11월 29일 15시,수요일,전라북도 군산시 수송동,경상사고,0,0,2,0,차대차 - 측면충돌,안전운전불이행,건조,맑음,단일로 - 기타,화물,남,72세,상해없음,이륜,남,72세,경상
2017112900100344,2017년 11월 29일 15시,수요일,전라북도 순창군 순창읍,경상사고,0,0,1,0,차대차 - 측면충돌,안전운전불이행,건조,맑음,교차로 - 교차로안,이륜,여,75세,경상,승용,남,67세,상해없음
2017112900100377,2017년 11월 29일 16시,수요일,전라북도 정읍시 태인면,경상사고,0,0,1,0,차대차 - 정면충돌,안전운전불이행,건조,맑음,교차로 - 교차로안,화물,남,52세,상해없음,승용,여,41세,경상
2017112900100412,2017년 11월 29일 17시,수요일,전라북도 정읍시 연지동,경상사고,0,0,4,0,차대차 - 추돌,안전운전불이행,건조,맑음,교차로 - 교차로부근,승용,남,62세,상해없음,화물,남,55세,경상
2017112900100413,2017년 11월 29일 17시,수요일,전라북도 완주군 봉동읍,경상사고,0,0,1,0,차대차 - 측면충돌,안전운전불이행,건조,맑음,교차로 - 교차로안,승합,남,73세,상해없음,화물,남,69세,경상
2017112900100453,2017년 11월 29일 18시,수요일,전라북도 전주시 완산구 서신동,중상사고,0,1,0,0,차대사람 - 기타,안전운전불이행,건조,맑음,단일로 - 기타,기타불명,기타불명,미분류,기타불명,보행자,남,11세,중상
2017112900100454,2017년 11월 29일 18시,수요일,전라북도 전주시 완산구 색장동,중상사고,0,1,0,0,차대차 - 측면충돌,차로위반,건조,맑음,교차로 - 교차로부근,승용,여,24세,중상,화물,남,60세,상해없음
2017112900100455,2017년 11월 29일 18시,수요일,전라북도 전주시 완산구 평화동1가,경상사고,0,0,1,0,차대차 - 측면충돌,안전운전불이행,건조,맑음,단일로 - 기타,승용,여,46세,상해없음,승용,여,33세,경상
2017112900100456,2017년 11월 29일 18시,수요일,전라북도 정읍시 북면,경상사고,0,0,2,0,차대차 - 추돌,안전운전불이행,건조,맑음,단일로 - 기타,승용,여,44세,상해없음,승용,남,47세,상해없음
2017112900100558,2017년 11월 29일 21시,수요일,전라북도 전주시 덕진구 우아동1가,경상사고,0,0,2,0,차대차 - 측면충돌,안전운전불이행,건조,맑음,단일로 - 기타,승용,남,26세,상해없음,승용,여,42세,경상
2017112900100604,2017년 11월 29일 23시,수요일,전라북도 전주시 덕진구 덕진동1가,사망사고,1,1,0,0,차대사람 - 횡단중,안전운전불이행,건조,맑음,단일로 - 기타,승용,남,63세,상해없음,보행자,남,45세,사망
2017113000100082,2017년 11월 30일 06시,목요일,전라북도 정읍시 구룡동,경상사고,0,0,1,0,차대차 - 측면충돌,중앙선침범,건조,맑음,단일로 - 기타,특수,남,53세,상해없음,승용,남,56세,경상
2017113000100124,2017년 11월 30일 08시,목요일,전라북도 전주시 완산구 효자동3가,경상사고,0,0,2,0,차대차 - 측면충돌,교차로운행방법위반,건조,맑음,교차로 - 교차로안,승용,남,54세,경상,승용,남,49세,상해없음
2017113000100125,2017년 11월 30일 08시,목요일,전라북도 무주군 설천면,경상사고,0,0,3,0,차대차 - 기타,안전운전불이행,건조,맑음,단일로 - 기타,승용,여,48세,상해없음,승용,여,41세,경상
2017113000100168,2017년 11월 30일 09시,목요일,전라북도 전주시 완산구 다가동4가,경상사고,0,0,2,0,차대차 - 측면충돌,신호위반,건조,맑음,교차로 - 교차로안,승용,여,34세,경상,화물,남,45세,경상
2017113000100169,2017년 11월 30일 09시,목요일,전라북도 전주시 완산구 서신동,경상사고,0,0,2,0,차대차 - 측면충돌,신호위반,건조,맑음,교차로 - 교차로안,승용,남,51세,경상,승용,여,58세,경상
2017113000100170,2017년 11월 30일 09시,목요일,전라북도 전주시 덕진구 덕진동1가,중상사고,0,1,0,0,차대사람 - 횡단중,보행자보호의무위반,건조,맑음,교차로 - 교차로횡단보도내,승용,여,39세,상해없음,보행자,남,64세,중상
2017113000100260,2017년 11월 30일 12시,목요일,전라북도 익산시 창인동1가,중상사고,0,1,0,0,차대사람 - 횡단중,안전운전불이행,건조,맑음,단일로 - 기타,화물,남,48세,상해없음,보행자,여,67세,중상
2017113000100290,2017년 11월 30일 13시,목요일,전라북도 익산시 금강동,경상사고,0,0,1,0,차대차 - 측면충돌,안전운전불이행,건조,맑음,기타 - 기타,승용,남,75세,상해없음,승용,남,64세,경상
2017113000100293,2017년 11월 30일 13시,목요일,전라북도 익산시 왕궁면,사망사고,1,1,0,0,차대차 - 추돌,안전운전불이행,건조,맑음,단일로 - 기타,화물,남,55세,상해없음,승용,여,52세,중상
2017113000100320,2017년 11월 30일 14시,목요일,전라북도 임실군 지사면,중상사고,0,1,0,0,차대차 - 정면충돌,중앙선침범,건조,맑음,단일로 - 기타,화물,남,50세,상해없음,승용,남,47세,중상
2017113000100356,2017년 11월 30일 15시,목요일,전라북도 진안군 주천면,중상사고,0,1,1,0,차대차 - 정면충돌,중앙선침범,건조,맑음,단일로 - 기타,승용,여,33세,경상,승용,남,64세,중상
2017113000100398,2017년 11월 30일 16시,목요일,전라북도 익산시 목천동,경상사고,0,0,1,0,차대차 - 측면충돌,안전운전불이행,건조,맑음,단일로 - 고가도로위,승용,남,54세,상해없음,화물,남,34세,경상
2017113000100488,2017년 11월 30일 18시,목요일,전라북도 전주시 덕진구 송천동1가,경상사고,0,0,1,0,차대차 - 측면충돌,직진우회전진행방해,건조,맑음,교차로 - 교차로안,승용,남,39세,상해없음,원동기,남,16세,경상
2017113000100489,2017년 11월 30일 18시,목요일,전라북도 남원시 향교동,경상사고,0,0,1,0,차대차 - 추돌,안전운전불이행,건조,맑음,단일로 - 기타,승용,남,48세,상해없음,자전거,여,56세,경상
2017113000100533,2017년 11월 30일 19시,목요일,전라북도 정읍시 장명동,중상사고,0,1,0,0,차대차 - 측면충돌,불법유턴,건조,맑음,단일로 - 기타,승용,여,42세,상해없음,이륜,남,51세,중상
2017113000100573,2017년 11월 30일 20시,목요일,전라북도 전주시 덕진구 전미동1가,경상사고,0,0,1,0,차대차 - 측면충돌,안전운전불이행,건조,맑음,교차로 - 교차로안,화물,남,61세,상해없음,승용,남,27세,경상
2017113000100574,2017년 11월 30일 20시,목요일,전라북도 익산시 영등동,중상사고,0,1,0,0,차대사람 - 횡단중,안전운전불이행,건조,맑음,교차로 - 교차로횡단보도내,승용,남,52세,상해없음,보행자,남,19세,중상
2017113000100575,2017년 11월 30일 20시,목요일,전라북도 정읍시 상동,경상사고,0,0,1,0,차대차 - 기타,중앙선침범,건조,맑음,단일로 - 기타,자전거,남,12세,상해없음,이륜,남,23세,경상
2017113000100576,2017년 11월 30일 20시,목요일,전라북도 정읍시 시기동,경상사고,0,0,1,0,차대차 - 측면충돌,직진우회전진행방해,건조,맑음,교차로 - 교차로안,화물,남,58세,상해없음,승용,여,48세,경상
2017113000100604,2017년 11월 30일 21시,목요일,전라북도 전주시 완산구 효자동3가,중상사고,0,1,0,0,차대차 - 측면충돌,중앙선침범,건조,맑음,단일로 - 기타,승용,남,35세,상해없음,이륜,남,23세,중상
2017113000100605,2017년 11월 30일 21시,목요일,전라북도 남원시 동충동,경상사고,0,0,1,0,차대차 - 기타,안전운전불이행,건조,맑음,단일로 - 기타,승합,남,45세,상해없음,승용,여,32세,경상
2017120100100044,2017년 12월 1일 00시,금요일,전라북도 전주시 덕진구 금암동,경상사고,0,0,1,1,차대차 - 정면충돌,중앙선침범,건조,맑음,교차로 - 교차로안,승용,남,29세,상해없음,승용,남,65세,상해없음
2017120100100045,2017년 12월 1일 00시,금요일,전라북도 남원시 도통동,경상사고,0,0,1,0,차대사람 - 기타,안전운전불이행,건조,맑음,단일로 - 기타,승용,남,45세,상해없음,보행자,남,26세,경상
2017120100100065,2017년 12월 1일 01시,금요일,전라북도 익산시 함열읍,중상사고,0,1,0,0,차대사람 - 횡단중,안전운전불이행,건조,맑음,교차로 - 교차로안,승용,여,37세,상해없음,보행자,남,55세,중상
2017120100100092,2017년 12월 1일 04시,금요일,전라북도 전주시 완산구 중화산동2가,경상사고,0,0,1,0,차대차 - 측면충돌,신호위반,건조,맑음,교차로 - 교차로안,승용,남,43세,상해없음,승용,여,49세,경상