사고번호,사고일시,요일,시군구,사고내용,사망자수,중상자수,경상자수,부상신고자수,사고유형,법규위반,노면상태,기상상태,도로형태,가해운전자 차종,가해운전자 성별,가해운전자 연령,가해운전자 상해정도,피해운전자 차종,피해운전자 성별,피해운전자 연령,피해운전자 상해정도
2017120100100102,2017년 12월 1일 05시,금요일,전라북도 군산시 해망동,사망사고,1,0,0,0,차대사람 - 기타,안전운전불이행,건조,맑음,단일로 - 기타,승용,남,24세,상해없음,보행자,여,66세,사망
2017120100100123,2017년 12월 1일 06시,금요일,전라북도 전주시 덕진구 인후동1가,경상사고,0,0,1,1,차대차 - 측면충돌,신호위반,건조,맑음,교차로 - 교차로안,승용,남,66세,상해없음,승용,남,37세,경상
2017120100100181,2017년 12월 1일 08시,금요일,전라북도 군산시 미장동,경상사고,0,0,1,0,차대차 - 측면충돌,신호위반,건조,맑음,교차로 - 교차로안,승용,남,46세,상해없음,승합,남,34세,경상
2017120100100225,2017년 12월 1일 09시,금요일,전라북도 익산시 남중동,경상사고,0,0,1,0,차대차 - 측면충돌,신호위반,건조,맑음,교차로 - 교차로안,승용,여,56세,상해없음,원동기,남,81세,경상
2017120100100226,2017년 12월 1일 09시,금요일,전라북도 고창군 부안면,사망사고,1,1,0,0,차대차 - 측면충돌,신호위반,건조,맑음,교차로 - 교차로안,승용,남,60세,사망,승용,남,55세,중상
2017120100100306,2017년 12월 1일 12시,금요일,전라북도 군산시 오식도동,중상사고,0,1,1,0,차대차 - 측면충돌,직진우회전진행방해,건조,맑음,교차로 - 교차로안,승용,남,32세,상해없음,승용,남,33세,경상
2017120100100307,2017년 12월 1일 12시,금요일,전라북도 김제시 금구면,경상사고,0,0,1,0,차대차 - 측면충돌,직진우회전진행방해,건조,맑음,교차로 - 교차로안,승용,남,74세,상해없음,승용,여,28세,경상
2017120100100308,2017년 12월 1일 12시,금요일,전라북도 김제시 하동,중상사고,0,1,0,0,차대사람 - 기타,안전운전불이행,건조,맑음,교차로 - 교차로부근,화물,남,56세,상해없음,보행자,남,85세,중상
2017120100100332,2017년 12월 1일 13시,금요일,전라북도 군산시 대야면,경상사고,0,0,1,0,차대차 - 측면충돌,직진우회전진행방해,건조,맑음,교차로 - 교차로안,화물,남,66세,상해없음,승용,남,67세,경상
2017120100100333,2017년 12월 1일 13시,금요일,전라북도 남원시 어현동,중상사고,0,1,0,0,차대차 - 기타,직진우회전진행방해,건조,맑음,교차로 - 교차로안,승용,여,51세,상해없음,원동기,남,81세,중상
2017120100100372,2017년 12월 1일 14시,금요일,전라북도 정읍시 상동,중상사고,0,1,0,0,차대차 - 측면충돌,신호위반,건조,맑음,교차로 - 교차로안,이륜,남,66세,중상,승용,남,61세,상해없음
2017120100100505,2017년 12월 1일 17시,금요일,전라북도 익산시 영등동,경상사고,0,0,2,0,차대차 - 추돌,안전운전불이행,건조,맑음,단일로 - 기타,승용,남,32세,상해없음,승용,여,29세,경상
2017120100100506,2017년 12월 1일 17시,금요일,전라북도 남원시 향교동,경상사고,0,0,1,0,차대차 - 기타,안전운전불이행,건조,맑음,단일로 - 기타,승용,남,58세,상해없음,자전거,여,65세,경상
2017120100100569,2017년 12월 1일 18시,금요일,전라북도 군산시 나운동,경상사고,0,0,1,0,차대차 - 측면충돌,신호위반,건조,맑음,교차로 - 교차로안,승용,남,64세,상해없음,승용,남,47세,경상
2017120100100624,2017년 12월 1일 19시,금요일,전라북도 전주시 덕진구 금암동,중상사고,0,1,0,0,차대차 - 기타,안전운전불이행,건조,맑음,단일로 - 기타,승용,남,57세,상해없음,자전거,남,26세,중상
2017120100100625,2017년 12월 1일 19시,금요일,전라북도 군산시 나운동,경상사고,0,0,1,0,차대차 - 기타,안전운전불이행,건조,맑음,교차로 - 교차로부근,이륜,남,38세,경상,승용,남,20세,상해없음
2017120100100626,2017년 12월 1일 19시,금요일,전라북도 장수군 장수읍,경상사고,0,0,1,0,차대차 - 측면충돌,교차로운행방법위반,건조,맑음,교차로 - 교차로안,승용,여,52세,경상,승용,남,47세,상해없음
2017120100100699,2017년 12월 1일 21시,금요일,전라북도 정읍시 상동,경상사고,0,0,1,0,차대사람 - 횡단중,안전운전불이행,건조,맑음,단일로 - 기타,승용,여,45세,상해없음,보행자,남,56세,경상
2017120100100733,2017년 12월 1일 22시,금요일,전라북도 정읍시 시기동,경상사고,0,0,1,0,차대차 - 측면충돌,직진우회전진행방해,건조,맑음,교차로 - 교차로안,승용,남,49세,상해없음,이륜,남,19세,경상
2017120200100159,2017년 12월 2일 08시,토요일,전라북도 익산시 인화동1가,경상사고,0,0,2,0,차대차 - 측면충돌,직진우회전진행방해,건조,맑음,교차로 - 교차로안,승용,남,31세,상해없음,승용,남,69세,경상
2017120200100193,2017년 12월 2일 09시,토요일,전라북도 정읍시 시기동,경상사고,0,0,1,0,차대차 - 측면충돌,직진우회전진행방해,건조,맑음,교차로 - 교차로부근,승용,남,67세,상해없음,승용,여,50세,상해없음
2017120200100194,2017년 12월 2일 09시,토요일,전라북도 김제시 백산면,경상사고,0,0,2,0,차대차 - 측면충돌,직진우회전진행방해,건조,맑음,교차로 - 교차로안,화물,남,59세,경상,화물,남,49세,경상
2017120200100195,2017년 12월 2일 09시,토요일,전라북도 부안군 부안읍,중상사고,0,1,0,0,차대차 - 측면충돌,신호위반,건조,맑음,교차로 - 교차로안,승용,남,73세,기타불명,이륜,남,77세,중상
2017120200100215,2017년 12월 2일 10시,토요일,전라북도 전주시 덕진구 팔복동2가,경상사고,0,0,2,0,차대차 - 측면충돌,안전운전불이행,건조,맑음,교차로 - 교차로안,승용,여,31세,상해없음,승용,남,26세,경상
2017120200100216,2017년 12월 2일 10시,토요일,전라북도 전주시 덕진구 도도동,경상사고,0,0,1,0,차대차 - 추돌,안전운전불이행,건조,맑음,단일로 - 기타,승용,남,34세,상해없음,승용,여,58세,경상
2017120200100283,2017년 12월 2일 12시,토요일,전라북도 익산시 동산동,중상사고,0,1,0,0,차대차 - 측면충돌,안전운전불이행,건조,맑음,단일로 - 기타,이륜,남,57세,상해없음,자전거,남,69세,중상
2017120200100284,2017년 12월 2일 12시,토요일,전라북도 익산시 덕기동,경상사고,0,0,2,0,차대차 - 측면충돌,안전운전불이행,건조,맑음,단일로 - 기타,화물,남,65세,상해없음,화물,남,37세,경상
2017120200100285,2017년 12월 2일 12시,토요일,전라북도 무주군 무주읍,경상사고,0,0,1,0,차대차 - 기타,안전운전불이행,건조,맑음,교차로 - 교차로안,승용,남,44세,상해없음,이륜,남,49세,경상
2017120200100314,2017년 12월 2일 13시,토요일,전라북도 김제시 요촌동,경상사고,0,0,2,0,차대차 - 추돌,안전운전불이행,건조,맑음,교차로 - 교차로부근,승용,남,20세,상해없음,승용,남,49세,경상
2017120200100353,2017년 12월 2일 14시,토요일,전라북도 전주시 완산구 평화동2가,경상사고,0,0,4,0,차대차 - 측면충돌,신호위반,건조,맑음,교차로 - 교차로안,승용,남,47세,상해없음,승용,남,41세,경상
2017120200100391,2017년 12월 2일 15시,토요일,전라북도 부안군 진서면,경상사고,0,0,1,0,차대차 - 측면충돌,안전운전불이행,건조,맑음,교차로 - 교차로부근,이륜,남,26세,경상,승용,남,38세,상해없음
2017120200100422,2017년 12월 2일 16시,토요일,전라북도 정읍시 신태인읍,경상사고,0,0,1,0,차대사람 - 기타,안전운전불이행,건조,맑음,교차로 - 교차로안,승용,남,44세,기타불명,보행자,남,72세,경상
2017120200100496,2017년 12월 2일 18시,토요일,전라북도 군산시 나운동,경상사고,0,0,1,0,차대차 - 기타,안전운전불이행,건조,흐림,교차로 - 교차로안,승용,남,62세,상해없음,이륜,남,25세,경상
2017120200100497,2017년 12월 2일 18시,토요일,전라북도 남원시 금동,중상사고,0,1,0,0,차대차 - 측면충돌,직진우회전진행방해,건조,맑음,교차로 - 교차로안,승용,남,52세,상해없음,이륜,남,49세,중상
2017120200100542,2017년 12월 2일 19시,토요일,전라북도 전주시 덕진구 화전동,경상사고,0,0,1,0,차대차 - 정면충돌,안전운전불이행,건조,맑음,단일로 - 기타,승용,남,60세,상해없음,승용,여,38세,경상
2017120200100572,2017년 12월 2일 20시,토요일,전라북도 군산시 조촌동,중상사고,0,1,0,0,차대사람 - 보도통행중,보행자보호의무위반,건조,흐림,단일로 - 기타,승용,남,48세,상해없음,보행자,여,59세,중상
2017120200100601,2017년 12월 2일 21시,토요일,전라북도 군산시 수송동,경상사고,0,0,1,0,차대차 - 추돌,안전거리미확보,건조,기타,단일로 - 기타,이륜,남,17세,상해없음,승용,여,35세,경상
2017120300100048,2017년 12월 3일 01시,일요일,전라북도 익산시 석왕동,경상사고,0,0,3,0,차대차 - 측면충돌,안전운전불이행,건조,맑음,단일로 - 기타,승용,남,28세,상해없음,승용,남,55세,경상
2017120300100087,2017년 12월 3일 04시,일요일,전라북도 김제시 죽산면,사망사고,1,0,1,1,차대차 - 기타,안전운전불이행,건조,맑음,단일로 - 기타,승용,남,58세,상해없음,승용,남,40세,사망
2017120300100130,2017년 12월 3일 08시,일요일,전라북도 정읍시 수성동,중상사고,0,2,0,0,차대사람 - 기타,직진우회전진행방해,건조,맑음,교차로 - 교차로안,승용,남,54세,상해없음,보행자,남,83세,중상
2017120300100131,2017년 12월 3일 08시,일요일,전라북도 정읍시 시기동,경상사고,0,0,1,0,차대차 - 측면충돌,신호위반,건조,맑음,교차로 - 교차로안,화물,남,69세,상해없음,승용,여,43세,경상
2017120300100162,2017년 12월 3일 10시,일요일,전라북도 정읍시 북면,경상사고,0,0,1,0,차대차 - 추돌,안전운전불이행,건조,맑음,단일로 - 기타,승용,남,22세,상해없음,승용,남,44세,경상
2017120300100205,2017년 12월 3일 12시,일요일,전라북도 전주시 완산구 경원동1가,경상사고,0,0,1,0,차대차 - 추돌,안전거리미확보,건조,맑음,단일로 - 기타,승용,여,39세,상해없음,승용,남,38세,경상
2017120300100206,2017년 12월 3일 12시,일요일,전라북도 정읍시 입암면,경상사고,0,0,3,0,차대차 - 추돌,안전운전불이행,건조,맑음,단일로 - 기타,승용,여,58세,경상,승용,남,51세,경상
2017120300100207,2017년 12월 3일 12시,일요일,전라북도 순창군 적성면,중상사고,0,1,0,0,차량단독 - 전도전복 - 전도,안전운전불이행,건조,맑음,단일로 - 기타,화물,남,39세,중상,,,,
2017120300100278,2017년 12월 3일 15시,일요일,전라북도 정읍시 쌍암동,경상사고,0,0,2,0,차대차 - 측면충돌,중앙선침범,건조,맑음,단일로 - 기타,사륜오토바이(ATV),남,50세,경상,화물,남,47세,경상
2017120300100309,2017년 12월 3일 16시,일요일,전라북도 전주시 덕진구 금암동,중상사고,0,2,2,0,차대차 - 측면충돌,교차로운행방법위반,건조,맑음,교차로 - 교차로안,승용,여,52세,상해없음,승용,남,64세,경상
2017120300100310,2017년 12월 3일 16시,일요일,전라북도 부안군 부안읍,경상사고,0,0,2,0,차대차 - 측면충돌,교차로운행방법위반,건조,맑음,교차로 - 교차로안,건설기계,남,41세,상해없음,승용,남,64세,경상
2017120300100440,2017년 12월 3일 20시,일요일,전라북도 고창군 고창읍,경상사고,0,0,1,0,차대사람 - 길가장자리구역통행중,안전운전불이행,건조,맑음,단일로 - 기타,승용,남,50세,상해없음,보행자,여,16세,경상
2017120300100461,2017년 12월 3일 21시,일요일,전라북도 김제시 황산면,경상사고,0,0,2,0,차대차 - 측면충돌,안전운전불이행,건조,맑음,단일로 - 기타,승용,남,25세,상해없음,승용,남,26세,경상
2017120300100479,2017년 12월 3일 22시,일요일,전라북도 군산시 나운동,중상사고,0,1,0,0,차대사람 - 기타,중앙선침범,건조,맑음,단일로 - 기타,승용,남,59세,상해없음,보행자,남,43세,중상
2017120400100057,2017년 12월 4일 05시,월요일,전라북도 전주시 덕진구 용정동,중상사고,0,1,2,0,차대차 - 추돌,안전운전불이행,젖음/습기,비,단일로 - 기타,화물,남,62세,상해없음,화물,남,69세,중상
2017120400100058,2017년 12월 4일 05시,월요일,전라북도 완주군 구이면,중상사고,0,1,0,0,차대차 - 추돌,안전운전불이행,젖음/습기,비,단일로 - 기타,화물,남,59세,상해없음,화물,남,57세,중상
2017120400100070,2017년 12월 4일 06시,월요일,전라북도 전주시 완산구 효자동1가,경상사고,0,0,1,0,차대사람 - 횡단중,보행자보호의무위반,젖음/습기,흐림,교차로 - 교차로횡단보도내,건설기계,남,47세,상해없음,보행자,남,79세,경상
2017120400100188,2017년 12월 4일 09시,월요일,전라북도 정읍시 고부면,경상사고,0,0,1,0,차대차 - 측면충돌,신호위반,젖음/습기,맑음,교차로 - 교차로안,승용,여,52세,상해없음,농기계,남,73세,경상
2017120400100327,2017년 12월 4일 14시,월요일,전라북도 임실군 관촌면,경상사고,0,0,1,0,차대사람 - 기타,안전운전불이행,건조,맑음,단일로 - 교량,화물,남,50세,상해없음,보행자,남,59세,경상
2017120400100328,2017년 12월 4일 14시,월요일,전라북도 임실군 관촌면,중상사고,0,1,0,0,차대사람 - 차도통행중,안전운전불이행,건조,맑음,교차로 - 교차로안,승용,남,78세,상해없음,보행자,여,79세,중상
2017120400100420,2017년 12월 4일 17시,월요일,전라북도 정읍시 농소동,경상사고,0,0,1,0,차대차 - 측면충돌,직진우회전진행방해,건조,맑음,교차로 - 교차로부근,승용,여,30세,경상,화물,남,73세,상해없음
2017120400100421,2017년 12월 4일 17시,월요일,전라북도 김제시 금산면,사망사고,1,2,0,0,차대차 - 측면충돌,교차로운행방법위반,건조,맑음,교차로 - 교차로안,화물,남,48세,사망,화물,남,64세,중상
2017120400100467,2017년 12월 4일 18시,월요일,전라북도 전주시 덕진구 우아동1가,경상사고,0,0,1,0,차대사람 - 횡단중,보행자보호의무위반,건조,맑음,교차로 - 교차로횡단보도내,승용,남,39세,상해없음,보행자,여,48세,경상
2017120400100468,2017년 12월 4일 18시,월요일,전라북도 진안군 부귀면,중상사고,0,1,0,0,차대사람 - 차도통행중,안전운전불이행,건조,맑음,단일로 - 기타,승용,여,44세,상해없음,보행자,남,64세,중상
2017120400100558,2017년 12월 4일 20시,월요일,전라북도 순창군 복흥면,경상사고,0,0,1,0,차량단독 - 공작물충돌,안전운전불이행,적설,눈,단일로 - 기타,화물,남,51세,경상,,,,
2017120400100601,2017년 12월 4일 22시,월요일,전라북도 정읍시 신월동,중상사고,0,2,0,0,차대차 - 측면충돌,중앙선침범,젖음/습기,비,단일로 - 기타,화물,남,48세,중상,승용,남,43세,중상
2017120400100629,2017년 12월 4일 23시,월요일,전라북도 완주군 봉동읍,경상사고,0,0,2,0,차대차 - 측면충돌,신호위반,건조,맑음,교차로 - 교차로안,승용,남,50세,상해없음,화물,남,49세,경상
2017120500100116,2017년 12월 5일 07시,화요일,전라북도 전주시 완산구 효자동3가,경상사고,0,0,1,0,차대차 - 측면충돌,신호위반,건조,맑음,교차로 - 교차로안,승용,남,35세,상해없음,승용,여,53세,경상
2017120500100159,2017년 12월 5일 08시,화요일,전라북도 전주시 덕진구 금암동,경상사고,0,0,2,0,차대차 - 추돌,안전운전불이행,건조,맑음,교차로 - 교차로안,승용,남,28세,상해없음,승용,남,39세,경상
2017120500100187,2017년 12월 5일 09시,화요일,전라북도 순창군 유등면,경상사고,0,0,1,0,차대차 - 측면충돌,안전운전불이행,건조,맑음,교차로 - 교차로부근,승용,여,63세,상해없음,원동기,남,78세,경상
2017120500100188,2017년 12월 5일 09시,화요일,전라북도 무주군 적상면,경상사고,0,0,2,0,차대차 - 기타,안전운전불이행,건조,맑음,단일로 - 기타,화물,남,49세,상해없음,승용,남,20세,경상
2017120500100211,2017년 12월 5일 10시,화요일,전라북도 전주시 덕진구 만성동,중상사고,0,1,1,0,차대차 - 측면충돌,직진우회전진행방해,건조,맑음,교차로 - 교차로안,승용,여,29세,중상,승용,여,36세,경상
2017120500100212,2017년 12월 5일 10시,화요일,전라북도 정읍시 상동,경상사고,0,0,1,0,차대차 - 측면충돌,직진우회전진행방해,건조,맑음,교차로 - 교차로안,승용,남,51세,상해없음,화물,남,34세,경상
2017120500100240,2017년 12월 5일 11시,화요일,전라북도 전주시 완산구 중노송동,경상사고,0,0,1,0,차대사람 - 횡단중,보행자보호의무위반,건조,맑음,교차로 - 교차로횡단보도내,승용,남,38세,상해없음,보행자,여,56세,경상
2017120500100241,2017년 12월 5일 11시,화요일,전라북도 임실군 오수면,중상사고,0,1,0,0,차대차 - 기타,안전운전불이행,건조,맑음,교차로 - 교차로부근,화물,남,59세,상해없음,이륜,남,60세,중상
2017120500100309,2017년 12월 5일 13시,화요일,전라북도 전주시 덕진구 송천동2가,경상사고,0,0,1,0,차대사람 - 기타,안전운전불이행,건조,맑음,단일로 - 기타,승용,여,52세,상해없음,보행자,남,63세,경상
2017120500100382,2017년 12월 5일 16시,화요일,전라북도 김제시 옥산동,경상사고,0,0,1,0,차대사람 - 차도통행중,안전운전불이행,건조,맑음,교차로 - 교차로부근,승용,남,29세,상해없음,보행자,남,35세,경상
2017120500100416,2017년 12월 5일 17시,화요일,전라북도 전주시 덕진구 우아동3가,중상사고,0,1,0,0,차대사람 - 차도통행중,안전운전불이행,건조,맑음,단일로 - 기타,승용,여,25세,상해없음,보행자,여,54세,중상
2017120500100417,2017년 12월 5일 17시,화요일,전라북도 익산시 성당면,사망사고,1,0,0,0,차대차 - 측면충돌,중앙선침범,건조,맑음,단일로 - 기타,사륜오토바이(ATV),남,72세,사망,화물,남,52세,상해없음
2017120500100474,2017년 12월 5일 18시,화요일,전라북도 전주시 완산구 효자동1가,중상사고,0,1,0,0,차대사람 - 기타,안전운전불이행,건조,맑음,교차로 - 교차로안,승용,남,37세,상해없음,보행자,남,75세,중상
2017120500100475,2017년 12월 5일 18시,화요일,전라북도 전주시 완산구 효자동1가,중상사고,0,1,1,0,차대차 - 추돌,안전운전불이행,건조,맑음,단일로 - 기타,승용,남,63세,상해없음,승용,여,36세,중상
2017120500100476,2017년 12월 5일 18시,화요일,전라북도 군산시 월명동,경상사고,0,0,1,4,차대차 - 측면충돌,직진우회전진행방해,건조,맑음,교차로 - 교차로부근,승용,남,56세,상해없음,승용,남,55세,경상
2017120500100571,2017년 12월 5일 21시,화요일,전라북도 군산시 옥구읍,경상사고,0,0,1,0,차대차 - 추돌,안전운전불이행,건조,맑음,단일로 - 기타,화물,남,60세,상해없음,화물,남,58세,경상
2017120500100572,2017년 12월 5일 21시,화요일,전라북도 익산시 부송동,사망사고,1,0,0,0,차대차 - 측면충돌,신호위반,건조,맑음,교차로 - 교차로안,승용,남,49세,상해없음,이륜,남,51세,사망
2017120500100591,2017년 12월 5일 22시,화요일,전라북도 전주시 덕진구 동산동,경상사고,0,0,2,0,차대차 - 측면충돌,중앙선침범,건조,맑음,단일로 - 기타,화물,남,34세,상해없음,승용,여,45세,경상
2017120600100178,2017년 12월 6일 08시,수요일,전라북도 전주시 완산구 서서학동,경상사고,0,0,2,0,차대차 - 측면충돌,안전운전불이행,적설,눈,교차로 - 교차로부근,승용,남,38세,상해없음,승용,여,54세,경상
2017120600100179,2017년 12월 6일 08시,수요일,전라북도 전주시 덕진구 장동,경상사고,0,0,1,0,차대차 - 추돌,안전운전불이행,적설,눈,단일로 - 기타,승용,여,50세,상해없음,승용,남,53세,경상
2017120600100180,2017년 12월 6일 08시,수요일,전라북도 전주시 덕진구 인후동2가,경상사고,0,0,1,0,차대사람 - 횡단중,신호위반,건조,흐림,교차로 - 교차로횡단보도내,승용,남,45세,상해없음,보행자,남,22세,경상
2017120600100181,2017년 12월 6일 08시,수요일,전라북도 전주시 덕진구 우아동3가,경상사고,0,0,1,0,차대차 - 추돌,안전운전불이행,적설,눈,단일로 - 기타,승용,남,53세,상해없음,승용,여,36세,경상
2017120600100182,2017년 12월 6일 08시,수요일,전라북도 진안군 정천면,중상사고,0,1,2,0,차대차 - 측면충돌,직진우회전진행방해,적설,눈,교차로 - 교차로안,화물,남,67세,중상,승용,남,57세,경상
2017120600100219,2017년 12월 6일 09시,수요일,전라북도 전주시 완산구 서서학동,중상사고,0,1,0,0,차대사람 - 기타,안전운전불이행,건조,맑음,단일로 - 기타,승합,남,45세,상해없음,보행자,여,18세,중상
2017120600100220,2017년 12월 6일 09시,수요일,전라북도 전주시 덕진구 덕진동1가,중상사고,0,1,0,0,차대사람 - 차도통행중,안전운전불이행,건조,맑음,단일로 - 기타,기타불명,기타불명,미분류,기타불명,보행자,여,50세,중상
2017120600100221,2017년 12월 6일 09시,수요일,전라북도 익산시 금강동,경상사고,0,0,1,0,차대차 - 추돌,안전운전불이행,건조,맑음,교차로 - 교차로부근,승용,남,73세,상해없음,승용,여,49세,경상
2017120600100222,2017년 12월 6일 09시,수요일,전라북도 부안군 동진면,경상사고,0,0,1,0,차량단독 - 도로외이탈 - 추락,안전운전불이행,서리/결빙,흐림,단일로 - 기타,화물,여,57세,경상,,,,
2017120600100244,2017년 12월 6일 10시,수요일,전라북도 정읍시 상동,경상사고,0,0,1,0,차대차 - 측면충돌,직진우회전진행방해,건조,맑음,교차로 - 교차로안,화물,남,59세,상해없음,승용,남,50세,경상
2017120600100245,2017년 12월 6일 10시,수요일,전라북도 정읍시 구룡동,경상사고,0,0,1,0,차대차 - 추돌,안전운전불이행,건조,맑음,교차로 - 교차로부근,승합,남,83세,상해없음,승용,여,45세,경상
2017120600100246,2017년 12월 6일 10시,수요일,전라북도 정읍시 구룡동,중상사고,0,1,0,0,차량단독 - 도로외이탈 - 기타,안전운전불이행,젖음/습기,맑음,단일로 - 기타,화물,남,70세,중상,,,,
2017120600100247,2017년 12월 6일 10시,수요일,전라북도 임실군 임실읍,경상사고,0,0,2,0,차량단독 - 도로외이탈 - 기타,안전운전불이행,서리/결빙,흐림,단일로 - 교량,화물,남,56세,상해없음,,,,
2017120600100248,2017년 12월 6일 10시,수요일,전라북도 진안군 진안읍,중상사고,0,1,0,0,차대차 - 측면충돌,직진우회전진행방해,젖음/습기,흐림,교차로 - 교차로안,화물,남,83세,상해없음,승용,남,73세,중상
2017120600100249,2017년 12월 6일 10시,수요일,전라북도 무주군 무주읍,중상사고,0,1,0,0,차대사람 - 횡단중,안전운전불이행,젖음/습기,맑음,교차로 - 교차로안,화물,남,55세,상해없음,보행자,남,80세,중상
2017120600100383,2017년 12월 6일 14시,수요일,전라북도 군산시 미원동,경상사고,0,0,1,0,차대사람 - 횡단중,안전운전불이행,건조,맑음,교차로 - 교차로안,승용,여,35세,상해없음,보행자,여,81세,경상
2017120600100520,2017년 12월 6일 17시,수요일,전라북도 군산시 경장동,경상사고,0,0,2,0,차대차 - 측면충돌,신호위반,건조,흐림,교차로 - 교차로안,승용,여,38세,상해없음,승용,남,40세,경상
2017120600100627,2017년 12월 6일 19시,수요일,전라북도 전주시 덕진구 진북동,중상사고,0,1,0,0,차대사람 - 길가장자리구역통행중,안전운전불이행,건조,맑음,단일로 - 기타,승용,남,62세,상해없음,보행자,여,66세,중상
2017120600100628,2017년 12월 6일 19시,수요일,전라북도 익산시 모현동1가,경상사고,0,0,1,0,차대차 - 기타,신호위반,건조,맑음,교차로 - 교차로안,기타불명,기타불명,미분류,기타불명,승용,남,64세,상해없음
2017120600100629,2017년 12월 6일 19시,수요일,전라북도 김제시 용지면,사망사고,1,0,0,0,차대사람 - 횡단중,기타,건조,맑음,교차로 - 교차로안,승용,여,65세,상해없음,보행자,남,78세,사망
2017120600100747,2017년 12월 6일 23시,수요일,전라북도 완주군 소양면,사망사고,1,0,0,0,차대차 - 기타,안전운전불이행,건조,흐림,단일로 - 기타,승용,남,55세,상해없음,이륜,남,47세,사망
2017120700100060,2017년 12월 7일 03시,목요일,전라북도 군산시 소룡동,경상사고,0,0,3,0,차대차 - 기타,안전운전불이행,건조,흐림,교차로 - 교차로부근,승용,남,58세,상해없음,승용,남,33세,경상
2017120700100063,2017년 12월 7일 04시,목요일,전라북도 정읍시 상동,경상사고,0,0,2,0,차대차 - 측면충돌,직진우회전진행방해,건조,맑음,교차로 - 교차로안,승용,남,75세,경상,승합,남,62세,경상
2017120700100080,2017년 12월 7일 05시,목요일,전라북도 전주시 덕진구 반월동,경상사고,0,0,1,0,차대차 - 정면충돌,중앙선침범,젖음/습기,비,단일로 - 기타,승용,남,20세,상해없음,화물,남,55세,경상
2017120700100081,2017년 12월 7일 05시,목요일,전라북도 정읍시 하모동,사망사고,1,0,0,0,차대사람 - 횡단중,안전운전불이행,건조,맑음,교차로 - 교차로안,승합,남,65세,상해없음,보행자,여,71세,사망
2017120700100129,2017년 12월 7일 07시,목요일,전라북도 김제시 백산면,경상사고,0,0,2,0,차대차 - 측면충돌,신호위반,젖음/습기,비,교차로 - 교차로안,승용,여,45세,경상,승용,남,29세,경상
2017120700100165,2017년 12월 7일 08시,목요일,전라북도 전주시 완산구 중동,경상사고,0,0,1,0,차대차 - 측면충돌,교차로운행방법위반,젖음/습기,비,교차로 - 교차로안,승용,남,24세,상해없음,승합,남,52세,경상
2017120700100214,2017년 12월 7일 10시,목요일,전라북도 군산시 개정면,경상사고,0,0,1,0,차대차 - 기타,신호위반,건조,맑음,교차로 - 교차로안,승용,남,24세,상해없음,승용,여,46세,경상
2017120700100215,2017년 12월 7일 10시,목요일,전라북도 고창군 신림면,중상사고,0,1,0,0,차대차 - 정면충돌,중앙선침범,젖음/습기,비,교차로 - 교차로부근,건설기계,남,55세,상해없음,승합,남,25세,중상
2017120700100260,2017년 12월 7일 12시,목요일,전라북도 군산시 문화동,중상사고,0,1,0,0,차대사람 - 횡단중,안전운전불이행,건조,맑음,교차로 - 교차로횡단보도내,화물,남,62세,상해없음,보행자,여,73세,중상
2017120700100261,2017년 12월 7일 12시,목요일,전라북도 임실군 성수면,경상사고,0,0,2,0,차량단독 - 기타,안전운전불이행,건조,맑음,기타 - 기타,승용,여,54세,경상,,,,
2017120700100281,2017년 12월 7일 13시,목요일,전라북도 순창군 금과면,경상사고,0,0,2,0,차대차 - 후진중충돌,안전운전불이행,젖음/습기,비,단일로 - 기타,건설기계,남,42세,상해없음,이륜,남,79세,경상
2017120700100331,2017년 12월 7일 15시,목요일,전라북도 익산시 용제동,경상사고,0,0,1,0,차대차 - 측면충돌,직진우회전진행방해,건조,맑음,교차로 - 교차로안,승용,남,66세,상해없음,화물,남,49세,경상
2017120700100332,2017년 12월 7일 15시,목요일,전라북도 부안군 변산면,중상사고,0,2,1,0,차대차 - 측면충돌,교차로운행방법위반,건조,흐림,교차로 - 교차로안,승용,남,63세,경상,승용,남,79세,중상
2017120700100368,2017년 12월 7일 16시,목요일,전라북도 익산시 주현동,중상사고,0,1,0,0,차대차 - 측면충돌,직진우회전진행방해,건조,맑음,교차로 - 교차로안,승용,여,38세,상해없음,이륜,남,68세,중상
2017120700100404,2017년 12월 7일 17시,목요일,전라북도 전주시 완산구 서노송동,경상사고,0,0,1,0,차대차 - 측면충돌,신호위반,건조,맑음,교차로 - 교차로안,승용,여,61세,상해없음,승합,남,40세,경상
2017120700100405,2017년 12월 7일 17시,목요일,전라북도 전주시 덕진구 인후동2가,경상사고,0,0,6,0,차대차 - 측면충돌,안전운전불이행,건조,맑음,단일로 - 기타,승용,여,56세,경상,승용,남,48세,경상
2017120700100406,2017년 12월 7일 17시,목요일,전라북도 익산시 함열읍,중상사고,0,1,0,0,차대사람 - 차도통행중,안전운전불이행,건조,맑음,교차로 - 교차로안,승합,남,53세,상해없음,보행자,남,54세,중상
2017120700100407,2017년 12월 7일 17시,목요일,전라북도 익산시 남중동,중상사고,0,1,0,0,차대차 - 추돌,안전운전불이행,건조,맑음,단일로 - 기타,원동기,남,70세,중상,승합,남,44세,상해없음