사고번호,사고일시,요일,시군구,사고내용,사망자수,중상자수,경상자수,부상신고자수,사고유형,법규위반,노면상태,기상상태,도로형태,가해운전자 차종,가해운전자 성별,가해운전자 연령,가해운전자 상해정도,피해운전자 차종,피해운전자 성별,피해운전자 연령,피해운전자 상해정도
2017120700100452,2017년 12월 7일 18시,목요일,전라북도 전주시 덕진구 팔복동2가,경상사고,0,0,2,0,차대차 - 측면충돌,안전운전불이행,건조,흐림,단일로 - 기타,승용,여,53세,상해없음,승용,남,24세,경상
2017120700100496,2017년 12월 7일 19시,목요일,전라북도 전주시 덕진구 진북동,중상사고,0,1,0,0,차대사람 - 횡단중,신호위반,건조,흐림,교차로 - 교차로횡단보도내,승용,여,58세,상해없음,보행자,여,52세,중상
2017120700100522,2017년 12월 7일 20시,목요일,전라북도 정읍시 상동,경상사고,0,0,1,0,차대차 - 기타,안전운전불이행,건조,맑음,교차로 - 교차로안,승용,여,33세,상해없음,이륜,남,18세,경상
2017120700100523,2017년 12월 7일 20시,목요일,전라북도 순창군 순창읍,경상사고,0,0,1,0,차대차 - 추돌,안전운전불이행,건조,맑음,교차로 - 교차로부근,승용,남,48세,상해없음,승용,여,46세,경상
2017120700100610,2017년 12월 7일 23시,목요일,전라북도 무주군 무주읍,중상사고,0,1,0,0,차대차 - 측면충돌,안전운전불이행,건조,맑음,교차로 - 교차로안,화물,남,47세,기타불명,승용,남,21세,중상
2017120800100060,2017년 12월 8일 01시,금요일,전라북도 김제시 청하면,중상사고,0,1,0,0,차량단독 - 공작물충돌,안전운전불이행,건조,맑음,단일로 - 기타,승용,남,24세,상해없음,,,,
2017120800100072,2017년 12월 8일 02시,금요일,전라북도 전주시 완산구 중화산동2가,경상사고,0,0,1,0,차대차 - 측면충돌,중앙선침범,건조,맑음,단일로 - 기타,승용,남,30세,상해없음,승용,남,56세,경상
2017120800100082,2017년 12월 8일 03시,금요일,전라북도 정읍시 하북동,중상사고,0,1,0,0,차대차 - 추돌,안전운전불이행,건조,흐림,단일로 - 기타,승용,남,29세,기타불명,화물,남,35세,상해없음
2017120800100089,2017년 12월 8일 04시,금요일,전라북도 전주시 완산구 중화산동1가,중상사고,0,2,0,0,차대차 - 측면충돌,안전운전불이행,건조,맑음,단일로 - 기타,승용,남,36세,상해없음,승용,남,55세,중상
2017120800100096,2017년 12월 8일 05시,금요일,전라북도 전주시 덕진구 인후동1가,경상사고,0,0,1,0,차대사람 - 차도통행중,안전운전불이행,건조,맑음,단일로 - 기타,기타불명,기타불명,미분류,기타불명,보행자,남,73세,경상
2017120800100144,2017년 12월 8일 07시,금요일,전라북도 군산시 나운동,중상사고,0,1,0,0,차대사람 - 기타,안전운전불이행,건조,맑음,단일로 - 기타,승용,남,55세,상해없음,보행자,여,66세,중상
2017120800100177,2017년 12월 8일 08시,금요일,전라북도 익산시 팔봉동,경상사고,0,0,1,0,차대차 - 측면충돌,신호위반,건조,맑음,교차로 - 교차로안,승용,남,22세,상해없음,승용,남,54세,경상
2017120800100178,2017년 12월 8일 08시,금요일,전라북도 익산시 삼기면,중상사고,0,1,0,0,차대차 - 측면충돌,신호위반,건조,맑음,교차로 - 교차로안,건설기계,남,46세,상해없음,승용,여,45세,중상
2017120800100179,2017년 12월 8일 08시,금요일,전라북도 고창군 해리면,중상사고,0,1,0,0,차대사람 - 기타,안전운전불이행,적설,눈,교차로 - 교차로부근,승합,여,46세,상해없음,보행자,여,74세,중상
2017120800100221,2017년 12월 8일 09시,금요일,전라북도 고창군 아산면,중상사고,0,1,2,0,차대차 - 정면충돌,중앙선침범,적설,눈,단일로 - 기타,승용,남,33세,중상,승용,남,55세,경상
2017120800100260,2017년 12월 8일 10시,금요일,전라북도 익산시 오산면,중상사고,0,1,0,0,차대사람 - 횡단중,신호위반,건조,맑음,교차로 - 교차로안,화물,남,39세,상해없음,보행자,남,61세,중상
2017120800100286,2017년 12월 8일 11시,금요일,전라북도 전주시 완산구 삼천동1가,경상사고,0,0,1,0,차대사람 - 횡단중,보행자보호의무위반,건조,맑음,교차로 - 교차로안,승용,남,74세,상해없음,보행자,남,62세,경상
2017120800100370,2017년 12월 8일 14시,금요일,전라북도 전주시 완산구 효자동1가,경상사고,0,0,2,0,차대차 - 추돌,안전거리미확보,건조,맑음,단일로 - 기타,승용,남,39세,상해없음,승용,남,44세,경상
2017120800100439,2017년 12월 8일 16시,금요일,전라북도 정읍시 상동,중상사고,0,1,1,0,차대차 - 추돌,안전운전불이행,건조,맑음,단일로 - 기타,승용,여,36세,상해없음,승용,여,44세,경상
2017120800100440,2017년 12월 8일 16시,금요일,전라북도 남원시 운봉읍,중상사고,0,1,0,0,차대차 - 측면충돌,안전운전불이행,건조,맑음,교차로 - 교차로안,승용,여,61세,상해없음,화물,남,70세,상해없음
2017120800100487,2017년 12월 8일 17시,금요일,전라북도 전주시 완산구 중노송동,경상사고,0,0,1,0,차대차 - 측면충돌,교차로운행방법위반,건조,맑음,교차로 - 교차로안,화물,남,63세,상해없음,승용,남,33세,경상
2017120800100488,2017년 12월 8일 17시,금요일,전라북도 전주시 덕진구 덕진동2가,경상사고,0,0,1,0,차대차 - 측면충돌,안전운전불이행,건조,맑음,교차로 - 교차로안,이륜,남,53세,상해없음,승용,남,35세,상해없음
2017120800100489,2017년 12월 8일 17시,금요일,전라북도 군산시 내흥동,중상사고,0,2,0,0,차대차 - 기타,신호위반,건조,맑음,교차로 - 교차로안,승용,남,33세,상해없음,승용,남,35세,중상
2017120800100545,2017년 12월 8일 18시,금요일,전라북도 전주시 덕진구 송천동2가,중상사고,0,1,0,0,차대사람 - 횡단중,보행자보호의무위반,건조,맑음,교차로 - 교차로횡단보도내,화물,남,27세,상해없음,보행자,남,60세,중상
2017120800100546,2017년 12월 8일 18시,금요일,전라북도 익산시 영등동,경상사고,0,0,1,0,차대차 - 측면충돌,신호위반,건조,맑음,교차로 - 교차로안,승용,남,51세,상해없음,이륜,남,28세,경상
2017120800100547,2017년 12월 8일 18시,금요일,전라북도 익산시 목천동,경상사고,0,0,2,0,차대차 - 측면충돌,신호위반,건조,맑음,교차로 - 교차로안,화물,남,71세,상해없음,승용,남,28세,경상
2017120800100548,2017년 12월 8일 18시,금요일,전라북도 부안군 행안면,중상사고,0,1,0,0,차대사람 - 횡단중,보행자보호의무위반,건조,맑음,교차로 - 교차로횡단보도내,승용,남,30세,기타불명,보행자,여,76세,중상
2017120800100549,2017년 12월 8일 18시,금요일,전라북도 부안군 변산면,경상사고,0,0,2,0,차대차 - 추돌,안전운전불이행,건조,맑음,교차로 - 교차로부근,화물,남,60세,기타불명,승용,여,43세,경상
2017120800100600,2017년 12월 8일 19시,금요일,전라북도 전주시 완산구 평화동2가,경상사고,0,0,1,0,차대사람 - 횡단중,보행자보호의무위반,건조,맑음,교차로 - 교차로안,승용,여,34세,상해없음,보행자,여,61세,경상
2017120800100601,2017년 12월 8일 19시,금요일,전라북도 전주시 덕진구 덕진동2가,경상사고,0,0,1,0,차대차 - 추돌,안전운전불이행,건조,맑음,단일로 - 기타,승용,남,28세,상해없음,승용,남,52세,경상
2017120800100602,2017년 12월 8일 19시,금요일,전라북도 김제시 요촌동,경상사고,0,0,2,0,차대사람 - 차도통행중,안전운전불이행,건조,맑음,교차로 - 교차로안,승용,여,34세,상해없음,보행자,여,18세,경상
2017120800100603,2017년 12월 8일 19시,금요일,전라북도 남원시 운봉읍,경상사고,0,0,1,0,차대사람 - 차도통행중,안전운전불이행,건조,맑음,단일로 - 기타,화물,남,58세,상해없음,보행자,여,14세,경상
2017120800100604,2017년 12월 8일 19시,금요일,전라북도 무주군 무주읍,경상사고,0,0,2,0,차대차 - 기타,안전운전불이행,건조,맑음,단일로 - 기타,화물,남,30세,상해없음,승용,여,35세,경상
2017120800100642,2017년 12월 8일 20시,금요일,전라북도 전주시 덕진구 금암동,중상사고,0,1,0,0,차대사람 - 횡단중,보행자보호의무위반,건조,맑음,단일로 - 기타,승용,여,42세,상해없음,보행자,여,33세,중상
2017120800100695,2017년 12월 8일 22시,금요일,전라북도 익산시 부송동,경상사고,0,0,1,0,차대차 - 추돌,안전운전불이행,건조,맑음,단일로 - 기타,승용,남,34세,기타불명,승용,남,28세,경상
2017120900100037,2017년 12월 9일 00시,토요일,전라북도 정읍시 이평면,사망사고,1,0,0,0,차대사람 - 횡단중,안전운전불이행,건조,맑음,기타 - 기타,승용,남,41세,상해없음,보행자,남,24세,사망
2017120900100065,2017년 12월 9일 01시,토요일,전라북도 전주시 덕진구 송천동2가,중상사고,0,1,0,0,차대차 - 정면충돌,중앙선침범,건조,맑음,단일로 - 기타,승용,남,20세,상해없음,이륜,남,17세,중상
2017120900100141,2017년 12월 9일 06시,토요일,전라북도 정읍시 연지동,경상사고,0,0,4,0,차대차 - 측면충돌,직진우회전진행방해,건조,맑음,교차로 - 교차로안,화물,여,61세,경상,화물,남,58세,경상
2017120900100142,2017년 12월 9일 06시,토요일,전라북도 순창군 순창읍,사망사고,1,0,0,0,차대사람 - 기타,안전운전불이행,건조,흐림,단일로 - 기타,승용,남,41세,상해없음,보행자,남,64세,사망
2017120900100218,2017년 12월 9일 10시,토요일,전라북도 남원시 이백면,경상사고,0,0,1,0,차대차 - 기타,직진우회전진행방해,건조,맑음,교차로 - 교차로안,화물,남,44세,상해없음,화물,남,49세,경상
2017120900100219,2017년 12월 9일 10시,토요일,전라북도 남원시 이백면,경상사고,0,0,1,0,차대차 - 기타,안전거리미확보,서리/결빙,눈,단일로 - 기타,승합,남,44세,상해없음,승용,여,60세,경상
2017120900100220,2017년 12월 9일 10시,토요일,전라북도 부안군 상서면,경상사고,0,0,1,0,차량단독 - 공작물충돌,안전운전불이행,건조,맑음,교차로 - 교차로부근,건설기계,남,58세,경상,,,,
2017120900100284,2017년 12월 9일 12시,토요일,전라북도 군산시 미장동,경상사고,0,0,1,0,차대차 - 측면충돌,신호위반,건조,맑음,교차로 - 교차로안,승용,남,62세,상해없음,승용,남,39세,경상
2017120900100327,2017년 12월 9일 13시,토요일,전라북도 군산시 평화동,중상사고,0,1,0,0,차대사람 - 기타,안전운전불이행,건조,맑음,교차로 - 교차로부근,화물,남,62세,상해없음,보행자,여,59세,중상
2017120900100366,2017년 12월 9일 14시,토요일,전라북도 정읍시 수성동,경상사고,0,0,2,0,차대차 - 측면충돌,신호위반,젖음/습기,흐림,교차로 - 교차로안,승용,여,37세,상해없음,승용,남,62세,상해없음
2017120900100452,2017년 12월 9일 17시,토요일,전라북도 군산시 나운동,경상사고,0,0,1,0,차대차 - 추돌,안전거리미확보,건조,맑음,단일로 - 기타,승용,남,50세,상해없음,승용,남,57세,경상
2017120900100516,2017년 12월 9일 18시,토요일,전라북도 전주시 덕진구 산정동,중상사고,0,1,1,0,차대차 - 추돌,안전운전불이행,건조,맑음,단일로 - 기타,승용,여,68세,상해없음,승용,여,58세,중상
2017120900100517,2017년 12월 9일 18시,토요일,전라북도 정읍시 시기동,중상사고,0,1,4,0,차대차 - 측면충돌,직진우회전진행방해,건조,흐림,교차로 - 교차로안,승용,남,51세,경상,승용,남,66세,경상
2017120900100518,2017년 12월 9일 18시,토요일,전라북도 임실군 임실읍,경상사고,0,0,2,0,차대차 - 측면충돌,안전운전불이행,건조,맑음,교차로 - 교차로안,승용,남,45세,상해없음,승용,남,40세,경상
2017120900100568,2017년 12월 9일 19시,토요일,전라북도 전주시 덕진구 우아동3가,경상사고,0,0,1,0,차대사람 - 횡단중,보행자보호의무위반,건조,흐림,단일로 - 기타,기타불명,기타불명,미분류,기타불명,보행자,남,38세,경상
2017120900100597,2017년 12월 9일 20시,토요일,전라북도 전주시 덕진구 덕진동1가,경상사고,0,0,3,0,차대차 - 추돌,안전운전불이행,건조,맑음,교차로 - 교차로부근,승용,남,60세,상해없음,승용,남,35세,경상
2017120900100598,2017년 12월 9일 20시,토요일,전라북도 익산시 인화동2가,경상사고,0,0,1,0,차대사람 - 차도통행중,안전운전불이행,건조,맑음,단일로 - 기타,승용,남,53세,상해없음,보행자,남,52세,경상
2017120900100635,2017년 12월 9일 21시,토요일,전라북도 익산시 왕궁면,사망사고,1,0,0,0,차대사람 - 횡단중,보행자보호의무위반,건조,맑음,교차로 - 교차로횡단보도내,승용,남,52세,상해없음,보행자,남,71세,사망
2017120900100661,2017년 12월 9일 22시,토요일,전라북도 정읍시 상동,경상사고,0,0,1,0,차대차 - 측면충돌,신호위반,건조,흐림,교차로 - 교차로안,승용,남,66세,상해없음,승합,남,50세,경상
2017121000100054,2017년 12월 10일 01시,일요일,전라북도 전주시 완산구 효자동3가,경상사고,0,0,1,0,차대차 - 측면충돌,안전거리미확보,건조,맑음,단일로 - 기타,승용,남,35세,상해없음,승용,남,19세,경상
2017121000100055,2017년 12월 10일 01시,일요일,전라북도 익산시 신동,경상사고,0,0,2,0,차대차 - 측면충돌,중앙선침범,건조,맑음,단일로 - 기타,승용,남,59세,상해없음,승용,남,18세,상해없음
2017121000100095,2017년 12월 10일 04시,일요일,전라북도 정읍시 상동,중상사고,0,1,0,0,차량단독 - 기타,안전운전불이행,건조,흐림,교차로 - 교차로부근,이륜,남,26세,중상,,,,
2017121000100180,2017년 12월 10일 10시,일요일,전라북도 익산시 춘포면,중상사고,0,5,1,0,차대차 - 측면충돌,신호위반,건조,맑음,교차로 - 교차로안,승용,남,28세,상해없음,승합,남,70세,경상
2017121000100199,2017년 12월 10일 11시,일요일,전라북도 정읍시 신태인읍,중상사고,0,1,0,0,차대차 - 기타,안전운전불이행,건조,맑음,교차로 - 교차로부근,화물,남,47세,상해없음,이륜,남,71세,중상
2017121000100200,2017년 12월 10일 11시,일요일,전라북도 정읍시 시기동,경상사고,0,0,1,0,차대차 - 측면충돌,신호위반,젖음/습기,비,교차로 - 교차로안,승용,여,42세,상해없음,승용,여,56세,경상
2017121000100264,2017년 12월 10일 14시,일요일,전라북도 정읍시 수성동,경상사고,0,0,1,0,차대차 - 측면충돌,직진우회전진행방해,건조,흐림,교차로 - 교차로안,승용,남,57세,상해없음,이륜,남,20세,경상
2017121000100340,2017년 12월 10일 17시,일요일,전라북도 고창군 아산면,중상사고,0,1,0,0,차대차 - 측면충돌,안전거리미확보,건조,흐림,단일로 - 기타,승용,남,68세,상해없음,승용,남,52세,중상
2017121000100379,2017년 12월 10일 18시,일요일,전라북도 전주시 완산구 중화산동2가,경상사고,0,0,1,0,차대차 - 기타,안전운전불이행,건조,맑음,교차로 - 교차로안,기타불명,기타불명,미분류,기타불명,이륜,남,19세,경상
2017121000100380,2017년 12월 10일 18시,일요일,전라북도 전주시 덕진구 진북동,경상사고,0,0,3,0,차대차 - 추돌,안전운전불이행,건조,맑음,단일로 - 기타,승용,남,59세,상해없음,승용,남,35세,경상
2017121000100381,2017년 12월 10일 18시,일요일,전라북도 군산시 나운동,경상사고,0,0,1,0,차대차 - 기타,기타,건조,맑음,단일로 - 기타,승용,남,34세,상해없음,자전거,남,35세,경상
2017121000100405,2017년 12월 10일 19시,일요일,전라북도 군산시 수송동,중상사고,0,1,0,0,차대사람 - 차도통행중,안전운전불이행,건조,맑음,교차로 - 교차로안,승용,여,28세,상해없음,보행자,여,76세,중상
2017121000100432,2017년 12월 10일 20시,일요일,전라북도 전주시 완산구 효자동2가,중상사고,0,2,2,0,차대차 - 측면충돌,신호위반,건조,맑음,교차로 - 교차로안,승용,남,64세,상해없음,승용,남,49세,경상
2017121100100028,2017년 12월 11일 01시,월요일,전라북도 군산시 미룡동,경상사고,0,0,1,2,차대차 - 측면충돌,신호위반,건조,맑음,교차로 - 교차로안,승용,남,34세,상해없음,승용,남,70세,경상
2017121100100036,2017년 12월 11일 02시,월요일,전라북도 전주시 완산구 서노송동,경상사고,0,0,2,0,차대차 - 측면충돌,신호위반,건조,맑음,교차로 - 교차로안,승용,남,23세,상해없음,승용,남,28세,경상
2017121100100049,2017년 12월 11일 05시,월요일,전라북도 익산시 남중동,중상사고,0,1,0,0,차대차 - 측면충돌,신호위반,건조,맑음,교차로 - 교차로안,승용,남,46세,상해없음,화물,남,70세,중상
2017121100100058,2017년 12월 11일 06시,월요일,전라북도 전주시 덕진구 덕진동1가,경상사고,0,0,1,0,차대차 - 추돌,안전운전불이행,건조,맑음,단일로 - 기타,승용,남,60세,상해없음,승용,남,44세,경상
2017121100100075,2017년 12월 11일 07시,월요일,전라북도 전주시 완산구 서신동,경상사고,0,0,2,0,차대차 - 측면충돌,신호위반,건조,맑음,교차로 - 교차로안,승용,여,53세,상해없음,승용,남,28세,경상
2017121100100103,2017년 12월 11일 08시,월요일,전라북도 전주시 덕진구 송천동1가,경상사고,0,0,1,0,차대사람 - 차도통행중,안전운전불이행,젖음/습기,눈,단일로 - 기타,승용,여,50세,상해없음,보행자,여,18세,경상
2017121100100104,2017년 12월 11일 08시,월요일,전라북도 군산시 서수면,경상사고,0,0,2,0,차대차 - 기타,안전운전불이행,서리/결빙,눈,단일로 - 기타,승용,남,29세,상해없음,승용,남,53세,경상
2017121100100105,2017년 12월 11일 08시,월요일,전라북도 김제시 순동,중상사고,0,2,0,0,차대차 - 정면충돌,중앙선침범,서리/결빙,눈,단일로 - 기타,승용,여,26세,상해없음,승용,남,57세,중상
2017121100100106,2017년 12월 11일 08시,월요일,전라북도 김제시 백산면,중상사고,0,1,0,0,차대차 - 추돌,안전거리미확보,서리/결빙,눈,교차로 - 교차로부근,승용,남,29세,상해없음,승용,여,52세,중상
2017121100100202,2017년 12월 11일 12시,월요일,전라북도 전주시 완산구 중노송동,중상사고,0,1,5,0,차대차 - 기타,중앙선침범,건조,맑음,단일로 - 기타,승용,남,22세,상해없음,승용,남,57세,중상
2017121100100203,2017년 12월 11일 12시,월요일,전라북도 전주시 덕진구 금암동,경상사고,0,0,3,0,차대차 - 추돌,안전거리미확보,젖음/습기,흐림,교차로 - 교차로부근,화물,남,43세,상해없음,승용,남,62세,경상
2017121100100204,2017년 12월 11일 12시,월요일,전라북도 익산시 영등동,경상사고,0,0,1,0,차대차 - 추돌,안전거리미확보,젖음/습기,흐림,교차로 - 교차로안,승용,남,45세,상해없음,승용,여,58세,경상
2017121100100257,2017년 12월 11일 14시,월요일,전라북도 군산시 경암동,경상사고,0,0,2,0,차대차 - 기타,안전운전불이행,젖음/습기,비,교차로 - 교차로부근,승합,남,43세,상해없음,승용,여,59세,경상
2017121100100296,2017년 12월 11일 15시,월요일,전라북도 전주시 덕진구 인후동2가,경상사고,0,0,1,0,차대사람 - 횡단중,안전운전불이행,건조,맑음,교차로 - 교차로횡단보도내,기타불명,기타불명,미분류,기타불명,보행자,남,14세,경상
2017121100100297,2017년 12월 11일 15시,월요일,전라북도 장수군 계남면,경상사고,0,0,1,0,차대차 - 측면충돌,교차로운행방법위반,젖음/습기,눈,교차로 - 교차로안,건설기계,남,56세,상해없음,승용,남,68세,상해없음
2017121100100330,2017년 12월 11일 16시,월요일,전라북도 순창군 쌍치면,경상사고,0,0,1,0,차대차 - 측면충돌,안전운전불이행,적설,눈,단일로 - 기타,화물,남,63세,기타불명,승용,여,61세,경상
2017121100100331,2017년 12월 11일 16시,월요일,전라북도 완주군 구이면,경상사고,0,0,1,0,차대차 - 추돌,안전거리미확보,적설,눈,단일로 - 기타,승용,남,29세,상해없음,화물,남,53세,상해없음
2017121100100365,2017년 12월 11일 17시,월요일,전라북도 정읍시 신태인읍,중상사고,0,1,0,0,차대차 - 기타,과속,적설,눈,단일로 - 교량,승용,남,39세,중상,승용,남,60세,상해없음
2017121100100405,2017년 12월 11일 18시,월요일,전라북도 전주시 완산구 서신동,경상사고,0,0,2,0,차대차 - 측면충돌,안전운전불이행,젖음/습기,눈,단일로 - 기타,승용,남,45세,경상,승용,남,32세,경상
2017121100100406,2017년 12월 11일 18시,월요일,전라북도 전주시 덕진구 인후동1가,경상사고,0,0,1,0,차대사람 - 횡단중,안전운전불이행,건조,맑음,교차로 - 교차로횡단보도내,기타불명,기타불명,미분류,기타불명,보행자,여,13세,경상
2017121100100439,2017년 12월 11일 19시,월요일,전라북도 전주시 완산구 서노송동,중상사고,0,1,0,0,차대사람 - 횡단중,안전운전불이행,적설,눈,교차로 - 교차로부근,승용,여,49세,상해없음,보행자,남,52세,중상
2017121100100481,2017년 12월 11일 21시,월요일,전라북도 전주시 완산구 효자동2가,경상사고,0,0,2,0,차대차 - 측면충돌,신호위반,서리/결빙,눈,교차로 - 교차로안,승용,남,52세,상해없음,승용,남,58세,경상
2017121100100482,2017년 12월 11일 21시,월요일,전라북도 정읍시 수성동,경상사고,0,0,1,0,차대사람 - 횡단중,보행자보호의무위반,서리/결빙,눈,교차로 - 교차로횡단보도내,승용,여,27세,상해없음,보행자,여,43세,경상
2017121100100483,2017년 12월 11일 21시,월요일,전라북도 완주군 삼례읍,경상사고,0,0,8,0,차대차 - 측면충돌,안전운전불이행,적설,눈,단일로 - 기타,화물,남,50세,경상,승합,남,28세,경상
2017121200100182,2017년 12월 12일 10시,화요일,전라북도 김제시 교동,경상사고,0,0,1,0,차대차 - 기타,안전운전불이행,젖음/습기,기타,단일로 - 기타,승용,여,63세,상해없음,자전거,여,74세,경상
2017121200100213,2017년 12월 12일 11시,화요일,전라북도 부안군 백산면,경상사고,0,0,1,0,차량단독 - 공작물충돌,안전운전불이행,젖음/습기,맑음,단일로 - 기타,화물,남,49세,경상,,,,
2017121200100247,2017년 12월 12일 12시,화요일,전라북도 전주시 완산구 동서학동,경상사고,0,0,3,0,차대차 - 측면충돌,신호위반,건조,맑음,교차로 - 교차로안,승용,남,67세,경상,승용,남,46세,경상
2017121200100333,2017년 12월 12일 15시,화요일,전라북도 전주시 완산구 효자동2가,경상사고,0,0,1,0,차대사람 - 기타,안전운전불이행,건조,맑음,기타 - 기타,승용,남,59세,상해없음,보행자,여,39세,경상
2017121200100334,2017년 12월 12일 15시,화요일,전라북도 익산시 영등동,경상사고,0,0,1,0,차대차 - 기타,중앙선침범,건조,맑음,교차로 - 교차로부근,승합,남,88세,상해없음,승용,남,35세,경상
2017121200100488,2017년 12월 12일 19시,화요일,전라북도 전주시 덕진구 금암동,중상사고,0,1,0,0,차대사람 - 횡단중,신호위반,건조,맑음,단일로 - 기타,이륜,남,19세,상해없음,보행자,여,57세,중상
2017121200100507,2017년 12월 12일 20시,화요일,전라북도 전주시 완산구 평화동2가,중상사고,0,2,1,0,차대차 - 정면충돌,신호위반,건조,맑음,교차로 - 교차로안,승용,남,44세,상해없음,승용,남,69세,중상
2017121200100508,2017년 12월 12일 20시,화요일,전라북도 전주시 덕진구 전미동1가,중상사고,0,1,0,0,차대사람 - 기타,안전운전불이행,건조,맑음,단일로 - 기타,화물,남,62세,상해없음,보행자,여,51세,중상
2017121300100040,2017년 12월 13일 01시,수요일,전라북도 전주시 덕진구 동산동,경상사고,0,0,1,0,차대차 - 추돌,안전운전불이행,건조,기타,단일로 - 기타,승용,남,25세,상해없음,승합,남,61세,기타불명
2017121300100050,2017년 12월 13일 02시,수요일,전라북도 전주시 덕진구 덕진동1가,경상사고,0,0,2,0,차대차 - 측면충돌,신호위반,건조,맑음,교차로 - 교차로안,화물,남,43세,상해없음,승용,여,29세,경상
2017121300100130,2017년 12월 13일 08시,수요일,전라북도 전주시 완산구 삼천동1가,경상사고,0,0,1,0,차대차 - 측면충돌,신호위반,건조,맑음,교차로 - 교차로안,화물,남,55세,상해없음,승용,여,48세,경상
2017121300100131,2017년 12월 13일 08시,수요일,전라북도 군산시 조촌동,중상사고,0,1,0,0,차대사람 - 횡단중,보행자보호의무위반,건조,맑음,교차로 - 교차로안,승합,남,59세,상해없음,보행자,남,8세,중상
2017121300100221,2017년 12월 13일 11시,수요일,전라북도 전주시 완산구 고사동,경상사고,0,0,2,0,차대차 - 추돌,안전운전불이행,건조,맑음,교차로 - 교차로부근,승용,남,50세,상해없음,승용,여,39세,경상
2017121300100222,2017년 12월 13일 11시,수요일,전라북도 무주군 무주읍,경상사고,0,0,1,0,차대차 - 기타,안전운전불이행,건조,맑음,교차로 - 교차로안,화물,남,47세,상해없음,승용,남,28세,상해없음
2017121300100244,2017년 12월 13일 12시,수요일,전라북도 전주시 덕진구 동산동,중상사고,0,1,0,0,차대사람 - 기타,안전운전불이행,건조,맑음,단일로 - 기타,화물,남,41세,상해없음,보행자,여,89세,중상
2017121300100266,2017년 12월 13일 13시,수요일,전라북도 정읍시 소성면,중상사고,0,2,0,0,차대차 - 측면충돌,차로위반,건조,맑음,단일로 - 기타,화물,남,62세,상해없음,화물,남,58세,중상
2017121300100288,2017년 12월 13일 14시,수요일,전라북도 정읍시 수성동,경상사고,0,0,1,0,차대차 - 측면충돌,안전운전불이행,건조,맑음,교차로 - 교차로안,승용,여,44세,상해없음,자전거,남,80세,경상
2017121300100321,2017년 12월 13일 15시,수요일,전라북도 익산시 현영동,경상사고,0,0,1,0,차대차 - 측면충돌,안전거리미확보,건조,맑음,단일로 - 기타,화물,남,55세,상해없음,승용,여,40세,경상
2017121300100322,2017년 12월 13일 15시,수요일,전라북도 부안군 주산면,중상사고,0,1,0,0,차대차 - 측면충돌,안전운전불이행,건조,맑음,단일로 - 기타,승용,남,74세,상해없음,원동기,남,81세,중상
2017121300100410,2017년 12월 13일 17시,수요일,전라북도 전주시 완산구 중화산동2가,경상사고,0,0,1,0,차대차 - 측면충돌,중앙선침범,건조,맑음,교차로 - 교차로부근,승합,남,53세,상해없음,승용,여,39세,경상
2017121300100411,2017년 12월 13일 17시,수요일,전라북도 익산시 갈산동,사망사고,1,0,0,0,차대사람 - 횡단중,보행자보호의무위반,건조,맑음,교차로 - 교차로횡단보도내,승합,남,58세,기타불명,보행자,남,72세,사망
2017121300100412,2017년 12월 13일 17시,수요일,전라북도 순창군 순창읍,경상사고,0,0,2,0,차대차 - 측면충돌,직진우회전진행방해,건조,맑음,교차로 - 교차로안,승용,여,30세,경상,화물,여,49세,경상
2017121300100448,2017년 12월 13일 18시,수요일,전라북도 전주시 완산구 효자동1가,중상사고,0,1,0,0,차대사람 - 횡단중,안전운전불이행,건조,맑음,교차로 - 교차로안,화물,남,60세,상해없음,보행자,남,27세,중상
2017121300100488,2017년 12월 13일 19시,수요일,전라북도 전주시 완산구 중화산동2가,경상사고,0,0,1,0,차대차 - 추돌,안전운전불이행,건조,맑음,단일로 - 기타,승용,남,19세,상해없음,승용,남,34세,경상
2017121300100489,2017년 12월 13일 19시,수요일,전라북도 전주시 덕진구 금암동,경상사고,0,0,1,0,차대차 - 측면충돌,안전거리미확보,건조,맑음,단일로 - 기타,승용,남,66세,상해없음,승용,남,32세,경상
2017121300100544,2017년 12월 13일 21시,수요일,전라북도 전주시 덕진구 금암동,경상사고,0,0,1,0,차대차 - 측면충돌,신호위반,건조,맑음,교차로 - 교차로안,승용,여,33세,상해없음,승용,남,54세,경상
2017121300100573,2017년 12월 13일 22시,수요일,전라북도 전주시 완산구 서신동,경상사고,0,0,3,0,차대차 - 추돌,안전운전불이행,건조,맑음,교차로 - 교차로부근,승용,남,39세,상해없음,승용,여,27세,경상
2017121300100597,2017년 12월 13일 23시,수요일,전라북도 전주시 완산구 고사동,경상사고,0,0,3,0,차대차 - 측면충돌,교차로운행방법위반,건조,맑음,교차로 - 교차로안,승용,남,53세,경상,승용,여,27세,경상
2017121400100071,2017년 12월 14일 03시,목요일,전라북도 김제시 공덕면,사망사고,1,0,0,0,차대차 - 정면충돌,중앙선침범,건조,맑음,단일로 - 기타,승용,남,34세,상해없음,승용,여,39세,사망