사고번호,사고일시,요일,시군구,사고내용,사망자수,중상자수,경상자수,부상신고자수,사고유형,법규위반,노면상태,기상상태,도로형태,가해운전자 차종,가해운전자 성별,가해운전자 연령,가해운전자 상해정도,피해운전자 차종,피해운전자 성별,피해운전자 연령,피해운전자 상해정도
2017121400100078,2017년 12월 14일 04시,목요일,전라북도 전주시 완산구 상림동,중상사고,0,1,1,0,차대차 - 추돌,안전운전불이행,건조,맑음,교차로 - 교차로부근,승용,남,48세,중상,화물,남,59세,경상
2017121400100087,2017년 12월 14일 05시,목요일,전라북도 전주시 덕진구 진북동,사망사고,1,0,0,0,차대차 - 기타,안전운전불이행,건조,맑음,단일로 - 기타,승용,여,51세,기타불명,승합,남,51세,상해없음
2017121400100104,2017년 12월 14일 06시,목요일,전라북도 군산시 조촌동,경상사고,0,0,1,0,차대차 - 측면충돌,신호위반,건조,맑음,교차로 - 교차로안,승용,여,52세,상해없음,승용,남,66세,경상
2017121400100105,2017년 12월 14일 06시,목요일,전라북도 익산시 오산면,경상사고,0,0,1,0,차대차 - 측면충돌,직진우회전진행방해,건조,맑음,교차로 - 교차로안,화물,남,55세,상해없음,건설기계,남,34세,경상
2017121400100175,2017년 12월 14일 08시,목요일,전라북도 전주시 덕진구 덕진동2가,중상사고,0,1,2,0,차대차 - 추돌,안전거리미확보,건조,맑음,단일로 - 기타,승용,남,57세,상해없음,승용,남,57세,경상
2017121400100176,2017년 12월 14일 08시,목요일,전라북도 익산시 목천동,경상사고,0,0,1,0,차대차 - 측면충돌,안전운전불이행,건조,맑음,단일로 - 기타,승용,여,35세,상해없음,승용,남,52세,경상
2017121400100232,2017년 12월 14일 10시,목요일,전라북도 군산시 명산동,중상사고,0,1,0,0,차대사람 - 횡단중,신호위반,건조,맑음,교차로 - 교차로안,승용,남,80세,상해없음,보행자,여,47세,중상
2017121400100259,2017년 12월 14일 11시,목요일,전라북도 전주시 완산구 효자동1가,경상사고,0,0,1,0,차량단독 - 기타,안전운전불이행,건조,맑음,단일로 - 기타,승합,남,49세,상해없음,,,,
2017121400100260,2017년 12월 14일 11시,목요일,전라북도 부안군 계화면,중상사고,0,1,1,0,차대차 - 정면충돌,중앙선침범,건조,맑음,단일로 - 기타,승용,남,54세,경상,화물,남,65세,중상
2017121400100280,2017년 12월 14일 12시,목요일,전라북도 전주시 완산구 효자동3가,중상사고,0,1,1,0,차대차 - 측면충돌,신호위반,건조,맑음,교차로 - 교차로안,이륜,남,40세,중상,승용,여,30세,경상
2017121400100281,2017년 12월 14일 12시,목요일,전라북도 전주시 완산구 평화동1가,중상사고,0,1,0,0,차대차 - 정면충돌,중앙선침범,건조,맑음,단일로 - 기타,승용,남,78세,상해없음,이륜,남,40세,중상
2017121400100282,2017년 12월 14일 12시,목요일,전라북도 전주시 완산구 중화산동2가,경상사고,0,0,2,0,차대차 - 측면충돌,안전운전불이행,건조,맑음,단일로 - 기타,이륜,남,18세,경상,승용,남,64세,경상
2017121400100314,2017년 12월 14일 13시,목요일,전라북도 익산시 남중동,경상사고,0,0,1,0,차대차 - 기타,안전운전불이행,건조,맑음,교차로 - 교차로안,승용,남,61세,상해없음,이륜,남,49세,경상
2017121400100315,2017년 12월 14일 13시,목요일,전라북도 부안군 위도면,경상사고,0,0,2,0,차량단독 - 공작물충돌,안전운전불이행,서리/결빙,맑음,기타 - 기타,화물,남,66세,경상,,,,
2017121400100367,2017년 12월 14일 15시,목요일,전라북도 전주시 덕진구 팔복동1가,경상사고,0,0,1,0,차대차 - 측면충돌,안전운전불이행,건조,맑음,단일로 - 기타,승용,여,23세,상해없음,자전거,남,77세,경상
2017121400100469,2017년 12월 14일 18시,목요일,전라북도 전주시 덕진구 금암동,경상사고,0,0,1,0,차대차 - 측면충돌,직진우회전진행방해,건조,맑음,교차로 - 교차로안,승용,남,52세,상해없음,자전거,남,10세,경상
2017121400100470,2017년 12월 14일 18시,목요일,전라북도 전주시 덕진구 진북동,중상사고,0,1,1,0,차대차 - 측면충돌,중앙선침범,건조,맑음,단일로 - 기타,화물,남,64세,상해없음,승용,남,54세,경상
2017121400100505,2017년 12월 14일 19시,목요일,전라북도 익산시 금마면,경상사고,0,0,1,0,차대차 - 추돌,안전거리미확보,건조,맑음,단일로 - 기타,승용,남,22세,상해없음,승용,여,53세,경상
2017121400100506,2017년 12월 14일 19시,목요일,전라북도 익산시 금마면,중상사고,0,1,0,0,차대차 - 측면충돌,안전운전불이행,건조,맑음,단일로 - 기타,화물,남,63세,상해없음,승용,남,23세,중상
2017121400100507,2017년 12월 14일 19시,목요일,전라북도 익산시 영등동,중상사고,0,1,0,0,차대차 - 기타,중앙선침범,건조,맑음,교차로 - 교차로부근,이륜,남,50세,상해없음,이륜,남,21세,중상
2017121400100556,2017년 12월 14일 21시,목요일,전라북도 정읍시 상동,경상사고,0,0,1,0,차대차 - 기타,안전운전불이행,건조,맑음,교차로 - 교차로안,승용,남,43세,상해없음,자전거,남,45세,경상
2017121400100582,2017년 12월 14일 22시,목요일,전라북도 전주시 완산구 효자동3가,경상사고,0,0,3,0,차대차 - 측면충돌,신호위반,건조,맑음,교차로 - 교차로횡단보도내,승용,남,45세,상해없음,승용,남,26세,경상
2017121500100040,2017년 12월 15일 00시,금요일,전라북도 군산시 소룡동,경상사고,0,0,2,0,차대차 - 기타,안전운전불이행,건조,맑음,교차로 - 교차로안,승용,남,19세,상해없음,승용,남,59세,경상
2017121500100114,2017년 12월 15일 06시,금요일,전라북도 전주시 덕진구 송천동2가,중상사고,0,1,0,0,차대사람 - 횡단중,보행자보호의무위반,건조,맑음,교차로 - 교차로횡단보도내,화물,남,47세,상해없음,보행자,여,57세,중상
2017121500100131,2017년 12월 15일 07시,금요일,전라북도 정읍시 산외면,경상사고,0,0,1,0,차대차 - 측면충돌,직진우회전진행방해,건조,맑음,교차로 - 교차로안,화물,남,44세,상해없음,승용,남,48세,경상
2017121500100156,2017년 12월 15일 08시,금요일,전라북도 전주시 완산구 평화동1가,경상사고,0,0,1,0,차대사람 - 기타,기타,건조,맑음,단일로 - 기타,승합,남,44세,상해없음,보행자,남,81세,경상
2017121500100186,2017년 12월 15일 09시,금요일,전라북도 익산시 함열읍,경상사고,0,0,2,0,차대차 - 측면충돌,안전운전불이행,건조,맑음,교차로 - 교차로부근,화물,남,53세,상해없음,특수,남,44세,상해없음
2017121500100187,2017년 12월 15일 09시,금요일,전라북도 정읍시 시기동,경상사고,0,0,1,0,차량단독 - 공작물충돌,안전운전불이행,건조,맑음,단일로 - 기타,승용,여,63세,경상,,,,
2017121500100188,2017년 12월 15일 09시,금요일,전라북도 무주군 적상면,중상사고,0,2,1,0,차대차 - 측면충돌,신호위반,건조,맑음,교차로 - 교차로안,화물,남,71세,중상,화물,남,50세,중상
2017121500100298,2017년 12월 15일 13시,금요일,전라북도 전주시 덕진구 팔복동3가,경상사고,0,0,1,0,차대차 - 측면충돌,신호위반,건조,맑음,교차로 - 교차로안,화물,남,59세,상해없음,승용,여,43세,경상
2017121500100355,2017년 12월 15일 15시,금요일,전라북도 군산시 대야면,사망사고,1,0,0,0,차대사람 - 기타,안전운전불이행,건조,맑음,단일로 - 기타,화물,남,52세,상해없음,보행자,여,72세,사망
2017121500100386,2017년 12월 15일 16시,금요일,전라북도 전주시 덕진구 인후동1가,경상사고,0,0,1,0,차대차 - 측면충돌,안전운전불이행,건조,맑음,단일로 - 기타,기타불명,기타불명,미분류,기타불명,승용,여,45세,상해없음
2017121500100387,2017년 12월 15일 16시,금요일,전라북도 정읍시 태인면,경상사고,0,0,1,0,차대차 - 측면충돌,안전운전불이행,건조,맑음,교차로 - 교차로부근,승용,여,37세,상해없음,승용,남,47세,상해없음
2017121500100479,2017년 12월 15일 18시,금요일,전라북도 군산시 내초동,중상사고,0,1,1,0,차대차 - 기타,차로위반,건조,맑음,단일로 - 기타,화물,남,58세,상해없음,승용,남,39세,중상
2017121500100508,2017년 12월 15일 19시,금요일,전라북도 군산시 소룡동,사망사고,1,0,1,0,차대차 - 기타,안전운전불이행,건조,맑음,단일로 - 기타,승용,남,26세,사망,화물,남,38세,경상
2017121500100545,2017년 12월 15일 20시,금요일,전라북도 익산시 영등동,중상사고,0,1,0,0,차대사람 - 횡단중,안전운전불이행,건조,맑음,단일로 - 기타,화물,남,61세,상해없음,보행자,남,62세,중상
2017121600100051,2017년 12월 16일 00시,토요일,전라북도 전주시 덕진구 장동,경상사고,0,0,1,0,차대차 - 추돌,안전운전불이행,건조,맑음,교차로 - 교차로부근,승용,남,53세,상해없음,승용,남,49세,경상
2017121600100095,2017년 12월 16일 02시,토요일,전라북도 전주시 덕진구 금암동,경상사고,0,0,1,0,차대차 - 측면충돌,신호위반,건조,맑음,교차로 - 교차로안,승용,남,37세,상해없음,승용,남,60세,경상
2017121600100096,2017년 12월 16일 02시,토요일,전라북도 전주시 덕진구 우아동2가,경상사고,0,0,1,0,차대사람 - 횡단중,보행자보호의무위반,건조,맑음,교차로 - 교차로횡단보도내,승용,남,32세,상해없음,보행자,남,50세,경상
2017121600100113,2017년 12월 16일 03시,토요일,전라북도 익산시 목천동,중상사고,0,2,0,0,차대차 - 측면충돌,안전운전불이행,건조,맑음,단일로 - 기타,승용,남,42세,중상,승용,남,29세,중상
2017121600100282,2017년 12월 16일 12시,토요일,전라북도 군산시 나운동,경상사고,0,0,1,0,차대차 - 측면충돌,안전운전불이행,건조,맑음,기타 - 기타,승용,남,40세,상해없음,자전거,여,70세,경상
2017121600100283,2017년 12월 16일 12시,토요일,전라북도 익산시 영등동,경상사고,0,0,1,0,차대차 - 측면충돌,안전운전불이행,건조,맑음,교차로 - 교차로안,승용,여,40세,상해없음,자전거,남,69세,경상
2017121600100313,2017년 12월 16일 13시,토요일,전라북도 무주군 설천면,경상사고,0,0,2,0,차대차 - 측면충돌,안전운전불이행,젖음/습기,흐림,단일로 - 기타,승용,여,45세,상해없음,승용,남,37세,경상
2017121600100385,2017년 12월 16일 15시,토요일,전라북도 전주시 덕진구 우아동1가,경상사고,0,0,1,0,차대차 - 추돌,안전운전불이행,건조,맑음,단일로 - 기타,승용,여,39세,상해없음,승용,남,59세,경상
2017121600100386,2017년 12월 16일 15시,토요일,전라북도 김제시 금구면,경상사고,0,0,2,0,차대차 - 추돌,안전운전불이행,건조,맑음,교차로 - 교차로부근,승용,남,64세,상해없음,승용,여,49세,경상
2017121600100464,2017년 12월 16일 17시,토요일,전라북도 익산시 영등동,경상사고,0,0,4,0,차대차 - 추돌,안전거리미확보,건조,맑음,단일로 - 기타,이륜,남,25세,상해없음,승합,남,40세,상해없음
2017121600100496,2017년 12월 16일 18시,토요일,전라북도 전주시 덕진구 금암동,경상사고,0,0,1,0,차대차 - 측면충돌,안전운전불이행,건조,맑음,단일로 - 기타,기타불명,기타불명,미분류,기타불명,승용,여,38세,경상
2017121600100497,2017년 12월 16일 18시,토요일,전라북도 전주시 덕진구 덕진동1가,경상사고,0,0,1,0,차대사람 - 기타,안전운전불이행,건조,맑음,단일로 - 기타,승용,남,22세,상해없음,보행자,남,56세,경상
2017121600100498,2017년 12월 16일 18시,토요일,전라북도 군산시 수송동,경상사고,0,0,2,0,차대차 - 추돌,안전운전불이행,건조,맑음,단일로 - 기타,승용,남,37세,상해없음,승용,남,26세,경상
2017121600100499,2017년 12월 16일 18시,토요일,전라북도 김제시 요촌동,경상사고,0,0,2,0,차대차 - 측면충돌,교차로운행방법위반,건조,맑음,교차로 - 교차로안,승용,남,53세,상해없음,승용,여,36세,경상
2017121600100530,2017년 12월 16일 19시,토요일,전라북도 익산시 모현동2가,중상사고,0,1,0,0,차대사람 - 횡단중,보행자보호의무위반,건조,맑음,교차로 - 교차로횡단보도내,승용,여,47세,상해없음,보행자,여,65세,중상
2017121600100531,2017년 12월 16일 19시,토요일,전라북도 정읍시 수성동,경상사고,0,0,1,0,차대차 - 측면충돌,신호위반,적설,눈,교차로 - 교차로부근,자전거,남,46세,경상,화물,남,45세,상해없음
2017121600100615,2017년 12월 16일 22시,토요일,전라북도 익산시 어양동,중상사고,0,1,0,0,차대사람 - 횡단중,안전운전불이행,건조,맑음,단일로 - 기타,승합,남,32세,상해없음,보행자,남,43세,중상
2017121700100037,2017년 12월 17일 00시,일요일,전라북도 고창군 고창읍,경상사고,0,0,3,0,차대차 - 정면충돌,안전운전불이행,적설,눈,단일로 - 기타,화물,남,44세,상해없음,승용,남,52세,경상
2017121700100053,2017년 12월 17일 01시,일요일,전라북도 익산시 신동,경상사고,0,0,5,0,차대차 - 측면충돌,직진우회전진행방해,건조,맑음,교차로 - 교차로안,승용,남,59세,상해없음,승용,남,32세,경상
2017121700100077,2017년 12월 17일 02시,일요일,전라북도 전주시 완산구 효자동3가,경상사고,0,0,1,0,차대차 - 추돌,안전거리미확보,건조,맑음,단일로 - 기타,승용,남,61세,상해없음,승용,남,58세,상해없음
2017121700100112,2017년 12월 17일 05시,일요일,전라북도 전주시 완산구 효자동3가,중상사고,0,1,1,0,차대차 - 측면충돌,신호위반,건조,맑음,교차로 - 교차로안,승용,남,30세,상해없음,승용,남,62세,중상
2017121700100157,2017년 12월 17일 09시,일요일,전라북도 부안군 행안면,중상사고,0,4,1,0,차대차 - 측면충돌,안전운전불이행,서리/결빙,맑음,교차로 - 교차로안,승용,남,57세,상해없음,승용,남,52세,중상
2017121700100180,2017년 12월 17일 11시,일요일,전라북도 전주시 덕진구 여의동,경상사고,0,0,3,0,차대차 - 측면충돌,신호위반,건조,맑음,교차로 - 교차로안,승용,여,24세,경상,승용,남,58세,경상
2017121700100194,2017년 12월 17일 12시,일요일,전라북도 전주시 완산구 서신동,경상사고,0,0,1,0,차대차 - 기타,안전운전불이행,건조,맑음,기타 - 기타,승용,남,49세,상해없음,승용,남,48세,경상
2017121700100195,2017년 12월 17일 12시,일요일,전라북도 김제시 공덕면,경상사고,0,0,1,0,차대차 - 측면충돌,신호위반,건조,맑음,교차로 - 교차로안,화물,남,52세,상해없음,승용,남,34세,경상
2017121700100227,2017년 12월 17일 13시,일요일,전라북도 정읍시 연지동,경상사고,0,0,3,0,차대차 - 측면충돌,신호위반,건조,맑음,교차로 - 교차로안,승용,여,42세,경상,화물,남,55세,경상
2017121700100364,2017년 12월 17일 18시,일요일,전라북도 완주군 이서면,경상사고,0,0,1,0,차대차 - 기타,안전거리미확보,건조,맑음,교차로 - 교차로안,기타불명,기타불명,미분류,기타불명,승용,남,53세,경상
2017121700100399,2017년 12월 17일 19시,일요일,전라북도 전주시 완산구 평화동2가,중상사고,0,1,0,0,차대차 - 측면충돌,중앙선침범,건조,맑음,단일로 - 기타,승용,남,51세,상해없음,이륜,남,36세,중상
2017121700100400,2017년 12월 17일 19시,일요일,전라북도 무주군 무주읍,중상사고,0,1,0,0,차대사람 - 횡단중,보행자보호의무위반,건조,맑음,단일로 - 기타,이륜,남,54세,상해없음,보행자,남,8세,중상
2017121800100064,2017년 12월 18일 05시,월요일,전라북도 익산시 신흥동,중상사고,0,1,0,0,차대차 - 정면충돌,안전운전불이행,건조,맑음,교차로 - 교차로안,승용,남,67세,상해없음,승용,남,56세,중상
2017121800100148,2017년 12월 18일 08시,월요일,전라북도 김제시 공덕면,경상사고,0,0,1,0,차대차 - 측면충돌,안전거리미확보,건조,맑음,단일로 - 기타,승용,남,58세,경상,건설기계,남,56세,상해없음
2017121800100180,2017년 12월 18일 09시,월요일,전라북도 김제시 연정동,중상사고,0,1,1,0,차대차 - 추돌,안전운전불이행,건조,맑음,교차로 - 교차로부근,화물,남,71세,기타불명,화물,남,52세,중상
2017121800100181,2017년 12월 18일 09시,월요일,전라북도 장수군 장수읍,중상사고,0,1,0,0,차대차 - 정면충돌,중앙선침범,건조,맑음,단일로 - 기타,화물,남,61세,중상,승합,남,35세,상해없음
2017121800100219,2017년 12월 18일 10시,월요일,전라북도 정읍시 수성동,경상사고,0,0,1,0,차대사람 - 기타,안전운전불이행,젖음/습기,흐림,교차로 - 교차로안,승용,남,43세,상해없음,보행자,여,62세,경상
2017121800100240,2017년 12월 18일 11시,월요일,전라북도 익산시 모현동1가,경상사고,0,0,1,0,차대사람 - 횡단중,안전운전불이행,건조,맑음,교차로 - 교차로횡단보도내,승용,남,65세,상해없음,보행자,남,59세,경상
2017121800100266,2017년 12월 18일 12시,월요일,전라북도 전주시 완산구 효자동2가,경상사고,0,0,2,0,차대차 - 측면충돌,중앙선침범,건조,맑음,교차로 - 교차로부근,승용,여,51세,상해없음,승용,남,68세,경상
2017121800100267,2017년 12월 18일 12시,월요일,전라북도 전주시 완산구 삼천동1가,경상사고,0,0,1,0,차대차 - 측면충돌,직진우회전진행방해,건조,맑음,교차로 - 교차로안,승용,여,51세,상해없음,승용,남,51세,경상
2017121800100268,2017년 12월 18일 12시,월요일,전라북도 남원시 천거동,경상사고,0,0,4,0,차대차 - 측면충돌,안전운전불이행,건조,맑음,기타 - 기타,승용,남,66세,상해없음,승용,남,77세,경상
2017121800100298,2017년 12월 18일 13시,월요일,전라북도 익산시 모현동1가,경상사고,0,0,1,0,차대차 - 측면충돌,신호위반,건조,맑음,교차로 - 교차로안,승용,남,55세,상해없음,자전거,남,83세,경상
2017121800100349,2017년 12월 18일 15시,월요일,전라북도 전주시 덕진구 덕진동1가,경상사고,0,0,1,0,차대차 - 측면충돌,안전운전불이행,건조,맑음,교차로 - 교차로부근,기타불명,기타불명,미분류,기타불명,승용,여,45세,경상
2017121800100350,2017년 12월 18일 15시,월요일,전라북도 익산시 모현동1가,경상사고,0,0,3,0,차대차 - 측면충돌,직진우회전진행방해,건조,맑음,교차로 - 교차로안,승용,여,71세,경상,승용,여,45세,경상
2017121800100351,2017년 12월 18일 15시,월요일,전라북도 익산시 어양동,경상사고,0,0,2,0,차대사람 - 횡단중,보행자보호의무위반,건조,맑음,교차로 - 교차로횡단보도내,승합,남,62세,상해없음,보행자,여,60세,경상
2017121800100377,2017년 12월 18일 16시,월요일,전라북도 김제시 요촌동,경상사고,0,0,1,0,차대차 - 측면충돌,안전거리미확보,건조,맑음,교차로 - 교차로안,화물,여,60세,상해없음,자전거,여,74세,경상
2017121800100401,2017년 12월 18일 17시,월요일,전라북도 전주시 완산구 삼천동1가,중상사고,0,1,0,0,차대사람 - 횡단중,안전운전불이행,건조,맑음,교차로 - 교차로부근,승용,남,33세,상해없음,보행자,남,46세,중상
2017121800100402,2017년 12월 18일 17시,월요일,전라북도 익산시 영등동,경상사고,0,0,1,0,차대차 - 측면충돌,직진우회전진행방해,건조,맑음,교차로 - 교차로안,승용,남,41세,상해없음,화물,남,40세,경상
2017121800100403,2017년 12월 18일 17시,월요일,전라북도 장수군 장계면,중상사고,0,1,0,0,차대사람 - 횡단중,안전운전불이행,건조,맑음,교차로 - 교차로안,화물,남,65세,상해없음,보행자,남,84세,중상
2017121800100459,2017년 12월 18일 18시,월요일,전라북도 정읍시 상동,경상사고,0,0,1,0,차대차 - 측면충돌,신호위반,건조,흐림,교차로 - 교차로안,화물,남,42세,상해없음,이륜,남,19세,경상
2017121800100460,2017년 12월 18일 18시,월요일,전라북도 김제시 요촌동,경상사고,0,0,1,0,차대차 - 측면충돌,불법유턴,건조,맑음,교차로 - 교차로안,승용,남,52세,상해없음,이륜,남,30세,경상
2017121800100461,2017년 12월 18일 18시,월요일,전라북도 완주군 비봉면,경상사고,0,0,1,0,차대사람 - 길가장자리구역통행중,기타,건조,맑음,단일로 - 기타,승용,남,78세,상해없음,보행자,남,45세,경상
2017121800100497,2017년 12월 18일 19시,월요일,전라북도 군산시 조촌동,중상사고,0,1,1,0,차대차 - 기타,안전운전불이행,건조,흐림,교차로 - 교차로부근,이륜,남,33세,경상,승합,남,62세,상해없음
2017121800100527,2017년 12월 18일 20시,월요일,전라북도 전주시 덕진구 반월동,중상사고,0,1,0,0,차대차 - 기타,불법유턴,건조,맑음,교차로 - 교차로안,승용,남,55세,상해없음,이륜,남,17세,중상
2017121800100528,2017년 12월 18일 20시,월요일,전라북도 군산시 수송동,중상사고,0,1,0,0,차대차 - 기타,안전운전불이행,건조,맑음,단일로 - 기타,승용,여,41세,상해없음,승용,남,67세,중상
2017121800100529,2017년 12월 18일 20시,월요일,전라북도 김제시 금구면,경상사고,0,0,1,1,차대차 - 추돌,안전운전불이행,건조,맑음,단일로 - 기타,화물,남,60세,상해없음,승용,남,21세,경상
2017121800100551,2017년 12월 18일 21시,월요일,전라북도 익산시 신용동,중상사고,0,1,0,0,차대차 - 정면충돌,중앙선침범,건조,맑음,단일로 - 기타,승용,남,56세,상해없음,승용,남,48세,중상
2017121800100552,2017년 12월 18일 21시,월요일,전라북도 익산시 마동,중상사고,0,1,0,0,차대사람 - 횡단중,안전운전불이행,건조,맑음,단일로 - 기타,승용,남,54세,상해없음,보행자,남,52세,중상
2017121800100574,2017년 12월 18일 22시,월요일,전라북도 전주시 완산구 중화산동2가,경상사고,0,0,2,0,차대차 - 기타,안전운전불이행,건조,맑음,단일로 - 기타,승용,남,50세,상해없음,승용,남,34세,경상
2017121800100593,2017년 12월 18일 23시,월요일,전라북도 군산시 중앙로3가,중상사고,0,1,0,0,차대사람 - 횡단중,안전운전불이행,건조,흐림,단일로 - 기타,승용,남,66세,상해없음,보행자,여,76세,중상
2017121900100036,2017년 12월 19일 00시,화요일,전라북도 전주시 덕진구 덕진동1가,경상사고,0,0,1,0,차대차 - 정면충돌,신호위반,건조,맑음,교차로 - 교차로안,승용,여,48세,상해없음,승용,남,57세,경상
2017121900100051,2017년 12월 19일 02시,화요일,전라북도 전주시 완산구 태평동,경상사고,0,0,2,0,차대차 - 추돌,신호위반,건조,맑음,교차로 - 교차로안,화물,남,49세,경상,승용,여,47세,경상
2017121900100052,2017년 12월 19일 02시,화요일,전라북도 전주시 덕진구 덕진동2가,중상사고,0,2,0,0,차대차 - 측면충돌,신호위반,건조,맑음,교차로 - 교차로안,승용,남,53세,상해없음,승용,남,68세,중상
2017121900100065,2017년 12월 19일 04시,화요일,전라북도 군산시 임피면,사망사고,1,0,0,0,차량단독 - 공작물충돌,안전운전불이행,건조,맑음,단일로 - 기타,승용,남,33세,사망,,,,
2017121900100142,2017년 12월 19일 09시,화요일,전라북도 군산시 개정면,경상사고,0,0,1,0,차대차 - 기타,안전운전불이행,서리/결빙,흐림,단일로 - 기타,승용,여,38세,상해없음,승용,남,32세,경상
2017121900100143,2017년 12월 19일 09시,화요일,전라북도 완주군 봉동읍,중상사고,0,1,0,0,차대차 - 측면충돌,신호위반,서리/결빙,흐림,교차로 - 교차로안,화물,남,43세,상해없음,승용,여,38세,중상
2017121900100193,2017년 12월 19일 11시,화요일,전라북도 완주군 비봉면,사망사고,1,0,0,0,차량단독 - 도로외이탈 - 추락,안전운전불이행,젖음/습기,흐림,단일로 - 기타,화물,남,69세,사망,,,,
2017121900100219,2017년 12월 19일 12시,화요일,전라북도 전주시 완산구 다가동4가,경상사고,0,0,1,0,차대사람 - 차도통행중,안전운전불이행,건조,맑음,기타 - 기타,화물,남,60세,기타불명,보행자,여,18세,경상
2017121900100220,2017년 12월 19일 12시,화요일,전라북도 순창군 순창읍,중상사고,0,1,1,0,차대차 - 측면충돌,안전운전불이행,건조,맑음,교차로 - 교차로안,승용,여,43세,경상,화물,남,60세,중상
2017121900100246,2017년 12월 19일 13시,화요일,전라북도 군산시 산북동,중상사고,0,1,0,0,차대사람 - 횡단중,보행자보호의무위반,건조,맑음,교차로 - 교차로횡단보도내,화물,남,66세,상해없음,보행자,여,67세,중상
2017121900100247,2017년 12월 19일 13시,화요일,전라북도 정읍시 수성동,중상사고,0,1,0,0,차대차 - 측면충돌,불법유턴,건조,맑음,단일로 - 기타,승용,남,29세,상해없음,원동기,남,39세,중상
2017121900100276,2017년 12월 19일 14시,화요일,전라북도 정읍시 신태인읍,경상사고,0,0,1,0,차대차 - 측면충돌,중앙선침범,건조,맑음,단일로 - 기타,승용,여,57세,상해없음,화물,남,34세,경상
2017121900100277,2017년 12월 19일 14시,화요일,전라북도 김제시 신풍동,중상사고,0,1,0,0,차대사람 - 보도통행중,보행자보호의무위반,건조,맑음,단일로 - 기타,화물,남,35세,상해없음,보행자,여,7세,중상
2017121900100357,2017년 12월 19일 16시,화요일,전라북도 전주시 덕진구 진북동,경상사고,0,0,3,0,차대차 - 추돌,안전운전불이행,건조,맑음,단일로 - 터널,승용,남,58세,상해없음,승용,남,64세,경상
2017121900100358,2017년 12월 19일 16시,화요일,전라북도 부안군 행안면,사망사고,1,0,0,0,차량단독 - 전도전복,안전운전불이행,건조,흐림,교차로 - 교차로안,화물,남,87세,사망,미분류,미분류,미분류,미분류
2017121900100437,2017년 12월 19일 18시,화요일,전라북도 전주시 완산구 효자동1가,중상사고,0,1,0,0,차대사람 - 횡단중,보행자보호의무위반,건조,맑음,교차로 - 교차로횡단보도내,승용,남,62세,상해없음,보행자,여,59세,중상
2017121900100438,2017년 12월 19일 18시,화요일,전라북도 전주시 덕진구 덕진동1가,중상사고,0,1,0,0,차대사람 - 횡단중,안전운전불이행,건조,맑음,교차로 - 교차로부근,화물,남,62세,상해없음,보행자,여,53세,중상
2017121900100439,2017년 12월 19일 18시,화요일,전라북도 군산시 수송동,경상사고,0,0,1,0,차대사람 - 기타,안전운전불이행,건조,맑음,교차로 - 교차로안,승용,남,54세,상해없음,보행자,여,17세,경상
2017121900100478,2017년 12월 19일 19시,화요일,전라북도 전주시 덕진구 덕진동2가,경상사고,0,0,1,0,차대차 - 추돌,안전거리미확보,건조,맑음,교차로 - 교차로부근,승용,남,57세,상해없음,승용,남,54세,경상
2017121900100479,2017년 12월 19일 19시,화요일,전라북도 익산시 남중동,경상사고,0,0,1,0,차대차 - 추돌,안전거리미확보,건조,맑음,교차로 - 교차로부근,승용,여,46세,상해없음,이륜,남,60세,경상
2017121900100480,2017년 12월 19일 19시,화요일,전라북도 정읍시 상동,경상사고,0,0,2,0,차대차 - 추돌,안전운전불이행,건조,맑음,단일로 - 기타,승용,남,61세,상해없음,승용,여,25세,경상
2017121900100567,2017년 12월 19일 22시,화요일,전라북도 김제시 신풍동,경상사고,0,0,2,0,차대차 - 측면충돌,직진우회전진행방해,건조,맑음,교차로 - 교차로안,이륜,남,17세,경상,승용,남,22세,경상
2017122000100049,2017년 12월 20일 00시,수요일,전라북도 전주시 완산구 효자동2가,경상사고,0,0,1,0,차대차 - 측면충돌,교차로운행방법위반,건조,맑음,교차로 - 교차로안,기타불명,기타불명,미분류,기타불명,승용,남,50세,경상
2017122000100050,2017년 12월 20일 00시,수요일,전라북도 익산시 부송동,경상사고,0,0,1,0,차대차 - 측면충돌,신호위반,건조,맑음,교차로 - 교차로안,승용,남,24세,상해없음,승용,남,51세,경상
2017122000100117,2017년 12월 20일 06시,수요일,전라북도 익산시 영등동,중상사고,0,1,0,0,차대사람 - 길가장자리구역통행중,안전운전불이행,건조,맑음,단일로 - 기타,화물,남,24세,상해없음,보행자,여,67세,중상
2017122000100133,2017년 12월 20일 07시,수요일,전라북도 전주시 완산구 평화동2가,경상사고,0,0,1,0,차대사람 - 기타,기타,건조,맑음,단일로 - 기타,승합,남,51세,상해없음,보행자,여,57세,경상
2017122000100167,2017년 12월 20일 08시,수요일,전라북도 부안군 줄포면,중상사고,0,1,0,0,차대차 - 측면충돌,교차로운행방법위반,건조,맑음,교차로 - 교차로안,승용,남,50세,상해없음,승용,남,38세,중상